8.8783 	DEBUG 	Fullscreen settings ignored as running in pilot mode.
8.8803 	INFO 	Loaded monitor calibration from ['2025_10_15 07:39']
9.7038 	INFO 	Using renderer 'Intel(R) UHD Graphics 620' for graphics
9.7039 	INFO 	OpenGL version supported by driver is 4..
10.1921 	EXP 	Created window1 = Window(allowGUI=False, allowStencil=False, autoLog=True, backendConf=UNKNOWN, backgroundFit=<method-wrapper '__getattribute__' of attributeSetter object at 0x000001F7E1F16980>, backgroundImage=<method-wrapper '__getattribute__' of attributeSetter object at 0x000001F7E1F16920>, bitsMode=UNKNOWN, blendMode='avg', bpc=(8, 8, 8), color=array([0.9216, 0.9216, 0.9216]), colorSpace='rgb', depthBits=8, fullscr=False, gamma=None, gammaErrorPolicy='raise', infoMsg=UNKNOWN, lms=UNKNOWN, monitor=<psychopy.monitors.calibTools.Monitor object at 0x000001F7E1FDDD80>, multiSample=False, name='window1', numSamples=2, pos=[np.float64(1520.0), np.float64(780.0)], screen=0, size=array([800, 600]), stencilBits=0, stereo=False, title='PsychoPy', units='height', useFBO=True, useRetina=False, viewOri=0.0, viewPos=None, viewScale=None, waitBlanking=True, winType='pyglet')
10.1922 	EXP 	window1: backgroundImage = ''
10.1922 	EXP 	window1: backgroundFit = 'none'
10.2820 	DEBUG 	TextBox2 loaded 1 chars with 0 blanks and 1 valid
10.3444 	DEBUG 	TextBox2 loaded 1 chars with 0 blanks and 1 valid
10.4072 	DEBUG 	TextBox2 loaded 1 chars with 0 blanks and 1 valid
10.5091 	DEBUG 	TextBox2 loaded 1 chars with 0 blanks and 1 valid
10.5557 	DEBUG 	TextBox2 loaded 1 chars with 0 blanks and 1 valid
10.6112 	DEBUG 	TextBox2 loaded 1 chars with 0 blanks and 1 valid
10.6456 	DEBUG 	TextBox2 loaded 1 chars with 0 blanks and 1 valid
10.6754 	DEBUG 	TextBox2 loaded 1 chars with 0 blanks and 1 valid
10.7052 	DEBUG 	TextBox2 loaded 1 chars with 0 blanks and 1 valid
10.7366 	DEBUG 	TextBox2 loaded 1 chars with 0 blanks and 1 valid
10.7673 	DEBUG 	TextBox2 loaded 1 chars with 0 blanks and 1 valid
10.7968 	DEBUG 	TextBox2 loaded 1 chars with 0 blanks and 1 valid
10.8234 	DEBUG 	TextBox2 loaded 1 chars with 0 blanks and 1 valid
10.8492 	DEBUG 	TextBox2 loaded 1 chars with 0 blanks and 1 valid
10.8763 	DEBUG 	TextBox2 loaded 1 chars with 0 blanks and 1 valid
10.9134 	DEBUG 	TextBox2 loaded 1 chars with 0 blanks and 1 valid
10.9482 	DEBUG 	TextBox2 loaded 1 chars with 0 blanks and 1 valid
10.9814 	DEBUG 	TextBox2 loaded 1 chars with 0 blanks and 1 valid
11.0275 	DEBUG 	TextBox2 loaded 1 chars with 0 blanks and 1 valid
11.0756 	DEBUG 	TextBox2 loaded 1 chars with 0 blanks and 1 valid
11.1132 	DEBUG 	TextBox2 loaded 1 chars with 0 blanks and 1 valid
11.1144 	DEBUG 	Uploading Texture Font fontname to graphics card
11.1421 	DEBUG 	Upload of Texture Font fontname complete
11.2134 	DEBUG 	TextBox2 loaded 1 chars with 0 blanks and 1 valid
11.2492 	DEBUG 	TextBox2 loaded 1 chars with 0 blanks and 1 valid
11.2824 	DEBUG 	TextBox2 loaded 1 chars with 0 blanks and 1 valid
11.2834 	DEBUG 	Uploading Texture Font fontname to graphics card
11.3086 	DEBUG 	Upload of Texture Font fontname complete
11.3159 	EXP 	window1: Attempting to measure frame rate of screen (0) ...
11.3160 	EXP 	window1: recordFrameIntervals = False
11.5282 	EXP 	window1: recordFrameIntervals = True
11.7758 	EXP 	Screen (0) actual frame rate measured at 61.01Hz
11.7759 	EXP 	window1: recordFrameIntervals = False
11.8355 	DEBUG 	TextBox2 loaded 1 chars with 0 blanks and 1 valid
11.8645 	DEBUG 	TextBox2 loaded 1 chars with 0 blanks and 1 valid
11.8878 	DEBUG 	TextBox2 loaded 1 chars with 0 blanks and 1 valid
11.9128 	DEBUG 	TextBox2 loaded 1 chars with 0 blanks and 1 valid
11.9377 	DEBUG 	TextBox2 loaded 1 chars with 0 blanks and 1 valid
11.9655 	DEBUG 	TextBox2 loaded 1 chars with 0 blanks and 1 valid
11.9867 	DEBUG 	TextBox2 loaded 1 chars with 0 blanks and 1 valid
12.0177 	DEBUG 	TextBox2 loaded 1 chars with 0 blanks and 1 valid
12.0402 	DEBUG 	TextBox2 loaded 1 chars with 0 blanks and 1 valid
12.0639 	DEBUG 	TextBox2 loaded 1 chars with 0 blanks and 1 valid
12.0645 	DEBUG 	Uploading Texture Font fontname to graphics card
12.0879 	DEBUG 	Upload of Texture Font fontname complete
12.3221 	INFO 	keyboard.Keyboard is using ptb backend.
12.3223 	INFO 	keyboard.Keyboard is using ptb backend.
12.3225 	INFO 	keyboard.Keyboard is using ptb backend.
12.3227 	INFO 	keyboard.Keyboard is using ptb backend.
12.3227 	EXP 	SentenceDecisionTaskWhole: status = STARTED
12.5475 	EXP 	Created InstructionText = TextStim(__class__=<class 'psychopy.visual.text.TextStim'>, alignHoriz=method-wrapper(...), alignText='center', alignVert=method-wrapper(...), anchorHoriz='center', anchorVert='center', antialias=True, autoDraw=False, autoLog=True, bold=False, color=array([-1., -1., -1.]), colorSpace='rgb', contrast=1.0, depth=-2.0, draggable=False, flipHoriz=False, flipVert=False, font='Arial', fontFiles=[], height=np.float64(0.03), italic=False, languageStyle='LTR', name='InstructionText', opacity=1, ori=0.0, pos=array([0., 0.]), rgb=UNKNOWN, text=str(...), units='height', win=Window(...), wrapWidth=1.0)
12.5496 	EXP 	Created StimuliText = TextStim(__class__=<class 'psychopy.visual.text.TextStim'>, alignHoriz=method-wrapper(...), alignText='center', alignVert=method-wrapper(...), anchorHoriz='center', anchorVert='center', antialias=True, autoDraw=False, autoLog=True, bold=False, color=array([-1., -1., -1.]), colorSpace='rgb', contrast=1.0, depth=0.0, draggable=False, flipHoriz=False, flipVert=False, font='Arial', fontFiles=[], height=0.05, italic=False, languageStyle='LTR', name='StimuliText', opacity=1, ori=0.0, pos=array([0., 0.]), rgb=UNKNOWN, text='', units='height', win=Window(...), wrapWidth=1)
12.5518 	EXP 	Created LeftResponseInstruction = TextStim(__class__=<class 'psychopy.visual.text.TextStim'>, alignHoriz=method-wrapper(...), alignText='center', alignVert=method-wrapper(...), anchorHoriz='center', anchorVert='center', antialias=True, autoDraw=False, autoLog=True, bold=False, color=array([-1., -1., -1.]), colorSpace='rgb', contrast=1.0, depth=-1.0, draggable=False, flipHoriz=False, flipVert=False, font='Arial', fontFiles=[], height=0.035, italic=False, languageStyle='LTR', name='LeftResponseInstruction', opacity=1, ori=0.0, pos=array([-0.4, -0.3]), rgb=UNKNOWN, text='', units='height', win=Window(...), wrapWidth=1)
12.5634 	EXP 	Created rightResponseInstruction = TextStim(__class__=<class 'psychopy.visual.text.TextStim'>, alignHoriz=method-wrapper(...), alignText='center', alignVert=method-wrapper(...), anchorHoriz='center', anchorVert='center', antialias=True, autoDraw=False, autoLog=True, bold=False, color=array([-1., -1., -1.]), colorSpace='rgb', contrast=1.0, depth=-2.0, draggable=False, flipHoriz=False, flipVert=False, font='Arial', fontFiles=[], height=np.float64(0.035), italic=False, languageStyle='LTR', name='rightResponseInstruction', opacity=1, ori=0.0, pos=array([ 0.4, -0.3]), rgb=UNKNOWN, text='False', units='height', win=Window(...), wrapWidth=1)
12.5748 	EXP 	Created responsefixationCrossDisplay = TextStim(__class__=<class 'psychopy.visual.text.TextStim'>, alignHoriz=method-wrapper(...), alignText='center', alignVert=method-wrapper(...), anchorHoriz='center', anchorVert='center', antialias=True, autoDraw=False, autoLog=True, bold=False, color=array([-1., -1., -1.]), colorSpace='rgb', contrast=1.0, depth=-4.0, draggable=False, flipHoriz=False, flipVert=False, font='Arial', fontFiles=[], height=np.float64(0.08), italic=False, languageStyle='LTR', name='responsefixationCrossDisplay', opacity=1, ori=0.0, pos=array([0., 0.]), rgb=UNKNOWN, text='+', units='height', win=Window(...), wrapWidth=1)
12.5800 	EXP 	Created text = TextStim(__class__=<class 'psychopy.visual.text.TextStim'>, alignHoriz=method-wrapper(...), alignText='center', alignVert=method-wrapper(...), anchorHoriz='center', anchorVert='center', antialias=True, autoDraw=False, autoLog=True, bold=False, color=array([-1., -1., -1.]), colorSpace='rgb', contrast=1.0, depth=0.0, draggable=False, flipHoriz=False, flipVert=False, font='Arial', fontFiles=[], height=np.float64(0.08), italic=False, languageStyle='LTR', name='text', opacity=1, ori=0.0, pos=array([0., 0.]), rgb=UNKNOWN, text='+', units='height', win=Window(...), wrapWidth=1)
12.6218 	EXP 	Created Instruction_Break = TextStim(__class__=<class 'psychopy.visual.text.TextStim'>, alignHoriz=method-wrapper(...), alignText='center', alignVert=method-wrapper(...), anchorHoriz='center', anchorVert='center', antialias=True, autoDraw=False, autoLog=True, bold=False, color=array([-1., -1., -1.]), colorSpace='rgb', contrast=1.0, depth=0.0, draggable=False, flipHoriz=False, flipVert=False, font='Arial', fontFiles=[], height=np.float64(0.05), italic=False, languageStyle='LTR', name='Instruction_Break', opacity=1, ori=0.0, pos=array([0., 0.]), rgb=UNKNOWN, text=str(...), units='height', win=Window(...), wrapWidth=1)
12.6244 	EXP 	Created blockInstruction = TextStim(__class__=<class 'psychopy.visual.text.TextStim'>, alignHoriz=method-wrapper(...), alignText='center', alignVert=method-wrapper(...), anchorHoriz='center', anchorVert='center', antialias=True, autoDraw=False, autoLog=True, bold=False, color=array([-1., -1., -1.]), colorSpace='rgb', contrast=1.0, depth=0.0, draggable=False, flipHoriz=False, flipVert=False, font='Arial', fontFiles=[], height=0.05, italic=False, languageStyle='LTR', name='blockInstruction', opacity=1, ori=0.0, pos=array([0., 0.]), rgb=UNKNOWN, text='', units='height', win=Window(...), wrapWidth=1)
12.6482 	EXP 	Created Instruction_Exit = TextStim(__class__=<class 'psychopy.visual.text.TextStim'>, alignHoriz=method-wrapper(...), alignText='center', alignVert=method-wrapper(...), anchorHoriz='center', anchorVert='center', antialias=True, autoDraw=False, autoLog=True, bold=False, color=array([-1., -1., -1.]), colorSpace='rgb', contrast=1.0, depth=0.0, draggable=False, flipHoriz=False, flipVert=False, font='Arial', fontFiles=[], height=np.float64(0.05), italic=False, languageStyle='LTR', name='Instruction_Exit', opacity=1, ori=0.0, pos=array([0., 0.]), rgb=UNKNOWN, text=str(...), units='height', win=Window(...), wrapWidth=1)
0.0436 	INFO 	Keyboard events cleared
0.0434 	EXP 	InstructionText: autoDraw = True
1.3616 	EXP 	Device response: <KeyPress from None: t=1.339624999789521, value=space, duration=None>
1.3694 	DEBUG 	Read excel file with openpyxl: experiment_stimuli/chooseBlocks.xlsx
1.3698 	EXP 	Imported experiment_stimuli/chooseBlocks.xlsx as conditions, 10 conditions, 1 params
1.3702 	EXP 	New trial (rep=0, index=0): <Trial 0 (0 in rep 0) data={'condsFile': 'Block9.xlsx', 'thisN': 0, 'thisTrialN': 0, 'thisRepN': 0}>
1.3794 	DEBUG 	Read excel file with openpyxl: experiment_stimuli/Block9.xlsx
1.3814 	EXP 	Imported experiment_stimuli/Block9.xlsx as conditions, 16 conditions, 5 params
1.3819 	EXP 	New trial (rep=0, index=0): <Trial 0 (0 in rep 0) data={'Block': 9, 'Stimuli_Type': 'LiterallyFalse', 'Stimuli': 'The paper flower was a comet.', 'One_subsubj_two_subObj': 1, 'correct_answer': False, 'thisN': 0, 'thisTrialN': 0, 'thisRepN': 0}>
1.3933 	DATA 	Keypress: space
1.4096 	EXP 	InstructionText: autoDraw = False
1.4096 	EXP 	StimuliText: height = np.float64(0.05)
1.4096 	EXP 	StimuliText: height = np.float64(0.05)
1.4096 	EXP 	StimuliText: height = np.float64(0.05)
1.4096 	EXP 	StimuliText: text = 'The paper flower was a comet.'
1.4096 	EXP 	StimuliText: autoDraw = True
1.4096 	EXP 	LeftResponseInstruction: autoDraw = True
1.4096 	EXP 	rightResponseInstruction: autoDraw = True
1.4096 	EXP 	responsefixationCrossDisplay: autoDraw = True
1.4096 	EXP 	responsefixationCrossDisplay: autoDraw = False
1.4273 	EXP 	responsefixationCrossDisplay: autoDraw = False
1.4449 	EXP 	responsefixationCrossDisplay: autoDraw = True
1.4449 	EXP 	responsefixationCrossDisplay: autoDraw = False
1.4609 	EXP 	responsefixationCrossDisplay: autoDraw = False
1.4796 	EXP 	responsefixationCrossDisplay: autoDraw = True
1.4796 	EXP 	responsefixationCrossDisplay: autoDraw = False
1.4948 	EXP 	responsefixationCrossDisplay: autoDraw = False
1.5000 	EXP 	Device response: <KeyPress from None: t=1.339624999789521, value=space, duration=0.15304190013557673>
1.5112 	EXP 	responsefixationCrossDisplay: autoDraw = True
1.5112 	EXP 	responsefixationCrossDisplay: autoDraw = False
1.5280 	EXP 	responsefixationCrossDisplay: autoDraw = False
1.5450 	EXP 	responsefixationCrossDisplay: autoDraw = True
1.5450 	EXP 	responsefixationCrossDisplay: autoDraw = False
1.5622 	EXP 	responsefixationCrossDisplay: autoDraw = False
1.5805 	EXP 	responsefixationCrossDisplay: autoDraw = True
1.5805 	EXP 	responsefixationCrossDisplay: autoDraw = False
1.5947 	EXP 	responsefixationCrossDisplay: autoDraw = False
1.6114 	EXP 	responsefixationCrossDisplay: autoDraw = True
1.6114 	EXP 	responsefixationCrossDisplay: autoDraw = False
1.6285 	EXP 	responsefixationCrossDisplay: autoDraw = False
1.6444 	EXP 	responsefixationCrossDisplay: autoDraw = True
1.6444 	EXP 	responsefixationCrossDisplay: autoDraw = False
1.6636 	EXP 	responsefixationCrossDisplay: autoDraw = False
1.6802 	EXP 	responsefixationCrossDisplay: autoDraw = True
1.6802 	EXP 	responsefixationCrossDisplay: autoDraw = False
1.6954 	EXP 	responsefixationCrossDisplay: autoDraw = False
1.7123 	EXP 	responsefixationCrossDisplay: autoDraw = True
1.7123 	EXP 	responsefixationCrossDisplay: autoDraw = False
1.7303 	EXP 	responsefixationCrossDisplay: autoDraw = False
1.7461 	EXP 	responsefixationCrossDisplay: autoDraw = True
1.7461 	EXP 	responsefixationCrossDisplay: autoDraw = False
1.7620 	EXP 	responsefixationCrossDisplay: autoDraw = False
1.7779 	EXP 	responsefixationCrossDisplay: autoDraw = True
1.7779 	EXP 	responsefixationCrossDisplay: autoDraw = False
1.7968 	EXP 	responsefixationCrossDisplay: autoDraw = False
1.8115 	EXP 	responsefixationCrossDisplay: autoDraw = True
1.8115 	EXP 	responsefixationCrossDisplay: autoDraw = False
1.8281 	EXP 	responsefixationCrossDisplay: autoDraw = False
1.8445 	EXP 	responsefixationCrossDisplay: autoDraw = True
1.8445 	EXP 	responsefixationCrossDisplay: autoDraw = False
1.8629 	EXP 	responsefixationCrossDisplay: autoDraw = False
1.8782 	EXP 	responsefixationCrossDisplay: autoDraw = True
1.8782 	EXP 	responsefixationCrossDisplay: autoDraw = False
1.8944 	EXP 	responsefixationCrossDisplay: autoDraw = False
1.9112 	EXP 	responsefixationCrossDisplay: autoDraw = True
1.9112 	EXP 	responsefixationCrossDisplay: autoDraw = False
1.9287 	EXP 	responsefixationCrossDisplay: autoDraw = False
1.9478 	EXP 	responsefixationCrossDisplay: autoDraw = True
1.9478 	EXP 	responsefixationCrossDisplay: autoDraw = False
1.9638 	EXP 	responsefixationCrossDisplay: autoDraw = False
1.9820 	EXP 	responsefixationCrossDisplay: autoDraw = True
1.9820 	EXP 	responsefixationCrossDisplay: autoDraw = False
1.9969 	EXP 	responsefixationCrossDisplay: autoDraw = False
2.0111 	EXP 	responsefixationCrossDisplay: autoDraw = True
2.0111 	EXP 	responsefixationCrossDisplay: autoDraw = False
2.0281 	EXP 	responsefixationCrossDisplay: autoDraw = False
2.0444 	EXP 	responsefixationCrossDisplay: autoDraw = True
2.0444 	EXP 	responsefixationCrossDisplay: autoDraw = False
2.0633 	EXP 	responsefixationCrossDisplay: autoDraw = False
2.0781 	EXP 	responsefixationCrossDisplay: autoDraw = True
2.0781 	EXP 	responsefixationCrossDisplay: autoDraw = False
2.0948 	EXP 	responsefixationCrossDisplay: autoDraw = False
2.1113 	EXP 	responsefixationCrossDisplay: autoDraw = True
2.1113 	EXP 	responsefixationCrossDisplay: autoDraw = False
2.1283 	EXP 	responsefixationCrossDisplay: autoDraw = False
2.1443 	EXP 	responsefixationCrossDisplay: autoDraw = True
2.1443 	EXP 	responsefixationCrossDisplay: autoDraw = False
2.1609 	EXP 	responsefixationCrossDisplay: autoDraw = False
2.1778 	EXP 	responsefixationCrossDisplay: autoDraw = True
2.1778 	EXP 	responsefixationCrossDisplay: autoDraw = False
2.1946 	EXP 	responsefixationCrossDisplay: autoDraw = False
2.2136 	EXP 	responsefixationCrossDisplay: autoDraw = True
2.2136 	EXP 	responsefixationCrossDisplay: autoDraw = False
2.2283 	EXP 	responsefixationCrossDisplay: autoDraw = False
2.2445 	EXP 	responsefixationCrossDisplay: autoDraw = True
2.2445 	EXP 	responsefixationCrossDisplay: autoDraw = False
2.2614 	EXP 	responsefixationCrossDisplay: autoDraw = False
2.2778 	EXP 	responsefixationCrossDisplay: autoDraw = True
2.2778 	EXP 	responsefixationCrossDisplay: autoDraw = False
2.2942 	EXP 	responsefixationCrossDisplay: autoDraw = False
2.3116 	EXP 	responsefixationCrossDisplay: autoDraw = True
2.3116 	EXP 	responsefixationCrossDisplay: autoDraw = False
2.3281 	EXP 	responsefixationCrossDisplay: autoDraw = False
2.3441 	EXP 	responsefixationCrossDisplay: autoDraw = True
2.3441 	EXP 	responsefixationCrossDisplay: autoDraw = False
2.3636 	EXP 	responsefixationCrossDisplay: autoDraw = False
2.3776 	EXP 	responsefixationCrossDisplay: autoDraw = True
2.3776 	EXP 	responsefixationCrossDisplay: autoDraw = False
2.3945 	EXP 	responsefixationCrossDisplay: autoDraw = False
2.4112 	EXP 	responsefixationCrossDisplay: autoDraw = True
2.4112 	EXP 	responsefixationCrossDisplay: autoDraw = False
2.4283 	EXP 	responsefixationCrossDisplay: autoDraw = False
2.4459 	EXP 	responsefixationCrossDisplay: autoDraw = True
2.4459 	EXP 	responsefixationCrossDisplay: autoDraw = False
2.4619 	EXP 	responsefixationCrossDisplay: autoDraw = False
2.4775 	EXP 	responsefixationCrossDisplay: autoDraw = True
2.4775 	EXP 	responsefixationCrossDisplay: autoDraw = False
2.4950 	EXP 	responsefixationCrossDisplay: autoDraw = False
2.5114 	EXP 	responsefixationCrossDisplay: autoDraw = True
2.5114 	EXP 	responsefixationCrossDisplay: autoDraw = False
2.5275 	EXP 	responsefixationCrossDisplay: autoDraw = False
2.5458 	EXP 	responsefixationCrossDisplay: autoDraw = True
2.5458 	EXP 	responsefixationCrossDisplay: autoDraw = False
2.5621 	EXP 	responsefixationCrossDisplay: autoDraw = False
2.5787 	EXP 	responsefixationCrossDisplay: autoDraw = True
2.5787 	EXP 	responsefixationCrossDisplay: autoDraw = False
2.5944 	EXP 	responsefixationCrossDisplay: autoDraw = False
2.6108 	EXP 	responsefixationCrossDisplay: autoDraw = True
2.6108 	EXP 	responsefixationCrossDisplay: autoDraw = False
2.6274 	EXP 	responsefixationCrossDisplay: autoDraw = False
2.6452 	EXP 	responsefixationCrossDisplay: autoDraw = True
2.6452 	EXP 	responsefixationCrossDisplay: autoDraw = False
2.6635 	EXP 	responsefixationCrossDisplay: autoDraw = False
2.6801 	EXP 	responsefixationCrossDisplay: autoDraw = True
2.6801 	EXP 	responsefixationCrossDisplay: autoDraw = False
2.6953 	EXP 	responsefixationCrossDisplay: autoDraw = False
2.7113 	EXP 	responsefixationCrossDisplay: autoDraw = True
2.7113 	EXP 	responsefixationCrossDisplay: autoDraw = False
2.7286 	EXP 	responsefixationCrossDisplay: autoDraw = False
2.7449 	EXP 	responsefixationCrossDisplay: autoDraw = True
2.7449 	EXP 	responsefixationCrossDisplay: autoDraw = False
2.7612 	EXP 	responsefixationCrossDisplay: autoDraw = False
2.7781 	EXP 	responsefixationCrossDisplay: autoDraw = True
2.7781 	EXP 	responsefixationCrossDisplay: autoDraw = False
2.7944 	EXP 	responsefixationCrossDisplay: autoDraw = False
2.8121 	EXP 	responsefixationCrossDisplay: autoDraw = True
2.8121 	EXP 	responsefixationCrossDisplay: autoDraw = False
2.8291 	EXP 	responsefixationCrossDisplay: autoDraw = False
2.8447 	EXP 	responsefixationCrossDisplay: autoDraw = True
2.8447 	EXP 	responsefixationCrossDisplay: autoDraw = False
2.8613 	EXP 	responsefixationCrossDisplay: autoDraw = False
2.8794 	EXP 	responsefixationCrossDisplay: autoDraw = True
2.8794 	EXP 	responsefixationCrossDisplay: autoDraw = False
2.8946 	EXP 	responsefixationCrossDisplay: autoDraw = False
2.9112 	EXP 	responsefixationCrossDisplay: autoDraw = True
2.9112 	EXP 	responsefixationCrossDisplay: autoDraw = False
2.9282 	EXP 	responsefixationCrossDisplay: autoDraw = False
2.9440 	EXP 	responsefixationCrossDisplay: autoDraw = True
2.9440 	EXP 	responsefixationCrossDisplay: autoDraw = False
2.9613 	EXP 	responsefixationCrossDisplay: autoDraw = False
2.9776 	EXP 	responsefixationCrossDisplay: autoDraw = True
2.9776 	EXP 	responsefixationCrossDisplay: autoDraw = False
2.9959 	EXP 	responsefixationCrossDisplay: autoDraw = False
3.0121 	EXP 	responsefixationCrossDisplay: autoDraw = True
3.0121 	EXP 	responsefixationCrossDisplay: autoDraw = False
3.0276 	EXP 	responsefixationCrossDisplay: autoDraw = False
3.0442 	EXP 	responsefixationCrossDisplay: autoDraw = True
3.0442 	EXP 	responsefixationCrossDisplay: autoDraw = False
3.0608 	EXP 	responsefixationCrossDisplay: autoDraw = False
3.0776 	EXP 	responsefixationCrossDisplay: autoDraw = True
3.0776 	EXP 	responsefixationCrossDisplay: autoDraw = False
3.0950 	EXP 	responsefixationCrossDisplay: autoDraw = False
3.1129 	EXP 	responsefixationCrossDisplay: autoDraw = True
3.1129 	EXP 	responsefixationCrossDisplay: autoDraw = False
3.1275 	EXP 	responsefixationCrossDisplay: autoDraw = False
3.1440 	EXP 	responsefixationCrossDisplay: autoDraw = True
3.1440 	EXP 	responsefixationCrossDisplay: autoDraw = False
3.1620 	EXP 	responsefixationCrossDisplay: autoDraw = False
3.1777 	EXP 	responsefixationCrossDisplay: autoDraw = True
3.1777 	EXP 	responsefixationCrossDisplay: autoDraw = False
3.1950 	EXP 	responsefixationCrossDisplay: autoDraw = False
3.2114 	EXP 	responsefixationCrossDisplay: autoDraw = True
3.2114 	EXP 	responsefixationCrossDisplay: autoDraw = False
3.2278 	EXP 	responsefixationCrossDisplay: autoDraw = False
3.2446 	EXP 	responsefixationCrossDisplay: autoDraw = True
3.2446 	EXP 	responsefixationCrossDisplay: autoDraw = False
3.2608 	EXP 	responsefixationCrossDisplay: autoDraw = False
3.2781 	EXP 	responsefixationCrossDisplay: autoDraw = True
3.2781 	EXP 	responsefixationCrossDisplay: autoDraw = False
3.2944 	EXP 	responsefixationCrossDisplay: autoDraw = False
3.3122 	EXP 	responsefixationCrossDisplay: autoDraw = True
3.3122 	EXP 	responsefixationCrossDisplay: autoDraw = False
3.3275 	EXP 	responsefixationCrossDisplay: autoDraw = False
3.3450 	EXP 	responsefixationCrossDisplay: autoDraw = True
3.3450 	EXP 	responsefixationCrossDisplay: autoDraw = False
3.3614 	EXP 	responsefixationCrossDisplay: autoDraw = False
3.3776 	EXP 	responsefixationCrossDisplay: autoDraw = True
3.3776 	EXP 	responsefixationCrossDisplay: autoDraw = False
3.3958 	EXP 	responsefixationCrossDisplay: autoDraw = False
3.4107 	EXP 	responsefixationCrossDisplay: autoDraw = True
3.4107 	EXP 	responsefixationCrossDisplay: autoDraw = False
3.4278 	EXP 	responsefixationCrossDisplay: autoDraw = False
3.4449 	EXP 	responsefixationCrossDisplay: autoDraw = True
3.4449 	EXP 	responsefixationCrossDisplay: autoDraw = False
3.4607 	EXP 	responsefixationCrossDisplay: autoDraw = False
3.4782 	EXP 	responsefixationCrossDisplay: autoDraw = True
3.4782 	EXP 	responsefixationCrossDisplay: autoDraw = False
3.4949 	EXP 	responsefixationCrossDisplay: autoDraw = False
3.5111 	EXP 	responsefixationCrossDisplay: autoDraw = True
3.5111 	EXP 	responsefixationCrossDisplay: autoDraw = False
3.5283 	EXP 	responsefixationCrossDisplay: autoDraw = False
3.5467 	EXP 	responsefixationCrossDisplay: autoDraw = True
3.5467 	EXP 	responsefixationCrossDisplay: autoDraw = False
3.5612 	EXP 	responsefixationCrossDisplay: autoDraw = False
3.5775 	EXP 	responsefixationCrossDisplay: autoDraw = True
3.5775 	EXP 	responsefixationCrossDisplay: autoDraw = False
3.5961 	EXP 	responsefixationCrossDisplay: autoDraw = False
3.6107 	EXP 	responsefixationCrossDisplay: autoDraw = True
3.6107 	EXP 	responsefixationCrossDisplay: autoDraw = False
3.6273 	EXP 	responsefixationCrossDisplay: autoDraw = False
3.6445 	EXP 	responsefixationCrossDisplay: autoDraw = True
3.6445 	EXP 	responsefixationCrossDisplay: autoDraw = False
3.6614 	EXP 	responsefixationCrossDisplay: autoDraw = False
3.6780 	EXP 	responsefixationCrossDisplay: autoDraw = True
3.6780 	EXP 	responsefixationCrossDisplay: autoDraw = False
3.6945 	EXP 	responsefixationCrossDisplay: autoDraw = False
3.7107 	EXP 	responsefixationCrossDisplay: autoDraw = True
3.7107 	EXP 	responsefixationCrossDisplay: autoDraw = False
3.7272 	EXP 	responsefixationCrossDisplay: autoDraw = False
3.7443 	EXP 	responsefixationCrossDisplay: autoDraw = True
3.7443 	EXP 	responsefixationCrossDisplay: autoDraw = False
3.7614 	EXP 	responsefixationCrossDisplay: autoDraw = False
3.7775 	EXP 	responsefixationCrossDisplay: autoDraw = True
3.7775 	EXP 	responsefixationCrossDisplay: autoDraw = False
3.7821 	DATA 	Mouse: Left button down, pos=(231,215)
3.7960 	EXP 	responsefixationCrossDisplay: autoDraw = False
3.7960 	EXP 	StimuliText: autoDraw = False
3.7960 	EXP 	responsefixationCrossDisplay: autoDraw = True
3.7960 	EXP 	responsefixationCrossDisplay: foreColor = <psychopy.colors.Color: purple, alpha=1.0>
3.8997 	DATA 	Mouse:  Left button up, pos=(231,215)
5.8740 	EXP 	New trial (rep=0, index=1): <Trial 1 (1 in rep 0) data={'Block': 9, 'Stimuli_Type': 'LiterallyFalse', 'Stimuli': 'The calm water was a tornado.', 'One_subsubj_two_subObj': 1, 'correct_answer': False, 'thisN': 1, 'thisTrialN': 1, 'thisRepN': 0}>
5.8965 	EXP 	StimuliText: autoDraw = False
5.8965 	EXP 	LeftResponseInstruction: autoDraw = False
5.8965 	EXP 	rightResponseInstruction: autoDraw = False
5.8965 	EXP 	responsefixationCrossDisplay: autoDraw = False
5.8965 	EXP 	responsefixationCrossDisplay: foreColor = <psychopy.colors.Color: black, alpha=1.0>
5.8965 	EXP 	StimuliText: height = np.float64(0.05)
5.8965 	EXP 	StimuliText: height = np.float64(0.05)
5.8965 	EXP 	StimuliText: height = np.float64(0.05)
5.8965 	EXP 	StimuliText: text = 'The calm water was a tornado.'
5.8965 	EXP 	StimuliText: autoDraw = True
5.8965 	EXP 	LeftResponseInstruction: autoDraw = True
5.8965 	EXP 	rightResponseInstruction: autoDraw = True
5.8965 	EXP 	responsefixationCrossDisplay: autoDraw = True
5.8965 	EXP 	responsefixationCrossDisplay: autoDraw = False
5.9288 	EXP 	responsefixationCrossDisplay: autoDraw = False
5.9628 	EXP 	responsefixationCrossDisplay: autoDraw = True
5.9628 	EXP 	responsefixationCrossDisplay: autoDraw = False
5.9851 	EXP 	responsefixationCrossDisplay: autoDraw = False
6.0149 	EXP 	responsefixationCrossDisplay: autoDraw = True
6.0149 	EXP 	responsefixationCrossDisplay: autoDraw = False
6.0462 	EXP 	responsefixationCrossDisplay: autoDraw = False
6.0613 	EXP 	responsefixationCrossDisplay: autoDraw = True
6.0613 	EXP 	responsefixationCrossDisplay: autoDraw = False
6.0793 	EXP 	responsefixationCrossDisplay: autoDraw = False
6.0970 	EXP 	responsefixationCrossDisplay: autoDraw = True
6.0970 	EXP 	responsefixationCrossDisplay: autoDraw = False
6.1274 	EXP 	responsefixationCrossDisplay: autoDraw = False
6.1455 	EXP 	responsefixationCrossDisplay: autoDraw = True
6.1455 	EXP 	responsefixationCrossDisplay: autoDraw = False
6.1625 	EXP 	responsefixationCrossDisplay: autoDraw = False
6.1792 	EXP 	responsefixationCrossDisplay: autoDraw = True
6.1792 	EXP 	responsefixationCrossDisplay: autoDraw = False
6.1962 	EXP 	responsefixationCrossDisplay: autoDraw = False
6.2134 	EXP 	responsefixationCrossDisplay: autoDraw = True
6.2134 	EXP 	responsefixationCrossDisplay: autoDraw = False
6.2294 	EXP 	responsefixationCrossDisplay: autoDraw = False
6.2472 	EXP 	responsefixationCrossDisplay: autoDraw = True
6.2472 	EXP 	responsefixationCrossDisplay: autoDraw = False
6.2789 	EXP 	responsefixationCrossDisplay: autoDraw = False
6.2953 	EXP 	responsefixationCrossDisplay: autoDraw = True
6.2953 	EXP 	responsefixationCrossDisplay: autoDraw = False
6.3128 	EXP 	responsefixationCrossDisplay: autoDraw = False
6.3450 	EXP 	responsefixationCrossDisplay: autoDraw = True
6.3450 	EXP 	responsefixationCrossDisplay: autoDraw = False
6.3623 	EXP 	responsefixationCrossDisplay: autoDraw = False
6.3795 	EXP 	responsefixationCrossDisplay: autoDraw = True
6.3795 	EXP 	responsefixationCrossDisplay: autoDraw = False
6.4116 	EXP 	responsefixationCrossDisplay: autoDraw = False
6.4291 	EXP 	responsefixationCrossDisplay: autoDraw = True
6.4291 	EXP 	responsefixationCrossDisplay: autoDraw = False
6.4468 	EXP 	responsefixationCrossDisplay: autoDraw = False
6.4766 	EXP 	responsefixationCrossDisplay: autoDraw = True
6.4766 	EXP 	responsefixationCrossDisplay: autoDraw = False
6.4967 	EXP 	responsefixationCrossDisplay: autoDraw = False
6.5103 	EXP 	responsefixationCrossDisplay: autoDraw = True
6.5103 	EXP 	responsefixationCrossDisplay: autoDraw = False
6.5270 	EXP 	responsefixationCrossDisplay: autoDraw = False
6.5436 	EXP 	responsefixationCrossDisplay: autoDraw = True
6.5436 	EXP 	responsefixationCrossDisplay: autoDraw = False
6.5604 	EXP 	responsefixationCrossDisplay: autoDraw = False
6.5769 	EXP 	responsefixationCrossDisplay: autoDraw = True
6.5769 	EXP 	responsefixationCrossDisplay: autoDraw = False
6.5936 	EXP 	responsefixationCrossDisplay: autoDraw = False
6.6102 	EXP 	responsefixationCrossDisplay: autoDraw = True
6.6102 	EXP 	responsefixationCrossDisplay: autoDraw = False
6.6273 	EXP 	responsefixationCrossDisplay: autoDraw = False
6.6439 	EXP 	responsefixationCrossDisplay: autoDraw = True
6.6439 	EXP 	responsefixationCrossDisplay: autoDraw = False
6.6602 	EXP 	responsefixationCrossDisplay: autoDraw = False
6.6769 	EXP 	responsefixationCrossDisplay: autoDraw = True
6.6769 	EXP 	responsefixationCrossDisplay: autoDraw = False
6.6936 	EXP 	responsefixationCrossDisplay: autoDraw = False
6.7101 	EXP 	responsefixationCrossDisplay: autoDraw = True
6.7101 	EXP 	responsefixationCrossDisplay: autoDraw = False
6.7270 	EXP 	responsefixationCrossDisplay: autoDraw = False
6.7440 	EXP 	responsefixationCrossDisplay: autoDraw = True
6.7440 	EXP 	responsefixationCrossDisplay: autoDraw = False
6.7603 	EXP 	responsefixationCrossDisplay: autoDraw = False
6.7772 	EXP 	responsefixationCrossDisplay: autoDraw = True
6.7772 	EXP 	responsefixationCrossDisplay: autoDraw = False
6.7936 	EXP 	responsefixationCrossDisplay: autoDraw = False
6.8109 	EXP 	responsefixationCrossDisplay: autoDraw = True
6.8109 	EXP 	responsefixationCrossDisplay: autoDraw = False
6.8266 	EXP 	responsefixationCrossDisplay: autoDraw = False
6.8433 	EXP 	responsefixationCrossDisplay: autoDraw = True
6.8433 	EXP 	responsefixationCrossDisplay: autoDraw = False
6.8599 	EXP 	responsefixationCrossDisplay: autoDraw = False
6.8766 	EXP 	responsefixationCrossDisplay: autoDraw = True
6.8766 	EXP 	responsefixationCrossDisplay: autoDraw = False
6.8933 	EXP 	responsefixationCrossDisplay: autoDraw = False
6.9100 	EXP 	responsefixationCrossDisplay: autoDraw = True
6.9100 	EXP 	responsefixationCrossDisplay: autoDraw = False
6.9266 	EXP 	responsefixationCrossDisplay: autoDraw = False
6.9432 	EXP 	responsefixationCrossDisplay: autoDraw = True
6.9432 	EXP 	responsefixationCrossDisplay: autoDraw = False
6.9601 	EXP 	responsefixationCrossDisplay: autoDraw = False
6.9777 	EXP 	responsefixationCrossDisplay: autoDraw = True
6.9777 	EXP 	responsefixationCrossDisplay: autoDraw = False
6.9933 	EXP 	responsefixationCrossDisplay: autoDraw = False
7.0098 	EXP 	responsefixationCrossDisplay: autoDraw = True
7.0098 	EXP 	responsefixationCrossDisplay: autoDraw = False
7.0269 	EXP 	responsefixationCrossDisplay: autoDraw = False
7.0436 	EXP 	responsefixationCrossDisplay: autoDraw = True
7.0436 	EXP 	responsefixationCrossDisplay: autoDraw = False
7.0599 	EXP 	responsefixationCrossDisplay: autoDraw = False
7.0766 	EXP 	responsefixationCrossDisplay: autoDraw = True
7.0766 	EXP 	responsefixationCrossDisplay: autoDraw = False
7.0932 	EXP 	responsefixationCrossDisplay: autoDraw = False
7.1099 	EXP 	responsefixationCrossDisplay: autoDraw = True
7.1099 	EXP 	responsefixationCrossDisplay: autoDraw = False
7.1268 	EXP 	responsefixationCrossDisplay: autoDraw = False
7.1433 	EXP 	responsefixationCrossDisplay: autoDraw = True
7.1433 	EXP 	responsefixationCrossDisplay: autoDraw = False
7.1599 	EXP 	responsefixationCrossDisplay: autoDraw = False
7.1766 	EXP 	responsefixationCrossDisplay: autoDraw = True
7.1766 	EXP 	responsefixationCrossDisplay: autoDraw = False
7.1933 	EXP 	responsefixationCrossDisplay: autoDraw = False
7.2100 	EXP 	responsefixationCrossDisplay: autoDraw = True
7.2100 	EXP 	responsefixationCrossDisplay: autoDraw = False
7.2267 	EXP 	responsefixationCrossDisplay: autoDraw = False
7.2432 	EXP 	responsefixationCrossDisplay: autoDraw = True
7.2432 	EXP 	responsefixationCrossDisplay: autoDraw = False
7.2599 	EXP 	responsefixationCrossDisplay: autoDraw = False
7.2765 	EXP 	responsefixationCrossDisplay: autoDraw = True
7.2765 	EXP 	responsefixationCrossDisplay: autoDraw = False
7.2932 	EXP 	responsefixationCrossDisplay: autoDraw = False
7.3100 	EXP 	responsefixationCrossDisplay: autoDraw = True
7.3100 	EXP 	responsefixationCrossDisplay: autoDraw = False
7.3266 	EXP 	responsefixationCrossDisplay: autoDraw = False
7.3433 	EXP 	responsefixationCrossDisplay: autoDraw = True
7.3433 	EXP 	responsefixationCrossDisplay: autoDraw = False
7.3601 	EXP 	responsefixationCrossDisplay: autoDraw = False
7.3767 	EXP 	responsefixationCrossDisplay: autoDraw = True
7.3767 	EXP 	responsefixationCrossDisplay: autoDraw = False
7.3935 	EXP 	responsefixationCrossDisplay: autoDraw = False
7.4099 	EXP 	responsefixationCrossDisplay: autoDraw = True
7.4099 	EXP 	responsefixationCrossDisplay: autoDraw = False
7.4266 	EXP 	responsefixationCrossDisplay: autoDraw = False
7.4433 	EXP 	responsefixationCrossDisplay: autoDraw = True
7.4433 	EXP 	responsefixationCrossDisplay: autoDraw = False
7.4599 	EXP 	responsefixationCrossDisplay: autoDraw = False
7.4768 	EXP 	responsefixationCrossDisplay: autoDraw = True
7.4768 	EXP 	responsefixationCrossDisplay: autoDraw = False
7.4932 	EXP 	responsefixationCrossDisplay: autoDraw = False
7.5099 	EXP 	responsefixationCrossDisplay: autoDraw = True
7.5099 	EXP 	responsefixationCrossDisplay: autoDraw = False
7.5269 	EXP 	responsefixationCrossDisplay: autoDraw = False
7.5432 	EXP 	responsefixationCrossDisplay: autoDraw = True
7.5432 	EXP 	responsefixationCrossDisplay: autoDraw = False
7.5599 	EXP 	responsefixationCrossDisplay: autoDraw = False
7.5766 	EXP 	responsefixationCrossDisplay: autoDraw = True
7.5766 	EXP 	responsefixationCrossDisplay: autoDraw = False
7.5936 	EXP 	responsefixationCrossDisplay: autoDraw = False
7.6100 	EXP 	responsefixationCrossDisplay: autoDraw = True
7.6100 	EXP 	responsefixationCrossDisplay: autoDraw = False
7.6266 	EXP 	responsefixationCrossDisplay: autoDraw = False
7.6433 	EXP 	responsefixationCrossDisplay: autoDraw = True
7.6433 	EXP 	responsefixationCrossDisplay: autoDraw = False
7.6602 	EXP 	responsefixationCrossDisplay: autoDraw = False
7.6765 	EXP 	responsefixationCrossDisplay: autoDraw = True
7.6765 	EXP 	responsefixationCrossDisplay: autoDraw = False
7.6934 	EXP 	responsefixationCrossDisplay: autoDraw = False
7.7123 	EXP 	responsefixationCrossDisplay: autoDraw = True
7.7123 	EXP 	responsefixationCrossDisplay: autoDraw = False
7.7265 	EXP 	responsefixationCrossDisplay: autoDraw = False
7.7432 	EXP 	responsefixationCrossDisplay: autoDraw = True
7.7432 	EXP 	responsefixationCrossDisplay: autoDraw = False
7.7598 	EXP 	responsefixationCrossDisplay: autoDraw = False
7.7766 	EXP 	responsefixationCrossDisplay: autoDraw = True
7.7766 	EXP 	responsefixationCrossDisplay: autoDraw = False
7.7931 	EXP 	responsefixationCrossDisplay: autoDraw = False
7.8101 	EXP 	responsefixationCrossDisplay: autoDraw = True
7.8101 	EXP 	responsefixationCrossDisplay: autoDraw = False
7.8263 	EXP 	responsefixationCrossDisplay: autoDraw = False
7.8431 	EXP 	responsefixationCrossDisplay: autoDraw = True
7.8431 	EXP 	responsefixationCrossDisplay: autoDraw = False
7.8597 	EXP 	responsefixationCrossDisplay: autoDraw = False
7.8765 	EXP 	responsefixationCrossDisplay: autoDraw = True
7.8765 	EXP 	responsefixationCrossDisplay: autoDraw = False
7.8930 	EXP 	responsefixationCrossDisplay: autoDraw = False
7.9110 	EXP 	responsefixationCrossDisplay: autoDraw = True
7.9110 	EXP 	responsefixationCrossDisplay: autoDraw = False
7.9266 	EXP 	responsefixationCrossDisplay: autoDraw = False
7.9430 	EXP 	responsefixationCrossDisplay: autoDraw = True
7.9430 	EXP 	responsefixationCrossDisplay: autoDraw = False
7.9598 	EXP 	responsefixationCrossDisplay: autoDraw = False
7.9658 	DATA 	Mouse: Left button down, pos=(231,215)
7.9763 	EXP 	responsefixationCrossDisplay: autoDraw = True
7.9763 	EXP 	responsefixationCrossDisplay: autoDraw = False
7.9763 	EXP 	StimuliText: autoDraw = False
7.9763 	EXP 	responsefixationCrossDisplay: autoDraw = True
7.9763 	EXP 	responsefixationCrossDisplay: foreColor = <psychopy.colors.Color: purple, alpha=1.0>
8.0647 	DATA 	Mouse:  Left button up, pos=(231,215)
10.3623 	EXP 	New trial (rep=0, index=2): <Trial 2 (2 in rep 0) data={'Block': 9, 'Stimuli_Type': 'Metaphors', 'Stimuli': "The politician's career was a comet.", 'One_subsubj_two_subObj': 'no_change', 'correct_answer': False, 'thisN': 2, 'thisTrialN': 2, 'thisRepN': 0}>
10.3758 	EXP 	StimuliText: autoDraw = False
10.3758 	EXP 	LeftResponseInstruction: autoDraw = False
10.3758 	EXP 	rightResponseInstruction: autoDraw = False
10.3758 	EXP 	responsefixationCrossDisplay: autoDraw = False
10.3758 	EXP 	responsefixationCrossDisplay: foreColor = <psychopy.colors.Color: black, alpha=1.0>
10.3758 	EXP 	StimuliText: height = np.float64(0.05)
10.3758 	EXP 	StimuliText: height = np.float64(0.05)
10.3758 	EXP 	StimuliText: height = np.float64(0.05)
10.3758 	EXP 	StimuliText: text = "The politician's career was a comet."
10.3758 	EXP 	StimuliText: autoDraw = True
10.3758 	EXP 	LeftResponseInstruction: autoDraw = True
10.3758 	EXP 	rightResponseInstruction: autoDraw = True
10.3758 	EXP 	responsefixationCrossDisplay: autoDraw = True
10.3758 	EXP 	responsefixationCrossDisplay: autoDraw = False
10.3925 	EXP 	responsefixationCrossDisplay: autoDraw = False
10.4091 	EXP 	responsefixationCrossDisplay: autoDraw = True
10.4091 	EXP 	responsefixationCrossDisplay: autoDraw = False
10.4258 	EXP 	responsefixationCrossDisplay: autoDraw = False
10.4424 	EXP 	responsefixationCrossDisplay: autoDraw = True
10.4424 	EXP 	responsefixationCrossDisplay: autoDraw = False
10.4592 	EXP 	responsefixationCrossDisplay: autoDraw = False
10.4758 	EXP 	responsefixationCrossDisplay: autoDraw = True
10.4758 	EXP 	responsefixationCrossDisplay: autoDraw = False
10.4926 	EXP 	responsefixationCrossDisplay: autoDraw = False
10.5105 	EXP 	responsefixationCrossDisplay: autoDraw = True
10.5105 	EXP 	responsefixationCrossDisplay: autoDraw = False
10.5259 	EXP 	responsefixationCrossDisplay: autoDraw = False
10.5426 	EXP 	responsefixationCrossDisplay: autoDraw = True
10.5426 	EXP 	responsefixationCrossDisplay: autoDraw = False
10.5593 	EXP 	responsefixationCrossDisplay: autoDraw = False
10.5759 	EXP 	responsefixationCrossDisplay: autoDraw = True
10.5759 	EXP 	responsefixationCrossDisplay: autoDraw = False
10.5925 	EXP 	responsefixationCrossDisplay: autoDraw = False
10.6093 	EXP 	responsefixationCrossDisplay: autoDraw = True
10.6093 	EXP 	responsefixationCrossDisplay: autoDraw = False
10.6260 	EXP 	responsefixationCrossDisplay: autoDraw = False
10.6424 	EXP 	responsefixationCrossDisplay: autoDraw = True
10.6424 	EXP 	responsefixationCrossDisplay: autoDraw = False
10.6592 	EXP 	responsefixationCrossDisplay: autoDraw = False
10.6759 	EXP 	responsefixationCrossDisplay: autoDraw = True
10.6759 	EXP 	responsefixationCrossDisplay: autoDraw = False
10.6925 	EXP 	responsefixationCrossDisplay: autoDraw = False
10.7091 	EXP 	responsefixationCrossDisplay: autoDraw = True
10.7091 	EXP 	responsefixationCrossDisplay: autoDraw = False
10.7258 	EXP 	responsefixationCrossDisplay: autoDraw = False
10.7426 	EXP 	responsefixationCrossDisplay: autoDraw = True
10.7426 	EXP 	responsefixationCrossDisplay: autoDraw = False
10.7592 	EXP 	responsefixationCrossDisplay: autoDraw = False
10.7757 	EXP 	responsefixationCrossDisplay: autoDraw = True
10.7757 	EXP 	responsefixationCrossDisplay: autoDraw = False
10.7924 	EXP 	responsefixationCrossDisplay: autoDraw = False
10.8093 	EXP 	responsefixationCrossDisplay: autoDraw = True
10.8093 	EXP 	responsefixationCrossDisplay: autoDraw = False
10.8266 	EXP 	responsefixationCrossDisplay: autoDraw = False
10.8425 	EXP 	responsefixationCrossDisplay: autoDraw = True
10.8425 	EXP 	responsefixationCrossDisplay: autoDraw = False
10.8592 	EXP 	responsefixationCrossDisplay: autoDraw = False
10.8758 	EXP 	responsefixationCrossDisplay: autoDraw = True
10.8758 	EXP 	responsefixationCrossDisplay: autoDraw = False
10.8925 	EXP 	responsefixationCrossDisplay: autoDraw = False
10.9092 	EXP 	responsefixationCrossDisplay: autoDraw = True
10.9092 	EXP 	responsefixationCrossDisplay: autoDraw = False
10.9258 	EXP 	responsefixationCrossDisplay: autoDraw = False
10.9425 	EXP 	responsefixationCrossDisplay: autoDraw = True
10.9425 	EXP 	responsefixationCrossDisplay: autoDraw = False
10.9591 	EXP 	responsefixationCrossDisplay: autoDraw = False
10.9758 	EXP 	responsefixationCrossDisplay: autoDraw = True
10.9758 	EXP 	responsefixationCrossDisplay: autoDraw = False
10.9925 	EXP 	responsefixationCrossDisplay: autoDraw = False
11.0091 	EXP 	responsefixationCrossDisplay: autoDraw = True
11.0091 	EXP 	responsefixationCrossDisplay: autoDraw = False
11.0258 	EXP 	responsefixationCrossDisplay: autoDraw = False
11.0423 	EXP 	responsefixationCrossDisplay: autoDraw = True
11.0423 	EXP 	responsefixationCrossDisplay: autoDraw = False
11.0590 	EXP 	responsefixationCrossDisplay: autoDraw = False
11.0772 	EXP 	responsefixationCrossDisplay: autoDraw = True
11.0772 	EXP 	responsefixationCrossDisplay: autoDraw = False
11.0924 	EXP 	responsefixationCrossDisplay: autoDraw = False
11.1092 	EXP 	responsefixationCrossDisplay: autoDraw = True
11.1092 	EXP 	responsefixationCrossDisplay: autoDraw = False
11.1257 	EXP 	responsefixationCrossDisplay: autoDraw = False
11.1424 	EXP 	responsefixationCrossDisplay: autoDraw = True
11.1424 	EXP 	responsefixationCrossDisplay: autoDraw = False
11.1591 	EXP 	responsefixationCrossDisplay: autoDraw = False
11.1758 	EXP 	responsefixationCrossDisplay: autoDraw = True
11.1758 	EXP 	responsefixationCrossDisplay: autoDraw = False
11.1924 	EXP 	responsefixationCrossDisplay: autoDraw = False
11.2090 	EXP 	responsefixationCrossDisplay: autoDraw = True
11.2090 	EXP 	responsefixationCrossDisplay: autoDraw = False
11.2257 	EXP 	responsefixationCrossDisplay: autoDraw = False
11.2424 	EXP 	responsefixationCrossDisplay: autoDraw = True
11.2424 	EXP 	responsefixationCrossDisplay: autoDraw = False
11.2591 	EXP 	responsefixationCrossDisplay: autoDraw = False
11.2758 	EXP 	responsefixationCrossDisplay: autoDraw = True
11.2758 	EXP 	responsefixationCrossDisplay: autoDraw = False
11.2923 	EXP 	responsefixationCrossDisplay: autoDraw = False
11.3095 	EXP 	responsefixationCrossDisplay: autoDraw = True
11.3095 	EXP 	responsefixationCrossDisplay: autoDraw = False
11.3266 	EXP 	responsefixationCrossDisplay: autoDraw = False
11.3425 	EXP 	responsefixationCrossDisplay: autoDraw = True
11.3425 	EXP 	responsefixationCrossDisplay: autoDraw = False
11.3591 	EXP 	responsefixationCrossDisplay: autoDraw = False
11.3758 	EXP 	responsefixationCrossDisplay: autoDraw = True
11.3758 	EXP 	responsefixationCrossDisplay: autoDraw = False
11.3924 	EXP 	responsefixationCrossDisplay: autoDraw = False
11.4091 	EXP 	responsefixationCrossDisplay: autoDraw = True
11.4091 	EXP 	responsefixationCrossDisplay: autoDraw = False
11.4258 	EXP 	responsefixationCrossDisplay: autoDraw = False
11.4424 	EXP 	responsefixationCrossDisplay: autoDraw = True
11.4424 	EXP 	responsefixationCrossDisplay: autoDraw = False
11.4591 	EXP 	responsefixationCrossDisplay: autoDraw = False
11.4756 	EXP 	responsefixationCrossDisplay: autoDraw = True
11.4756 	EXP 	responsefixationCrossDisplay: autoDraw = False
11.4924 	EXP 	responsefixationCrossDisplay: autoDraw = False
11.5091 	EXP 	responsefixationCrossDisplay: autoDraw = True
11.5091 	EXP 	responsefixationCrossDisplay: autoDraw = False
11.5261 	EXP 	responsefixationCrossDisplay: autoDraw = False
11.5425 	EXP 	responsefixationCrossDisplay: autoDraw = True
11.5425 	EXP 	responsefixationCrossDisplay: autoDraw = False
11.5591 	EXP 	responsefixationCrossDisplay: autoDraw = False
11.5756 	EXP 	responsefixationCrossDisplay: autoDraw = True
11.5756 	EXP 	responsefixationCrossDisplay: autoDraw = False
11.5925 	EXP 	responsefixationCrossDisplay: autoDraw = False
11.6089 	EXP 	responsefixationCrossDisplay: autoDraw = True
11.6089 	EXP 	responsefixationCrossDisplay: autoDraw = False
11.6257 	EXP 	responsefixationCrossDisplay: autoDraw = False
11.6424 	EXP 	responsefixationCrossDisplay: autoDraw = True
11.6424 	EXP 	responsefixationCrossDisplay: autoDraw = False
11.6592 	EXP 	responsefixationCrossDisplay: autoDraw = False
11.6757 	EXP 	responsefixationCrossDisplay: autoDraw = True
11.6757 	EXP 	responsefixationCrossDisplay: autoDraw = False
11.6924 	EXP 	responsefixationCrossDisplay: autoDraw = False
11.7091 	EXP 	responsefixationCrossDisplay: autoDraw = True
11.7091 	EXP 	responsefixationCrossDisplay: autoDraw = False
11.7258 	EXP 	responsefixationCrossDisplay: autoDraw = False
11.7425 	EXP 	responsefixationCrossDisplay: autoDraw = True
11.7425 	EXP 	responsefixationCrossDisplay: autoDraw = False
11.7591 	EXP 	responsefixationCrossDisplay: autoDraw = False
11.7758 	EXP 	responsefixationCrossDisplay: autoDraw = True
11.7758 	EXP 	responsefixationCrossDisplay: autoDraw = False
11.7924 	EXP 	responsefixationCrossDisplay: autoDraw = False
11.8091 	EXP 	responsefixationCrossDisplay: autoDraw = True
11.8091 	EXP 	responsefixationCrossDisplay: autoDraw = False
11.8749 	EXP 	responsefixationCrossDisplay: autoDraw = False
11.8921 	EXP 	responsefixationCrossDisplay: autoDraw = True
11.8921 	EXP 	responsefixationCrossDisplay: autoDraw = False
11.9090 	EXP 	responsefixationCrossDisplay: autoDraw = False
11.9256 	EXP 	responsefixationCrossDisplay: autoDraw = True
11.9256 	EXP 	responsefixationCrossDisplay: autoDraw = False
11.9422 	EXP 	responsefixationCrossDisplay: autoDraw = False
11.9590 	EXP 	responsefixationCrossDisplay: autoDraw = True
11.9590 	EXP 	responsefixationCrossDisplay: autoDraw = False
11.9757 	EXP 	responsefixationCrossDisplay: autoDraw = False
11.9922 	EXP 	responsefixationCrossDisplay: autoDraw = True
11.9922 	EXP 	responsefixationCrossDisplay: autoDraw = False
12.0088 	EXP 	responsefixationCrossDisplay: autoDraw = False
12.0258 	EXP 	responsefixationCrossDisplay: autoDraw = True
12.0258 	EXP 	responsefixationCrossDisplay: autoDraw = False
12.0425 	EXP 	responsefixationCrossDisplay: autoDraw = False
12.0589 	EXP 	responsefixationCrossDisplay: autoDraw = True
12.0589 	EXP 	responsefixationCrossDisplay: autoDraw = False
12.0756 	EXP 	responsefixationCrossDisplay: autoDraw = False
12.0923 	EXP 	responsefixationCrossDisplay: autoDraw = True
12.0923 	EXP 	responsefixationCrossDisplay: autoDraw = False
12.1090 	EXP 	responsefixationCrossDisplay: autoDraw = False
12.1256 	EXP 	responsefixationCrossDisplay: autoDraw = True
12.1256 	EXP 	responsefixationCrossDisplay: autoDraw = False
12.1447 	EXP 	responsefixationCrossDisplay: autoDraw = False
12.1589 	EXP 	responsefixationCrossDisplay: autoDraw = True
12.1589 	EXP 	responsefixationCrossDisplay: autoDraw = False
12.1759 	EXP 	responsefixationCrossDisplay: autoDraw = False
12.1927 	EXP 	responsefixationCrossDisplay: autoDraw = True
12.1927 	EXP 	responsefixationCrossDisplay: autoDraw = False
12.1986 	DATA 	Mouse: Right button down, pos=(231,215)
12.2090 	EXP 	responsefixationCrossDisplay: autoDraw = False
12.2090 	EXP 	StimuliText: autoDraw = False
12.2090 	EXP 	responsefixationCrossDisplay: autoDraw = True
12.2090 	EXP 	responsefixationCrossDisplay: foreColor = <psychopy.colors.Color: purple, alpha=1.0>
12.2973 	DATA 	Mouse:  Right button up, pos=(231,215)
14.8673 	EXP 	New trial (rep=0, index=3): <Trial 3 (3 in rep 0) data={'Block': 9, 'Stimuli_Type': 'LiterallyTrue', 'Stimuli': "The child's request was a whine.", 'One_subsubj_two_subObj': 'no_change', 'correct_answer': True, 'thisN': 3, 'thisTrialN': 3, 'thisRepN': 0}>
14.9021 	EXP 	StimuliText: autoDraw = False
14.9021 	EXP 	LeftResponseInstruction: autoDraw = False
14.9021 	EXP 	rightResponseInstruction: autoDraw = False
14.9021 	EXP 	responsefixationCrossDisplay: autoDraw = False
14.9021 	EXP 	responsefixationCrossDisplay: foreColor = <psychopy.colors.Color: black, alpha=1.0>
14.9021 	EXP 	StimuliText: height = np.float64(0.05)
14.9021 	EXP 	StimuliText: height = np.float64(0.05)
14.9021 	EXP 	StimuliText: height = np.float64(0.05)
14.9021 	EXP 	StimuliText: text = "The child's request was a whine."
14.9021 	EXP 	StimuliText: autoDraw = True
14.9021 	EXP 	LeftResponseInstruction: autoDraw = True
14.9021 	EXP 	rightResponseInstruction: autoDraw = True
14.9021 	EXP 	responsefixationCrossDisplay: autoDraw = True
14.9021 	EXP 	responsefixationCrossDisplay: autoDraw = False
14.9336 	EXP 	responsefixationCrossDisplay: autoDraw = False
15.0471 	EXP 	responsefixationCrossDisplay: autoDraw = True
15.0471 	EXP 	responsefixationCrossDisplay: autoDraw = False
15.0819 	EXP 	responsefixationCrossDisplay: autoDraw = False
15.1440 	EXP 	responsefixationCrossDisplay: autoDraw = True
15.1440 	EXP 	responsefixationCrossDisplay: autoDraw = False
15.2169 	EXP 	responsefixationCrossDisplay: autoDraw = False
15.2601 	EXP 	responsefixationCrossDisplay: autoDraw = True
15.2601 	EXP 	responsefixationCrossDisplay: autoDraw = False
15.2994 	EXP 	responsefixationCrossDisplay: autoDraw = False
15.3420 	EXP 	responsefixationCrossDisplay: autoDraw = True
15.3420 	EXP 	responsefixationCrossDisplay: autoDraw = False
15.3878 	EXP 	responsefixationCrossDisplay: autoDraw = False
15.4259 	EXP 	responsefixationCrossDisplay: autoDraw = True
15.4259 	EXP 	responsefixationCrossDisplay: autoDraw = False
15.4606 	EXP 	responsefixationCrossDisplay: autoDraw = False
15.5208 	EXP 	responsefixationCrossDisplay: autoDraw = True
15.5208 	EXP 	responsefixationCrossDisplay: autoDraw = False
15.5613 	EXP 	responsefixationCrossDisplay: autoDraw = False
15.6224 	EXP 	responsefixationCrossDisplay: autoDraw = True
15.6224 	EXP 	responsefixationCrossDisplay: autoDraw = False
15.6594 	EXP 	responsefixationCrossDisplay: autoDraw = False
15.7313 	EXP 	responsefixationCrossDisplay: autoDraw = True
15.7313 	EXP 	responsefixationCrossDisplay: autoDraw = False
15.7818 	EXP 	responsefixationCrossDisplay: autoDraw = False
15.8362 	EXP 	responsefixationCrossDisplay: autoDraw = True
15.8362 	EXP 	responsefixationCrossDisplay: autoDraw = False
15.8639 	EXP 	responsefixationCrossDisplay: autoDraw = False
15.8863 	EXP 	responsefixationCrossDisplay: autoDraw = True
15.8863 	EXP 	responsefixationCrossDisplay: autoDraw = False
15.9169 	EXP 	responsefixationCrossDisplay: autoDraw = False
15.9517 	EXP 	responsefixationCrossDisplay: autoDraw = True
15.9517 	EXP 	responsefixationCrossDisplay: autoDraw = False
15.9759 	EXP 	responsefixationCrossDisplay: autoDraw = False
15.9943 	EXP 	responsefixationCrossDisplay: autoDraw = True
15.9943 	EXP 	responsefixationCrossDisplay: autoDraw = False
16.0108 	EXP 	responsefixationCrossDisplay: autoDraw = False
16.0247 	EXP 	responsefixationCrossDisplay: autoDraw = True
16.0247 	EXP 	responsefixationCrossDisplay: autoDraw = False
16.0413 	EXP 	responsefixationCrossDisplay: autoDraw = False
16.0600 	EXP 	responsefixationCrossDisplay: autoDraw = True
16.0600 	EXP 	responsefixationCrossDisplay: autoDraw = False
16.0745 	EXP 	responsefixationCrossDisplay: autoDraw = False
16.0912 	EXP 	responsefixationCrossDisplay: autoDraw = True
16.0912 	EXP 	responsefixationCrossDisplay: autoDraw = False
16.1078 	EXP 	responsefixationCrossDisplay: autoDraw = False
16.1245 	EXP 	responsefixationCrossDisplay: autoDraw = True
16.1245 	EXP 	responsefixationCrossDisplay: autoDraw = False
16.1413 	EXP 	responsefixationCrossDisplay: autoDraw = False
16.1577 	EXP 	responsefixationCrossDisplay: autoDraw = True
16.1577 	EXP 	responsefixationCrossDisplay: autoDraw = False
16.1744 	EXP 	responsefixationCrossDisplay: autoDraw = False
16.1911 	EXP 	responsefixationCrossDisplay: autoDraw = True
16.1911 	EXP 	responsefixationCrossDisplay: autoDraw = False
16.2078 	EXP 	responsefixationCrossDisplay: autoDraw = False
16.2244 	EXP 	responsefixationCrossDisplay: autoDraw = True
16.2244 	EXP 	responsefixationCrossDisplay: autoDraw = False
16.2411 	EXP 	responsefixationCrossDisplay: autoDraw = False
16.2579 	EXP 	responsefixationCrossDisplay: autoDraw = True
16.2579 	EXP 	responsefixationCrossDisplay: autoDraw = False
16.2745 	EXP 	responsefixationCrossDisplay: autoDraw = False
16.2924 	EXP 	responsefixationCrossDisplay: autoDraw = True
16.2924 	EXP 	responsefixationCrossDisplay: autoDraw = False
16.3079 	EXP 	responsefixationCrossDisplay: autoDraw = False
16.3245 	EXP 	responsefixationCrossDisplay: autoDraw = True
16.3245 	EXP 	responsefixationCrossDisplay: autoDraw = False
16.3414 	EXP 	responsefixationCrossDisplay: autoDraw = False
16.3579 	EXP 	responsefixationCrossDisplay: autoDraw = True
16.3579 	EXP 	responsefixationCrossDisplay: autoDraw = False
16.3744 	EXP 	responsefixationCrossDisplay: autoDraw = False
16.3911 	EXP 	responsefixationCrossDisplay: autoDraw = True
16.3911 	EXP 	responsefixationCrossDisplay: autoDraw = False
16.4078 	EXP 	responsefixationCrossDisplay: autoDraw = False
16.4245 	EXP 	responsefixationCrossDisplay: autoDraw = True
16.4245 	EXP 	responsefixationCrossDisplay: autoDraw = False
16.4411 	EXP 	responsefixationCrossDisplay: autoDraw = False
16.4582 	EXP 	responsefixationCrossDisplay: autoDraw = True
16.4582 	EXP 	responsefixationCrossDisplay: autoDraw = False
16.4745 	EXP 	responsefixationCrossDisplay: autoDraw = False
16.4925 	EXP 	responsefixationCrossDisplay: autoDraw = True
16.4925 	EXP 	responsefixationCrossDisplay: autoDraw = False
16.5085 	EXP 	responsefixationCrossDisplay: autoDraw = False
16.5246 	EXP 	responsefixationCrossDisplay: autoDraw = True
16.5246 	EXP 	responsefixationCrossDisplay: autoDraw = False
16.5414 	EXP 	responsefixationCrossDisplay: autoDraw = False
16.5576 	EXP 	responsefixationCrossDisplay: autoDraw = True
16.5576 	EXP 	responsefixationCrossDisplay: autoDraw = False
16.5743 	EXP 	responsefixationCrossDisplay: autoDraw = False
16.5909 	EXP 	responsefixationCrossDisplay: autoDraw = True
16.5909 	EXP 	responsefixationCrossDisplay: autoDraw = False
16.6077 	EXP 	responsefixationCrossDisplay: autoDraw = False
16.6243 	EXP 	responsefixationCrossDisplay: autoDraw = True
16.6243 	EXP 	responsefixationCrossDisplay: autoDraw = False
16.6410 	EXP 	responsefixationCrossDisplay: autoDraw = False
16.6577 	EXP 	responsefixationCrossDisplay: autoDraw = True
16.6577 	EXP 	responsefixationCrossDisplay: autoDraw = False
16.6745 	EXP 	responsefixationCrossDisplay: autoDraw = False
16.6911 	EXP 	responsefixationCrossDisplay: autoDraw = True
16.6911 	EXP 	responsefixationCrossDisplay: autoDraw = False
16.7078 	EXP 	responsefixationCrossDisplay: autoDraw = False
16.7248 	EXP 	responsefixationCrossDisplay: autoDraw = True
16.7248 	EXP 	responsefixationCrossDisplay: autoDraw = False
16.7410 	EXP 	responsefixationCrossDisplay: autoDraw = False
16.7576 	EXP 	responsefixationCrossDisplay: autoDraw = True
16.7576 	EXP 	responsefixationCrossDisplay: autoDraw = False
16.7745 	EXP 	responsefixationCrossDisplay: autoDraw = False
16.7912 	EXP 	responsefixationCrossDisplay: autoDraw = True
16.7912 	EXP 	responsefixationCrossDisplay: autoDraw = False
16.8078 	EXP 	responsefixationCrossDisplay: autoDraw = False
16.8261 	EXP 	responsefixationCrossDisplay: autoDraw = True
16.8261 	EXP 	responsefixationCrossDisplay: autoDraw = False
16.8411 	EXP 	responsefixationCrossDisplay: autoDraw = False
16.8575 	EXP 	responsefixationCrossDisplay: autoDraw = True
16.8575 	EXP 	responsefixationCrossDisplay: autoDraw = False
16.8744 	EXP 	responsefixationCrossDisplay: autoDraw = False
16.8937 	EXP 	responsefixationCrossDisplay: autoDraw = True
16.8937 	EXP 	responsefixationCrossDisplay: autoDraw = False
16.9077 	EXP 	responsefixationCrossDisplay: autoDraw = False
16.9242 	EXP 	responsefixationCrossDisplay: autoDraw = True
16.9242 	EXP 	responsefixationCrossDisplay: autoDraw = False
16.9284 	DATA 	Mouse: Left button down, pos=(231,215)
16.9412 	EXP 	responsefixationCrossDisplay: autoDraw = False
16.9412 	EXP 	StimuliText: autoDraw = False
16.9412 	EXP 	responsefixationCrossDisplay: autoDraw = True
16.9412 	EXP 	responsefixationCrossDisplay: foreColor = <psychopy.colors.Color: purple, alpha=1.0>
17.1016 	DATA 	Mouse:  Left button up, pos=(231,215)
19.3650 	EXP 	New trial (rep=0, index=4): <Trial 4 (4 in rep 0) data={'Block': 9, 'Stimuli_Type': 'Metaphors', 'Stimuli': 'Her chores were a sad tune.', 'One_subsubj_two_subObj': 'no_change', 'correct_answer': False, 'thisN': 4, 'thisTrialN': 4, 'thisRepN': 0}>
19.3922 	EXP 	StimuliText: autoDraw = False
19.3922 	EXP 	LeftResponseInstruction: autoDraw = False
19.3922 	EXP 	rightResponseInstruction: autoDraw = False
19.3922 	EXP 	responsefixationCrossDisplay: autoDraw = False
19.3922 	EXP 	responsefixationCrossDisplay: foreColor = <psychopy.colors.Color: black, alpha=1.0>
19.3922 	EXP 	StimuliText: height = np.float64(0.05)
19.3922 	EXP 	StimuliText: height = np.float64(0.05)
19.3922 	EXP 	StimuliText: height = np.float64(0.05)
19.3922 	EXP 	StimuliText: text = 'Her chores were a sad tune.'
19.3922 	EXP 	StimuliText: autoDraw = True
19.3922 	EXP 	LeftResponseInstruction: autoDraw = True
19.3922 	EXP 	rightResponseInstruction: autoDraw = True
19.3922 	EXP 	responsefixationCrossDisplay: autoDraw = True
19.3922 	EXP 	responsefixationCrossDisplay: autoDraw = False
19.4082 	EXP 	responsefixationCrossDisplay: autoDraw = False
19.4258 	EXP 	responsefixationCrossDisplay: autoDraw = True
19.4258 	EXP 	responsefixationCrossDisplay: autoDraw = False
19.4419 	EXP 	responsefixationCrossDisplay: autoDraw = False
19.4588 	EXP 	responsefixationCrossDisplay: autoDraw = True
19.4588 	EXP 	responsefixationCrossDisplay: autoDraw = False
19.4752 	EXP 	responsefixationCrossDisplay: autoDraw = False
19.4922 	EXP 	responsefixationCrossDisplay: autoDraw = True
19.4922 	EXP 	responsefixationCrossDisplay: autoDraw = False
19.5082 	EXP 	responsefixationCrossDisplay: autoDraw = False
19.5265 	EXP 	responsefixationCrossDisplay: autoDraw = True
19.5265 	EXP 	responsefixationCrossDisplay: autoDraw = False
19.5421 	EXP 	responsefixationCrossDisplay: autoDraw = False
19.5584 	EXP 	responsefixationCrossDisplay: autoDraw = True
19.5584 	EXP 	responsefixationCrossDisplay: autoDraw = False
19.5773 	EXP 	responsefixationCrossDisplay: autoDraw = False
19.5928 	EXP 	responsefixationCrossDisplay: autoDraw = True
19.5928 	EXP 	responsefixationCrossDisplay: autoDraw = False
19.6098 	EXP 	responsefixationCrossDisplay: autoDraw = False
19.6260 	EXP 	responsefixationCrossDisplay: autoDraw = True
19.6260 	EXP 	responsefixationCrossDisplay: autoDraw = False
19.6432 	EXP 	responsefixationCrossDisplay: autoDraw = False
19.6600 	EXP 	responsefixationCrossDisplay: autoDraw = True
19.6600 	EXP 	responsefixationCrossDisplay: autoDraw = False
19.6770 	EXP 	responsefixationCrossDisplay: autoDraw = False
19.7091 	EXP 	responsefixationCrossDisplay: autoDraw = True
19.7091 	EXP 	responsefixationCrossDisplay: autoDraw = False
19.7263 	EXP 	responsefixationCrossDisplay: autoDraw = False
19.7446 	EXP 	responsefixationCrossDisplay: autoDraw = True
19.7446 	EXP 	responsefixationCrossDisplay: autoDraw = False
19.7748 	EXP 	responsefixationCrossDisplay: autoDraw = False
19.7927 	EXP 	responsefixationCrossDisplay: autoDraw = True
19.7927 	EXP 	responsefixationCrossDisplay: autoDraw = False
19.8083 	EXP 	responsefixationCrossDisplay: autoDraw = False
19.8255 	EXP 	responsefixationCrossDisplay: autoDraw = True
19.8255 	EXP 	responsefixationCrossDisplay: autoDraw = False
19.8417 	EXP 	responsefixationCrossDisplay: autoDraw = False
19.8607 	EXP 	responsefixationCrossDisplay: autoDraw = True
19.8607 	EXP 	responsefixationCrossDisplay: autoDraw = False
19.8774 	EXP 	responsefixationCrossDisplay: autoDraw = False
19.8920 	EXP 	responsefixationCrossDisplay: autoDraw = True
19.8920 	EXP 	responsefixationCrossDisplay: autoDraw = False
19.9092 	EXP 	responsefixationCrossDisplay: autoDraw = False
19.9255 	EXP 	responsefixationCrossDisplay: autoDraw = True
19.9255 	EXP 	responsefixationCrossDisplay: autoDraw = False
19.9413 	EXP 	responsefixationCrossDisplay: autoDraw = False
19.9589 	EXP 	responsefixationCrossDisplay: autoDraw = True
19.9589 	EXP 	responsefixationCrossDisplay: autoDraw = False
19.9753 	EXP 	responsefixationCrossDisplay: autoDraw = False
19.9930 	EXP 	responsefixationCrossDisplay: autoDraw = True
19.9930 	EXP 	responsefixationCrossDisplay: autoDraw = False
20.0088 	EXP 	responsefixationCrossDisplay: autoDraw = False
20.0267 	EXP 	responsefixationCrossDisplay: autoDraw = True
20.0267 	EXP 	responsefixationCrossDisplay: autoDraw = False
20.0436 	EXP 	responsefixationCrossDisplay: autoDraw = False
20.0599 	EXP 	responsefixationCrossDisplay: autoDraw = True
20.0599 	EXP 	responsefixationCrossDisplay: autoDraw = False
20.0767 	EXP 	responsefixationCrossDisplay: autoDraw = False
20.0937 	EXP 	responsefixationCrossDisplay: autoDraw = True
20.0937 	EXP 	responsefixationCrossDisplay: autoDraw = False
20.1261 	EXP 	responsefixationCrossDisplay: autoDraw = False
20.1444 	EXP 	responsefixationCrossDisplay: autoDraw = True
20.1444 	EXP 	responsefixationCrossDisplay: autoDraw = False
20.1616 	EXP 	responsefixationCrossDisplay: autoDraw = False
20.1747 	EXP 	responsefixationCrossDisplay: autoDraw = True
20.1747 	EXP 	responsefixationCrossDisplay: autoDraw = False
20.1917 	EXP 	responsefixationCrossDisplay: autoDraw = False
20.2086 	EXP 	responsefixationCrossDisplay: autoDraw = True
20.2086 	EXP 	responsefixationCrossDisplay: autoDraw = False
20.2248 	EXP 	responsefixationCrossDisplay: autoDraw = False
20.2413 	EXP 	responsefixationCrossDisplay: autoDraw = True
20.2413 	EXP 	responsefixationCrossDisplay: autoDraw = False
20.2580 	EXP 	responsefixationCrossDisplay: autoDraw = False
20.2753 	EXP 	responsefixationCrossDisplay: autoDraw = True
20.2753 	EXP 	responsefixationCrossDisplay: autoDraw = False
20.2913 	EXP 	responsefixationCrossDisplay: autoDraw = False
20.3080 	EXP 	responsefixationCrossDisplay: autoDraw = True
20.3080 	EXP 	responsefixationCrossDisplay: autoDraw = False
20.3247 	EXP 	responsefixationCrossDisplay: autoDraw = False
20.3412 	EXP 	responsefixationCrossDisplay: autoDraw = True
20.3412 	EXP 	responsefixationCrossDisplay: autoDraw = False
20.3580 	EXP 	responsefixationCrossDisplay: autoDraw = False
20.3746 	EXP 	responsefixationCrossDisplay: autoDraw = True
20.3746 	EXP 	responsefixationCrossDisplay: autoDraw = False
20.3918 	EXP 	responsefixationCrossDisplay: autoDraw = False
20.4094 	EXP 	responsefixationCrossDisplay: autoDraw = True
20.4094 	EXP 	responsefixationCrossDisplay: autoDraw = False
20.4253 	EXP 	responsefixationCrossDisplay: autoDraw = False
20.4426 	EXP 	responsefixationCrossDisplay: autoDraw = True
20.4426 	EXP 	responsefixationCrossDisplay: autoDraw = False
20.4616 	EXP 	responsefixationCrossDisplay: autoDraw = False
20.4925 	EXP 	responsefixationCrossDisplay: autoDraw = True
20.4925 	EXP 	responsefixationCrossDisplay: autoDraw = False
20.5099 	EXP 	responsefixationCrossDisplay: autoDraw = False
20.5429 	EXP 	responsefixationCrossDisplay: autoDraw = True
20.5429 	EXP 	responsefixationCrossDisplay: autoDraw = False
20.5599 	EXP 	responsefixationCrossDisplay: autoDraw = False
20.5757 	EXP 	responsefixationCrossDisplay: autoDraw = True
20.5757 	EXP 	responsefixationCrossDisplay: autoDraw = False
20.5936 	EXP 	responsefixationCrossDisplay: autoDraw = False
20.6092 	EXP 	responsefixationCrossDisplay: autoDraw = True
20.6092 	EXP 	responsefixationCrossDisplay: autoDraw = False
20.6270 	EXP 	responsefixationCrossDisplay: autoDraw = False
20.6458 	EXP 	responsefixationCrossDisplay: autoDraw = True
20.6458 	EXP 	responsefixationCrossDisplay: autoDraw = False
20.6744 	EXP 	responsefixationCrossDisplay: autoDraw = False
20.6912 	EXP 	responsefixationCrossDisplay: autoDraw = True
20.6912 	EXP 	responsefixationCrossDisplay: autoDraw = False
20.7081 	EXP 	responsefixationCrossDisplay: autoDraw = False
20.7257 	EXP 	responsefixationCrossDisplay: autoDraw = True
20.7257 	EXP 	responsefixationCrossDisplay: autoDraw = False
20.7421 	EXP 	responsefixationCrossDisplay: autoDraw = False
20.7589 	EXP 	responsefixationCrossDisplay: autoDraw = True
20.7589 	EXP 	responsefixationCrossDisplay: autoDraw = False
20.7773 	EXP 	responsefixationCrossDisplay: autoDraw = False
20.7940 	EXP 	responsefixationCrossDisplay: autoDraw = True
20.7940 	EXP 	responsefixationCrossDisplay: autoDraw = False
20.8079 	EXP 	responsefixationCrossDisplay: autoDraw = False
20.8248 	EXP 	responsefixationCrossDisplay: autoDraw = True
20.8248 	EXP 	responsefixationCrossDisplay: autoDraw = False
20.8419 	EXP 	responsefixationCrossDisplay: autoDraw = False
20.8580 	EXP 	responsefixationCrossDisplay: autoDraw = True
20.8580 	EXP 	responsefixationCrossDisplay: autoDraw = False
20.8911 	EXP 	responsefixationCrossDisplay: autoDraw = False
20.9084 	EXP 	responsefixationCrossDisplay: autoDraw = True
20.9084 	EXP 	responsefixationCrossDisplay: autoDraw = False
20.9274 	EXP 	responsefixationCrossDisplay: autoDraw = False
20.9586 	EXP 	responsefixationCrossDisplay: autoDraw = True
20.9586 	EXP 	responsefixationCrossDisplay: autoDraw = False
20.9763 	EXP 	responsefixationCrossDisplay: autoDraw = False
20.9947 	EXP 	responsefixationCrossDisplay: autoDraw = True
20.9947 	EXP 	responsefixationCrossDisplay: autoDraw = False
21.0121 	EXP 	responsefixationCrossDisplay: autoDraw = False
21.0247 	EXP 	responsefixationCrossDisplay: autoDraw = True
21.0247 	EXP 	responsefixationCrossDisplay: autoDraw = False
21.0448 	EXP 	responsefixationCrossDisplay: autoDraw = False
21.0760 	EXP 	responsefixationCrossDisplay: autoDraw = True
21.0760 	EXP 	responsefixationCrossDisplay: autoDraw = False
21.1098 	EXP 	responsefixationCrossDisplay: autoDraw = False
21.1256 	EXP 	responsefixationCrossDisplay: autoDraw = True
21.1256 	EXP 	responsefixationCrossDisplay: autoDraw = False
21.1428 	EXP 	responsefixationCrossDisplay: autoDraw = False
21.1587 	EXP 	responsefixationCrossDisplay: autoDraw = True
21.1587 	EXP 	responsefixationCrossDisplay: autoDraw = False
21.1775 	EXP 	responsefixationCrossDisplay: autoDraw = False
21.1942 	EXP 	responsefixationCrossDisplay: autoDraw = True
21.1942 	EXP 	responsefixationCrossDisplay: autoDraw = False
21.2249 	EXP 	responsefixationCrossDisplay: autoDraw = False
21.2411 	EXP 	responsefixationCrossDisplay: autoDraw = True
21.2411 	EXP 	responsefixationCrossDisplay: autoDraw = False
21.2585 	EXP 	responsefixationCrossDisplay: autoDraw = False
21.2746 	EXP 	responsefixationCrossDisplay: autoDraw = True
21.2746 	EXP 	responsefixationCrossDisplay: autoDraw = False
21.2916 	EXP 	responsefixationCrossDisplay: autoDraw = False
21.3081 	EXP 	responsefixationCrossDisplay: autoDraw = True
21.3081 	EXP 	responsefixationCrossDisplay: autoDraw = False
21.3249 	EXP 	responsefixationCrossDisplay: autoDraw = False
21.3417 	EXP 	responsefixationCrossDisplay: autoDraw = True
21.3417 	EXP 	responsefixationCrossDisplay: autoDraw = False
21.3586 	EXP 	responsefixationCrossDisplay: autoDraw = False
21.3750 	EXP 	responsefixationCrossDisplay: autoDraw = True
21.3750 	EXP 	responsefixationCrossDisplay: autoDraw = False
21.3915 	EXP 	responsefixationCrossDisplay: autoDraw = False
21.4081 	EXP 	responsefixationCrossDisplay: autoDraw = True
21.4081 	EXP 	responsefixationCrossDisplay: autoDraw = False
21.4255 	EXP 	responsefixationCrossDisplay: autoDraw = False
21.4424 	EXP 	responsefixationCrossDisplay: autoDraw = True
21.4424 	EXP 	responsefixationCrossDisplay: autoDraw = False
21.4590 	EXP 	responsefixationCrossDisplay: autoDraw = False
21.4774 	EXP 	responsefixationCrossDisplay: autoDraw = True
21.4774 	EXP 	responsefixationCrossDisplay: autoDraw = False
21.4921 	EXP 	responsefixationCrossDisplay: autoDraw = False
21.5085 	EXP 	responsefixationCrossDisplay: autoDraw = True
21.5085 	EXP 	responsefixationCrossDisplay: autoDraw = False
21.5264 	EXP 	responsefixationCrossDisplay: autoDraw = False
21.5420 	EXP 	responsefixationCrossDisplay: autoDraw = True
21.5420 	EXP 	responsefixationCrossDisplay: autoDraw = False
21.5610 	EXP 	responsefixationCrossDisplay: autoDraw = False
21.5762 	EXP 	responsefixationCrossDisplay: autoDraw = True
21.5762 	EXP 	responsefixationCrossDisplay: autoDraw = False
21.5927 	EXP 	responsefixationCrossDisplay: autoDraw = False
21.6091 	EXP 	responsefixationCrossDisplay: autoDraw = True
21.6091 	EXP 	responsefixationCrossDisplay: autoDraw = False
21.6251 	EXP 	responsefixationCrossDisplay: autoDraw = False
21.6421 	EXP 	responsefixationCrossDisplay: autoDraw = True
21.6421 	EXP 	responsefixationCrossDisplay: autoDraw = False
21.6596 	EXP 	responsefixationCrossDisplay: autoDraw = False
21.6771 	EXP 	responsefixationCrossDisplay: autoDraw = True
21.6771 	EXP 	responsefixationCrossDisplay: autoDraw = False
21.6926 	EXP 	responsefixationCrossDisplay: autoDraw = False
21.7103 	EXP 	responsefixationCrossDisplay: autoDraw = True
21.7103 	EXP 	responsefixationCrossDisplay: autoDraw = False
21.7428 	EXP 	responsefixationCrossDisplay: autoDraw = False
21.7605 	EXP 	responsefixationCrossDisplay: autoDraw = True
21.7605 	EXP 	responsefixationCrossDisplay: autoDraw = False
21.7758 	EXP 	responsefixationCrossDisplay: autoDraw = False
21.7928 	EXP 	responsefixationCrossDisplay: autoDraw = True
21.7928 	EXP 	responsefixationCrossDisplay: autoDraw = False
21.8080 	EXP 	responsefixationCrossDisplay: autoDraw = False
21.8254 	EXP 	responsefixationCrossDisplay: autoDraw = True
21.8254 	EXP 	responsefixationCrossDisplay: autoDraw = False
21.8443 	EXP 	responsefixationCrossDisplay: autoDraw = False
21.8578 	EXP 	responsefixationCrossDisplay: autoDraw = True
21.8578 	EXP 	responsefixationCrossDisplay: autoDraw = False
21.8746 	EXP 	responsefixationCrossDisplay: autoDraw = False
21.8910 	EXP 	responsefixationCrossDisplay: autoDraw = True
21.8910 	EXP 	responsefixationCrossDisplay: autoDraw = False
21.9083 	EXP 	responsefixationCrossDisplay: autoDraw = False
21.9248 	EXP 	responsefixationCrossDisplay: autoDraw = True
21.9248 	EXP 	responsefixationCrossDisplay: autoDraw = False
21.9429 	EXP 	responsefixationCrossDisplay: autoDraw = False
21.9648 	EXP 	responsefixationCrossDisplay: autoDraw = True
21.9648 	EXP 	responsefixationCrossDisplay: autoDraw = False
21.9905 	EXP 	responsefixationCrossDisplay: autoDraw = False
22.0076 	EXP 	responsefixationCrossDisplay: autoDraw = True
22.0076 	EXP 	responsefixationCrossDisplay: autoDraw = False
22.0266 	EXP 	responsefixationCrossDisplay: autoDraw = False
22.0578 	EXP 	responsefixationCrossDisplay: autoDraw = True
22.0578 	EXP 	responsefixationCrossDisplay: autoDraw = False
22.0765 	EXP 	responsefixationCrossDisplay: autoDraw = False
22.0925 	EXP 	responsefixationCrossDisplay: autoDraw = True
22.0925 	EXP 	responsefixationCrossDisplay: autoDraw = False
22.1111 	EXP 	responsefixationCrossDisplay: autoDraw = False
22.1416 	EXP 	responsefixationCrossDisplay: autoDraw = True
22.1416 	EXP 	responsefixationCrossDisplay: autoDraw = False
22.1587 	EXP 	responsefixationCrossDisplay: autoDraw = False
22.1757 	EXP 	responsefixationCrossDisplay: autoDraw = True
22.1757 	EXP 	responsefixationCrossDisplay: autoDraw = False
22.1943 	EXP 	responsefixationCrossDisplay: autoDraw = False
22.2249 	EXP 	responsefixationCrossDisplay: autoDraw = True
22.2249 	EXP 	responsefixationCrossDisplay: autoDraw = False
22.2410 	EXP 	responsefixationCrossDisplay: autoDraw = False
22.2578 	EXP 	responsefixationCrossDisplay: autoDraw = True
22.2578 	EXP 	responsefixationCrossDisplay: autoDraw = False
22.2763 	EXP 	responsefixationCrossDisplay: autoDraw = False
22.2920 	EXP 	responsefixationCrossDisplay: autoDraw = True
22.2920 	EXP 	responsefixationCrossDisplay: autoDraw = False
22.3111 	EXP 	responsefixationCrossDisplay: autoDraw = False
22.3419 	EXP 	responsefixationCrossDisplay: autoDraw = True
22.3419 	EXP 	responsefixationCrossDisplay: autoDraw = False
22.3587 	EXP 	responsefixationCrossDisplay: autoDraw = False
22.3763 	EXP 	responsefixationCrossDisplay: autoDraw = True
22.3763 	EXP 	responsefixationCrossDisplay: autoDraw = False
22.3931 	EXP 	responsefixationCrossDisplay: autoDraw = False
22.4106 	EXP 	responsefixationCrossDisplay: autoDraw = True
22.4106 	EXP 	responsefixationCrossDisplay: autoDraw = False
22.4428 	EXP 	responsefixationCrossDisplay: autoDraw = False
22.4744 	EXP 	responsefixationCrossDisplay: autoDraw = True
22.4744 	EXP 	responsefixationCrossDisplay: autoDraw = False
22.4924 	EXP 	responsefixationCrossDisplay: autoDraw = False
22.5092 	EXP 	responsefixationCrossDisplay: autoDraw = True
22.5092 	EXP 	responsefixationCrossDisplay: autoDraw = False
22.5251 	EXP 	responsefixationCrossDisplay: autoDraw = False
22.5410 	EXP 	responsefixationCrossDisplay: autoDraw = True
22.5410 	EXP 	responsefixationCrossDisplay: autoDraw = False
22.5588 	EXP 	responsefixationCrossDisplay: autoDraw = False
22.5759 	EXP 	responsefixationCrossDisplay: autoDraw = True
22.5759 	EXP 	responsefixationCrossDisplay: autoDraw = False
22.5929 	EXP 	responsefixationCrossDisplay: autoDraw = False
22.6099 	EXP 	responsefixationCrossDisplay: autoDraw = True
22.6099 	EXP 	responsefixationCrossDisplay: autoDraw = False
22.6263 	EXP 	responsefixationCrossDisplay: autoDraw = False
22.6360 	DATA 	Mouse: Left button down, pos=(231,215)
22.6588 	EXP 	responsefixationCrossDisplay: autoDraw = True
22.6588 	EXP 	responsefixationCrossDisplay: autoDraw = False
22.6918 	EXP 	responsefixationCrossDisplay: autoDraw = False
22.6918 	EXP 	StimuliText: autoDraw = False
22.6918 	EXP 	responsefixationCrossDisplay: autoDraw = True
22.6918 	EXP 	responsefixationCrossDisplay: foreColor = <psychopy.colors.Color: purple, alpha=1.0>
22.7832 	DATA 	Mouse:  Left button up, pos=(231,215)
23.8793 	EXP 	New trial (rep=0, index=5): <Trial 5 (5 in rep 0) data={'Block': 9, 'Stimuli_Type': 'Metaphors', 'Stimuli': 'The meal was a digestive tornado.', 'One_subsubj_two_subObj': 'no_change', 'correct_answer': False, 'thisN': 5, 'thisTrialN': 5, 'thisRepN': 0}>
23.9062 	EXP 	StimuliText: autoDraw = False
23.9062 	EXP 	LeftResponseInstruction: autoDraw = False
23.9062 	EXP 	rightResponseInstruction: autoDraw = False
23.9062 	EXP 	responsefixationCrossDisplay: autoDraw = False
23.9062 	EXP 	responsefixationCrossDisplay: foreColor = <psychopy.colors.Color: black, alpha=1.0>
23.9062 	EXP 	StimuliText: height = np.float64(0.05)
23.9062 	EXP 	StimuliText: height = np.float64(0.05)
23.9062 	EXP 	StimuliText: height = np.float64(0.05)
23.9062 	EXP 	StimuliText: text = 'The meal was a digestive tornado.'
23.9062 	EXP 	StimuliText: autoDraw = True
23.9062 	EXP 	LeftResponseInstruction: autoDraw = True
23.9062 	EXP 	rightResponseInstruction: autoDraw = True
23.9062 	EXP 	responsefixationCrossDisplay: autoDraw = True
23.9062 	EXP 	responsefixationCrossDisplay: autoDraw = False
23.9260 	EXP 	responsefixationCrossDisplay: autoDraw = False
23.9412 	EXP 	responsefixationCrossDisplay: autoDraw = True
23.9412 	EXP 	responsefixationCrossDisplay: autoDraw = False
23.9592 	EXP 	responsefixationCrossDisplay: autoDraw = False
23.9746 	EXP 	responsefixationCrossDisplay: autoDraw = True
23.9746 	EXP 	responsefixationCrossDisplay: autoDraw = False
23.9935 	EXP 	responsefixationCrossDisplay: autoDraw = False
24.0251 	EXP 	responsefixationCrossDisplay: autoDraw = True
24.0251 	EXP 	responsefixationCrossDisplay: autoDraw = False
24.0407 	EXP 	responsefixationCrossDisplay: autoDraw = False
24.0581 	EXP 	responsefixationCrossDisplay: autoDraw = True
24.0581 	EXP 	responsefixationCrossDisplay: autoDraw = False
24.0769 	EXP 	responsefixationCrossDisplay: autoDraw = False
24.0937 	EXP 	responsefixationCrossDisplay: autoDraw = True
24.0937 	EXP 	responsefixationCrossDisplay: autoDraw = False
24.1082 	EXP 	responsefixationCrossDisplay: autoDraw = False
24.1267 	EXP 	responsefixationCrossDisplay: autoDraw = True
24.1267 	EXP 	responsefixationCrossDisplay: autoDraw = False
24.1411 	EXP 	responsefixationCrossDisplay: autoDraw = False
24.1578 	EXP 	responsefixationCrossDisplay: autoDraw = True
24.1578 	EXP 	responsefixationCrossDisplay: autoDraw = False
24.1746 	EXP 	responsefixationCrossDisplay: autoDraw = False
24.1937 	EXP 	responsefixationCrossDisplay: autoDraw = True
24.1937 	EXP 	responsefixationCrossDisplay: autoDraw = False
24.1980 	DATA 	Keypress: lctrl
24.1985 	EXP 	Device response: <KeyPress from None: t=24.18616219982505, value=lctrl, duration=None>
24.2077 	EXP 	responsefixationCrossDisplay: autoDraw = False
24.2244 	EXP 	responsefixationCrossDisplay: autoDraw = True
24.2244 	EXP 	responsefixationCrossDisplay: autoDraw = False
24.2436 	EXP 	responsefixationCrossDisplay: autoDraw = False
24.2582 	EXP 	responsefixationCrossDisplay: autoDraw = True
24.2582 	EXP 	responsefixationCrossDisplay: autoDraw = False
24.2743 	EXP 	responsefixationCrossDisplay: autoDraw = False
24.2919 	EXP 	responsefixationCrossDisplay: autoDraw = True
24.2919 	EXP 	responsefixationCrossDisplay: autoDraw = False
24.3082 	EXP 	responsefixationCrossDisplay: autoDraw = False
24.3247 	EXP 	responsefixationCrossDisplay: autoDraw = True
24.3247 	EXP 	responsefixationCrossDisplay: autoDraw = False
24.3284 	DATA 	Keypress: lshift
24.3287 	EXP 	Device response: <KeyPress from None: t=24.319682699861005, value=lshift, duration=None>
24.3411 	EXP 	responsefixationCrossDisplay: autoDraw = False
24.3586 	EXP 	responsefixationCrossDisplay: autoDraw = True
24.3586 	EXP 	responsefixationCrossDisplay: autoDraw = False
24.3742 	EXP 	responsefixationCrossDisplay: autoDraw = False
24.3921 	EXP 	responsefixationCrossDisplay: autoDraw = True
24.3921 	EXP 	responsefixationCrossDisplay: autoDraw = False
24.4083 	EXP 	responsefixationCrossDisplay: autoDraw = False
24.4247 	EXP 	responsefixationCrossDisplay: autoDraw = True
24.4247 	EXP 	responsefixationCrossDisplay: autoDraw = False
24.4432 	EXP 	responsefixationCrossDisplay: autoDraw = False
24.4496 	DATA 	Keypress: i
24.4501 	EXP 	Device response: <KeyPress from None: t=24.44567389995791, value=i, duration=None>
24.4592 	EXP 	responsefixationCrossDisplay: autoDraw = True
24.4592 	EXP 	responsefixationCrossDisplay: autoDraw = False
24.4747 	EXP 	responsefixationCrossDisplay: autoDraw = False
24.4914 	EXP 	responsefixationCrossDisplay: autoDraw = True
24.4914 	EXP 	responsefixationCrossDisplay: autoDraw = False
24.5084 	EXP 	responsefixationCrossDisplay: autoDraw = False
24.5250 	EXP 	responsefixationCrossDisplay: autoDraw = True
24.5250 	EXP 	responsefixationCrossDisplay: autoDraw = False
24.5311 	DATA 	Mouse: Left button down, pos=(231,215)
24.5412 	EXP 	responsefixationCrossDisplay: autoDraw = False
24.5412 	EXP 	StimuliText: autoDraw = False
24.5412 	EXP 	responsefixationCrossDisplay: autoDraw = True
24.5412 	EXP 	responsefixationCrossDisplay: foreColor = <psychopy.colors.Color: purple, alpha=1.0>
24.5780 	EXP 	Device response: <KeyPress from None: t=24.44567389995791, value=i, duration=0.1275053999852389>
24.5979 	EXP 	Device response: <KeyPress from None: t=24.18616219982505, value=lctrl, duration=0.4008392000105232>
24.6163 	EXP 	Device response: <KeyPress from None: t=24.319682699861005, value=lshift, duration=0.2883973999414593>
24.7490 	DATA 	Mouse:  Left button up, pos=(231,215)
28.3630 	EXP 	New trial (rep=0, index=6): <Trial 6 (6 in rep 0) data={'Block': 9, 'Stimuli_Type': 'LiterallyTrue', 'Stimuli': 'The faucet leak was a trickle.', 'One_subsubj_two_subObj': 'no_change', 'correct_answer': True, 'thisN': 6, 'thisTrialN': 6, 'thisRepN': 0}>
28.3893 	EXP 	StimuliText: autoDraw = False
28.3893 	EXP 	LeftResponseInstruction: autoDraw = False
28.3893 	EXP 	rightResponseInstruction: autoDraw = False
28.3893 	EXP 	responsefixationCrossDisplay: autoDraw = False
28.3893 	EXP 	responsefixationCrossDisplay: foreColor = <psychopy.colors.Color: black, alpha=1.0>
28.3893 	EXP 	StimuliText: height = np.float64(0.05)
28.3893 	EXP 	StimuliText: height = np.float64(0.05)
28.3893 	EXP 	StimuliText: height = np.float64(0.05)
28.3893 	EXP 	StimuliText: text = 'The faucet leak was a trickle.'
28.3893 	EXP 	StimuliText: autoDraw = True
28.3893 	EXP 	LeftResponseInstruction: autoDraw = True
28.3893 	EXP 	rightResponseInstruction: autoDraw = True
28.3893 	EXP 	responsefixationCrossDisplay: autoDraw = True
28.3893 	EXP 	responsefixationCrossDisplay: autoDraw = False
28.4063 	EXP 	responsefixationCrossDisplay: autoDraw = False
28.4232 	EXP 	responsefixationCrossDisplay: autoDraw = True
28.4232 	EXP 	responsefixationCrossDisplay: autoDraw = False
28.4398 	EXP 	responsefixationCrossDisplay: autoDraw = False
28.4565 	EXP 	responsefixationCrossDisplay: autoDraw = True
28.4565 	EXP 	responsefixationCrossDisplay: autoDraw = False
28.4735 	EXP 	responsefixationCrossDisplay: autoDraw = False
28.4897 	EXP 	responsefixationCrossDisplay: autoDraw = True
28.4897 	EXP 	responsefixationCrossDisplay: autoDraw = False
28.5075 	EXP 	responsefixationCrossDisplay: autoDraw = False
28.5231 	EXP 	responsefixationCrossDisplay: autoDraw = True
28.5231 	EXP 	responsefixationCrossDisplay: autoDraw = False
28.5398 	EXP 	responsefixationCrossDisplay: autoDraw = False
28.5565 	EXP 	responsefixationCrossDisplay: autoDraw = True
28.5565 	EXP 	responsefixationCrossDisplay: autoDraw = False
28.5735 	EXP 	responsefixationCrossDisplay: autoDraw = False
28.5898 	EXP 	responsefixationCrossDisplay: autoDraw = True
28.5898 	EXP 	responsefixationCrossDisplay: autoDraw = False
28.6065 	EXP 	responsefixationCrossDisplay: autoDraw = False
28.6252 	EXP 	responsefixationCrossDisplay: autoDraw = True
28.6252 	EXP 	responsefixationCrossDisplay: autoDraw = False
28.6398 	EXP 	responsefixationCrossDisplay: autoDraw = False
28.6565 	EXP 	responsefixationCrossDisplay: autoDraw = True
28.6565 	EXP 	responsefixationCrossDisplay: autoDraw = False
28.6731 	EXP 	responsefixationCrossDisplay: autoDraw = False
28.6897 	EXP 	responsefixationCrossDisplay: autoDraw = True
28.6897 	EXP 	responsefixationCrossDisplay: autoDraw = False
28.7063 	EXP 	responsefixationCrossDisplay: autoDraw = False
28.7231 	EXP 	responsefixationCrossDisplay: autoDraw = True
28.7231 	EXP 	responsefixationCrossDisplay: autoDraw = False
28.7398 	EXP 	responsefixationCrossDisplay: autoDraw = False
28.7564 	EXP 	responsefixationCrossDisplay: autoDraw = True
28.7564 	EXP 	responsefixationCrossDisplay: autoDraw = False
28.7731 	EXP 	responsefixationCrossDisplay: autoDraw = False
28.7898 	EXP 	responsefixationCrossDisplay: autoDraw = True
28.7898 	EXP 	responsefixationCrossDisplay: autoDraw = False
28.8066 	EXP 	responsefixationCrossDisplay: autoDraw = False
28.8232 	EXP 	responsefixationCrossDisplay: autoDraw = True
28.8232 	EXP 	responsefixationCrossDisplay: autoDraw = False
28.8398 	EXP 	responsefixationCrossDisplay: autoDraw = False
28.8564 	EXP 	responsefixationCrossDisplay: autoDraw = True
28.8564 	EXP 	responsefixationCrossDisplay: autoDraw = False
28.8731 	EXP 	responsefixationCrossDisplay: autoDraw = False
28.8897 	EXP 	responsefixationCrossDisplay: autoDraw = True
28.8897 	EXP 	responsefixationCrossDisplay: autoDraw = False
28.9064 	EXP 	responsefixationCrossDisplay: autoDraw = False
28.9231 	EXP 	responsefixationCrossDisplay: autoDraw = True
28.9231 	EXP 	responsefixationCrossDisplay: autoDraw = False
28.9398 	EXP 	responsefixationCrossDisplay: autoDraw = False
28.9564 	EXP 	responsefixationCrossDisplay: autoDraw = True
28.9564 	EXP 	responsefixationCrossDisplay: autoDraw = False
28.9730 	EXP 	responsefixationCrossDisplay: autoDraw = False
28.9898 	EXP 	responsefixationCrossDisplay: autoDraw = True
28.9898 	EXP 	responsefixationCrossDisplay: autoDraw = False
29.0064 	EXP 	responsefixationCrossDisplay: autoDraw = False
29.0231 	EXP 	responsefixationCrossDisplay: autoDraw = True
29.0231 	EXP 	responsefixationCrossDisplay: autoDraw = False
29.0397 	EXP 	responsefixationCrossDisplay: autoDraw = False
29.0564 	EXP 	responsefixationCrossDisplay: autoDraw = True
29.0564 	EXP 	responsefixationCrossDisplay: autoDraw = False
29.0730 	EXP 	responsefixationCrossDisplay: autoDraw = False
29.0897 	EXP 	responsefixationCrossDisplay: autoDraw = True
29.0897 	EXP 	responsefixationCrossDisplay: autoDraw = False
29.1063 	EXP 	responsefixationCrossDisplay: autoDraw = False
29.1231 	EXP 	responsefixationCrossDisplay: autoDraw = True
29.1231 	EXP 	responsefixationCrossDisplay: autoDraw = False
29.1396 	EXP 	responsefixationCrossDisplay: autoDraw = False
29.1563 	EXP 	responsefixationCrossDisplay: autoDraw = True
29.1563 	EXP 	responsefixationCrossDisplay: autoDraw = False
29.1730 	EXP 	responsefixationCrossDisplay: autoDraw = False
29.1896 	EXP 	responsefixationCrossDisplay: autoDraw = True
29.1896 	EXP 	responsefixationCrossDisplay: autoDraw = False
29.2064 	EXP 	responsefixationCrossDisplay: autoDraw = False
29.2229 	EXP 	responsefixationCrossDisplay: autoDraw = True
29.2229 	EXP 	responsefixationCrossDisplay: autoDraw = False
29.2396 	EXP 	responsefixationCrossDisplay: autoDraw = False
29.2562 	EXP 	responsefixationCrossDisplay: autoDraw = True
29.2562 	EXP 	responsefixationCrossDisplay: autoDraw = False
29.2730 	EXP 	responsefixationCrossDisplay: autoDraw = False
29.2907 	EXP 	responsefixationCrossDisplay: autoDraw = True
29.2907 	EXP 	responsefixationCrossDisplay: autoDraw = False
29.3068 	EXP 	responsefixationCrossDisplay: autoDraw = False
29.3247 	EXP 	responsefixationCrossDisplay: autoDraw = True
29.3247 	EXP 	responsefixationCrossDisplay: autoDraw = False
29.3397 	EXP 	responsefixationCrossDisplay: autoDraw = False
29.3564 	EXP 	responsefixationCrossDisplay: autoDraw = True
29.3564 	EXP 	responsefixationCrossDisplay: autoDraw = False
29.3730 	EXP 	responsefixationCrossDisplay: autoDraw = False
29.3897 	EXP 	responsefixationCrossDisplay: autoDraw = True
29.3897 	EXP 	responsefixationCrossDisplay: autoDraw = False
29.4063 	EXP 	responsefixationCrossDisplay: autoDraw = False
29.4230 	EXP 	responsefixationCrossDisplay: autoDraw = True
29.4230 	EXP 	responsefixationCrossDisplay: autoDraw = False
29.4396 	EXP 	responsefixationCrossDisplay: autoDraw = False
29.4562 	EXP 	responsefixationCrossDisplay: autoDraw = True
29.4562 	EXP 	responsefixationCrossDisplay: autoDraw = False
29.4729 	EXP 	responsefixationCrossDisplay: autoDraw = False
29.4896 	EXP 	responsefixationCrossDisplay: autoDraw = True
29.4896 	EXP 	responsefixationCrossDisplay: autoDraw = False
29.5086 	EXP 	responsefixationCrossDisplay: autoDraw = False
29.5229 	EXP 	responsefixationCrossDisplay: autoDraw = True
29.5229 	EXP 	responsefixationCrossDisplay: autoDraw = False
29.5396 	EXP 	responsefixationCrossDisplay: autoDraw = False
29.5562 	EXP 	responsefixationCrossDisplay: autoDraw = True
29.5562 	EXP 	responsefixationCrossDisplay: autoDraw = False
29.5728 	EXP 	responsefixationCrossDisplay: autoDraw = False
29.5896 	EXP 	responsefixationCrossDisplay: autoDraw = True
29.5896 	EXP 	responsefixationCrossDisplay: autoDraw = False
29.6062 	EXP 	responsefixationCrossDisplay: autoDraw = False
29.6229 	EXP 	responsefixationCrossDisplay: autoDraw = True
29.6229 	EXP 	responsefixationCrossDisplay: autoDraw = False
29.6395 	EXP 	responsefixationCrossDisplay: autoDraw = False
29.6562 	EXP 	responsefixationCrossDisplay: autoDraw = True
29.6562 	EXP 	responsefixationCrossDisplay: autoDraw = False
29.6729 	EXP 	responsefixationCrossDisplay: autoDraw = False
29.6895 	EXP 	responsefixationCrossDisplay: autoDraw = True
29.6895 	EXP 	responsefixationCrossDisplay: autoDraw = False
29.7062 	EXP 	responsefixationCrossDisplay: autoDraw = False
29.7228 	EXP 	responsefixationCrossDisplay: autoDraw = True
29.7228 	EXP 	responsefixationCrossDisplay: autoDraw = False
29.7395 	EXP 	responsefixationCrossDisplay: autoDraw = False
29.7562 	EXP 	responsefixationCrossDisplay: autoDraw = True
29.7562 	EXP 	responsefixationCrossDisplay: autoDraw = False
29.7730 	EXP 	responsefixationCrossDisplay: autoDraw = False
29.7897 	EXP 	responsefixationCrossDisplay: autoDraw = True
29.7897 	EXP 	responsefixationCrossDisplay: autoDraw = False
29.8062 	EXP 	responsefixationCrossDisplay: autoDraw = False
29.8231 	EXP 	responsefixationCrossDisplay: autoDraw = True
29.8231 	EXP 	responsefixationCrossDisplay: autoDraw = False
29.8394 	EXP 	responsefixationCrossDisplay: autoDraw = False
29.8560 	EXP 	responsefixationCrossDisplay: autoDraw = True
29.8560 	EXP 	responsefixationCrossDisplay: autoDraw = False
29.8728 	EXP 	responsefixationCrossDisplay: autoDraw = False
29.8895 	EXP 	responsefixationCrossDisplay: autoDraw = True
29.8895 	EXP 	responsefixationCrossDisplay: autoDraw = False
29.9063 	EXP 	responsefixationCrossDisplay: autoDraw = False
29.9228 	EXP 	responsefixationCrossDisplay: autoDraw = True
29.9228 	EXP 	responsefixationCrossDisplay: autoDraw = False
29.9397 	EXP 	responsefixationCrossDisplay: autoDraw = False
29.9563 	EXP 	responsefixationCrossDisplay: autoDraw = True
29.9563 	EXP 	responsefixationCrossDisplay: autoDraw = False
29.9730 	EXP 	responsefixationCrossDisplay: autoDraw = False
29.9896 	EXP 	responsefixationCrossDisplay: autoDraw = True
29.9896 	EXP 	responsefixationCrossDisplay: autoDraw = False
30.0063 	EXP 	responsefixationCrossDisplay: autoDraw = False
30.0229 	EXP 	responsefixationCrossDisplay: autoDraw = True
30.0229 	EXP 	responsefixationCrossDisplay: autoDraw = False
30.0395 	EXP 	responsefixationCrossDisplay: autoDraw = False
30.0562 	EXP 	responsefixationCrossDisplay: autoDraw = True
30.0562 	EXP 	responsefixationCrossDisplay: autoDraw = False
30.0729 	EXP 	responsefixationCrossDisplay: autoDraw = False
30.0895 	EXP 	responsefixationCrossDisplay: autoDraw = True
30.0895 	EXP 	responsefixationCrossDisplay: autoDraw = False
30.1062 	EXP 	responsefixationCrossDisplay: autoDraw = False
30.1228 	EXP 	responsefixationCrossDisplay: autoDraw = True
30.1228 	EXP 	responsefixationCrossDisplay: autoDraw = False
30.1398 	EXP 	responsefixationCrossDisplay: autoDraw = False
30.1560 	EXP 	responsefixationCrossDisplay: autoDraw = True
30.1560 	EXP 	responsefixationCrossDisplay: autoDraw = False
30.1727 	EXP 	responsefixationCrossDisplay: autoDraw = False
30.1895 	EXP 	responsefixationCrossDisplay: autoDraw = True
30.1895 	EXP 	responsefixationCrossDisplay: autoDraw = False
30.2061 	EXP 	responsefixationCrossDisplay: autoDraw = False
30.2228 	EXP 	responsefixationCrossDisplay: autoDraw = True
30.2228 	EXP 	responsefixationCrossDisplay: autoDraw = False
30.2260 	DATA 	Keypress: comma
30.2262 	EXP 	Device response: <KeyPress from None: t=30.223549199989066, value=comma, duration=None>
30.2394 	EXP 	responsefixationCrossDisplay: autoDraw = False
30.2561 	EXP 	responsefixationCrossDisplay: autoDraw = True
30.2561 	EXP 	responsefixationCrossDisplay: autoDraw = False
30.2728 	EXP 	responsefixationCrossDisplay: autoDraw = False
30.2895 	EXP 	responsefixationCrossDisplay: autoDraw = True
30.2895 	EXP 	responsefixationCrossDisplay: autoDraw = False
30.3061 	EXP 	responsefixationCrossDisplay: autoDraw = False
30.3228 	EXP 	responsefixationCrossDisplay: autoDraw = True
30.3228 	EXP 	responsefixationCrossDisplay: autoDraw = False
30.3395 	EXP 	responsefixationCrossDisplay: autoDraw = False
30.3561 	EXP 	responsefixationCrossDisplay: autoDraw = True
30.3561 	EXP 	responsefixationCrossDisplay: autoDraw = False
30.3728 	EXP 	responsefixationCrossDisplay: autoDraw = False
30.3894 	EXP 	responsefixationCrossDisplay: autoDraw = True
30.3894 	EXP 	responsefixationCrossDisplay: autoDraw = False
30.4061 	EXP 	responsefixationCrossDisplay: autoDraw = False
30.4228 	EXP 	responsefixationCrossDisplay: autoDraw = True
30.4228 	EXP 	responsefixationCrossDisplay: autoDraw = False
30.4263 	EXP 	Device response: <KeyPress from None: t=30.223549199989066, value=comma, duration=0.1968053998425603>
30.4393 	EXP 	responsefixationCrossDisplay: autoDraw = False
30.4561 	EXP 	responsefixationCrossDisplay: autoDraw = True
30.4561 	EXP 	responsefixationCrossDisplay: autoDraw = False
30.4731 	EXP 	responsefixationCrossDisplay: autoDraw = False
30.4896 	EXP 	responsefixationCrossDisplay: autoDraw = True
30.4896 	EXP 	responsefixationCrossDisplay: autoDraw = False
30.5060 	EXP 	responsefixationCrossDisplay: autoDraw = False
30.5227 	EXP 	responsefixationCrossDisplay: autoDraw = True
30.5227 	EXP 	responsefixationCrossDisplay: autoDraw = False
30.5394 	EXP 	responsefixationCrossDisplay: autoDraw = False
30.5560 	EXP 	responsefixationCrossDisplay: autoDraw = True
30.5560 	EXP 	responsefixationCrossDisplay: autoDraw = False
30.5727 	EXP 	responsefixationCrossDisplay: autoDraw = False
30.5893 	EXP 	responsefixationCrossDisplay: autoDraw = True
30.5893 	EXP 	responsefixationCrossDisplay: autoDraw = False
30.6060 	EXP 	responsefixationCrossDisplay: autoDraw = False
30.6227 	EXP 	responsefixationCrossDisplay: autoDraw = True
30.6227 	EXP 	responsefixationCrossDisplay: autoDraw = False
30.6393 	EXP 	responsefixationCrossDisplay: autoDraw = False
30.6560 	EXP 	responsefixationCrossDisplay: autoDraw = True
30.6560 	EXP 	responsefixationCrossDisplay: autoDraw = False
30.6729 	EXP 	responsefixationCrossDisplay: autoDraw = False
30.6894 	EXP 	responsefixationCrossDisplay: autoDraw = True
30.6894 	EXP 	responsefixationCrossDisplay: autoDraw = False
30.7060 	EXP 	responsefixationCrossDisplay: autoDraw = False
30.7227 	EXP 	responsefixationCrossDisplay: autoDraw = True
30.7227 	EXP 	responsefixationCrossDisplay: autoDraw = False
30.7395 	EXP 	responsefixationCrossDisplay: autoDraw = False
30.7424 	DATA 	Mouse: Left button down, pos=(231,215)
30.7559 	EXP 	responsefixationCrossDisplay: autoDraw = True
30.7559 	EXP 	responsefixationCrossDisplay: autoDraw = False
30.7559 	EXP 	StimuliText: autoDraw = False
30.7559 	EXP 	responsefixationCrossDisplay: autoDraw = True
30.7559 	EXP 	responsefixationCrossDisplay: foreColor = <psychopy.colors.Color: purple, alpha=1.0>
30.8614 	DATA 	Mouse:  Left button up, pos=(231,215)
32.8763 	EXP 	New trial (rep=0, index=7): <Trial 7 (7 in rep 0) data={'Block': 9, 'Stimuli_Type': 'Metaphors', 'Stimuli': 'Her birthday was a foreboding gong.', 'One_subsubj_two_subObj': 'no_change', 'correct_answer': False, 'thisN': 7, 'thisTrialN': 7, 'thisRepN': 0}>
32.8890 	EXP 	StimuliText: autoDraw = False
32.8890 	EXP 	LeftResponseInstruction: autoDraw = False
32.8890 	EXP 	rightResponseInstruction: autoDraw = False
32.8890 	EXP 	responsefixationCrossDisplay: autoDraw = False
32.8890 	EXP 	responsefixationCrossDisplay: foreColor = <psychopy.colors.Color: black, alpha=1.0>
32.8890 	EXP 	StimuliText: height = np.float64(0.05)
32.8890 	EXP 	StimuliText: height = np.float64(0.05)
32.8890 	EXP 	StimuliText: height = np.float64(0.05)
32.8890 	EXP 	StimuliText: text = 'Her birthday was a foreboding gong.'
32.8890 	EXP 	StimuliText: autoDraw = True
32.8890 	EXP 	LeftResponseInstruction: autoDraw = True
32.8890 	EXP 	rightResponseInstruction: autoDraw = True
32.8890 	EXP 	responsefixationCrossDisplay: autoDraw = True
32.8890 	EXP 	responsefixationCrossDisplay: autoDraw = False
32.9056 	EXP 	responsefixationCrossDisplay: autoDraw = False
32.9225 	EXP 	responsefixationCrossDisplay: autoDraw = True
32.9225 	EXP 	responsefixationCrossDisplay: autoDraw = False
32.9391 	EXP 	responsefixationCrossDisplay: autoDraw = False
32.9558 	EXP 	responsefixationCrossDisplay: autoDraw = True
32.9558 	EXP 	responsefixationCrossDisplay: autoDraw = False
32.9725 	EXP 	responsefixationCrossDisplay: autoDraw = False
32.9891 	EXP 	responsefixationCrossDisplay: autoDraw = True
32.9891 	EXP 	responsefixationCrossDisplay: autoDraw = False
33.0058 	EXP 	responsefixationCrossDisplay: autoDraw = False
33.0225 	EXP 	responsefixationCrossDisplay: autoDraw = True
33.0225 	EXP 	responsefixationCrossDisplay: autoDraw = False
33.0391 	EXP 	responsefixationCrossDisplay: autoDraw = False
33.0557 	EXP 	responsefixationCrossDisplay: autoDraw = True
33.0557 	EXP 	responsefixationCrossDisplay: autoDraw = False
33.0725 	EXP 	responsefixationCrossDisplay: autoDraw = False
33.0890 	EXP 	responsefixationCrossDisplay: autoDraw = True
33.0890 	EXP 	responsefixationCrossDisplay: autoDraw = False
33.1057 	EXP 	responsefixationCrossDisplay: autoDraw = False
33.1224 	EXP 	responsefixationCrossDisplay: autoDraw = True
33.1224 	EXP 	responsefixationCrossDisplay: autoDraw = False
33.1391 	EXP 	responsefixationCrossDisplay: autoDraw = False
33.1557 	EXP 	responsefixationCrossDisplay: autoDraw = True
33.1557 	EXP 	responsefixationCrossDisplay: autoDraw = False
33.1723 	EXP 	responsefixationCrossDisplay: autoDraw = False
33.1891 	EXP 	responsefixationCrossDisplay: autoDraw = True
33.1891 	EXP 	responsefixationCrossDisplay: autoDraw = False
33.2057 	EXP 	responsefixationCrossDisplay: autoDraw = False
33.2223 	EXP 	responsefixationCrossDisplay: autoDraw = True
33.2223 	EXP 	responsefixationCrossDisplay: autoDraw = False
33.2389 	EXP 	responsefixationCrossDisplay: autoDraw = False
33.2561 	EXP 	responsefixationCrossDisplay: autoDraw = True
33.2561 	EXP 	responsefixationCrossDisplay: autoDraw = False
33.2724 	EXP 	responsefixationCrossDisplay: autoDraw = False
33.2890 	EXP 	responsefixationCrossDisplay: autoDraw = True
33.2890 	EXP 	responsefixationCrossDisplay: autoDraw = False
33.3057 	EXP 	responsefixationCrossDisplay: autoDraw = False
33.3224 	EXP 	responsefixationCrossDisplay: autoDraw = True
33.3224 	EXP 	responsefixationCrossDisplay: autoDraw = False
33.3390 	EXP 	responsefixationCrossDisplay: autoDraw = False
33.3556 	EXP 	responsefixationCrossDisplay: autoDraw = True
33.3556 	EXP 	responsefixationCrossDisplay: autoDraw = False
33.3723 	EXP 	responsefixationCrossDisplay: autoDraw = False
33.3889 	EXP 	responsefixationCrossDisplay: autoDraw = True
33.3889 	EXP 	responsefixationCrossDisplay: autoDraw = False
33.4057 	EXP 	responsefixationCrossDisplay: autoDraw = False
33.4223 	EXP 	responsefixationCrossDisplay: autoDraw = True
33.4223 	EXP 	responsefixationCrossDisplay: autoDraw = False
33.4390 	EXP 	responsefixationCrossDisplay: autoDraw = False
33.4556 	EXP 	responsefixationCrossDisplay: autoDraw = True
33.4556 	EXP 	responsefixationCrossDisplay: autoDraw = False
33.4723 	EXP 	responsefixationCrossDisplay: autoDraw = False
33.4889 	EXP 	responsefixationCrossDisplay: autoDraw = True
33.4889 	EXP 	responsefixationCrossDisplay: autoDraw = False
33.5056 	EXP 	responsefixationCrossDisplay: autoDraw = False
33.5222 	EXP 	responsefixationCrossDisplay: autoDraw = True
33.5222 	EXP 	responsefixationCrossDisplay: autoDraw = False
33.5390 	EXP 	responsefixationCrossDisplay: autoDraw = False
33.5557 	EXP 	responsefixationCrossDisplay: autoDraw = True
33.5557 	EXP 	responsefixationCrossDisplay: autoDraw = False
33.5724 	EXP 	responsefixationCrossDisplay: autoDraw = False
33.5894 	EXP 	responsefixationCrossDisplay: autoDraw = True
33.5894 	EXP 	responsefixationCrossDisplay: autoDraw = False
33.6056 	EXP 	responsefixationCrossDisplay: autoDraw = False
33.6223 	EXP 	responsefixationCrossDisplay: autoDraw = True
33.6223 	EXP 	responsefixationCrossDisplay: autoDraw = False
33.6389 	EXP 	responsefixationCrossDisplay: autoDraw = False
33.6555 	EXP 	responsefixationCrossDisplay: autoDraw = True
33.6555 	EXP 	responsefixationCrossDisplay: autoDraw = False
33.6722 	EXP 	responsefixationCrossDisplay: autoDraw = False
33.6889 	EXP 	responsefixationCrossDisplay: autoDraw = True
33.6889 	EXP 	responsefixationCrossDisplay: autoDraw = False
33.7056 	EXP 	responsefixationCrossDisplay: autoDraw = False
33.7222 	EXP 	responsefixationCrossDisplay: autoDraw = True
33.7222 	EXP 	responsefixationCrossDisplay: autoDraw = False
33.7389 	EXP 	responsefixationCrossDisplay: autoDraw = False
33.7555 	EXP 	responsefixationCrossDisplay: autoDraw = True
33.7555 	EXP 	responsefixationCrossDisplay: autoDraw = False
33.7722 	EXP 	responsefixationCrossDisplay: autoDraw = False
33.7889 	EXP 	responsefixationCrossDisplay: autoDraw = True
33.7889 	EXP 	responsefixationCrossDisplay: autoDraw = False
33.8056 	EXP 	responsefixationCrossDisplay: autoDraw = False
33.8223 	EXP 	responsefixationCrossDisplay: autoDraw = True
33.8223 	EXP 	responsefixationCrossDisplay: autoDraw = False
33.8390 	EXP 	responsefixationCrossDisplay: autoDraw = False
33.8556 	EXP 	responsefixationCrossDisplay: autoDraw = True
33.8556 	EXP 	responsefixationCrossDisplay: autoDraw = False
33.8723 	EXP 	responsefixationCrossDisplay: autoDraw = False
33.8890 	EXP 	responsefixationCrossDisplay: autoDraw = True
33.8890 	EXP 	responsefixationCrossDisplay: autoDraw = False
33.9056 	EXP 	responsefixationCrossDisplay: autoDraw = False
33.9224 	EXP 	responsefixationCrossDisplay: autoDraw = True
33.9224 	EXP 	responsefixationCrossDisplay: autoDraw = False
33.9389 	EXP 	responsefixationCrossDisplay: autoDraw = False
33.9555 	EXP 	responsefixationCrossDisplay: autoDraw = True
33.9555 	EXP 	responsefixationCrossDisplay: autoDraw = False
33.9723 	EXP 	responsefixationCrossDisplay: autoDraw = False
33.9889 	EXP 	responsefixationCrossDisplay: autoDraw = True
33.9889 	EXP 	responsefixationCrossDisplay: autoDraw = False
34.0056 	EXP 	responsefixationCrossDisplay: autoDraw = False
34.0222 	EXP 	responsefixationCrossDisplay: autoDraw = True
34.0222 	EXP 	responsefixationCrossDisplay: autoDraw = False
34.0389 	EXP 	responsefixationCrossDisplay: autoDraw = False
34.0555 	EXP 	responsefixationCrossDisplay: autoDraw = True
34.0555 	EXP 	responsefixationCrossDisplay: autoDraw = False
34.0723 	EXP 	responsefixationCrossDisplay: autoDraw = False
34.0888 	EXP 	responsefixationCrossDisplay: autoDraw = True
34.0888 	EXP 	responsefixationCrossDisplay: autoDraw = False
34.1059 	EXP 	responsefixationCrossDisplay: autoDraw = False
34.1221 	EXP 	responsefixationCrossDisplay: autoDraw = True
34.1221 	EXP 	responsefixationCrossDisplay: autoDraw = False
34.1389 	EXP 	responsefixationCrossDisplay: autoDraw = False
34.1555 	EXP 	responsefixationCrossDisplay: autoDraw = True
34.1555 	EXP 	responsefixationCrossDisplay: autoDraw = False
34.1722 	EXP 	responsefixationCrossDisplay: autoDraw = False
34.1889 	EXP 	responsefixationCrossDisplay: autoDraw = True
34.1889 	EXP 	responsefixationCrossDisplay: autoDraw = False
34.2056 	EXP 	responsefixationCrossDisplay: autoDraw = False
34.2223 	EXP 	responsefixationCrossDisplay: autoDraw = True
34.2223 	EXP 	responsefixationCrossDisplay: autoDraw = False
34.2390 	EXP 	responsefixationCrossDisplay: autoDraw = False
34.2556 	EXP 	responsefixationCrossDisplay: autoDraw = True
34.2556 	EXP 	responsefixationCrossDisplay: autoDraw = False
34.2723 	EXP 	responsefixationCrossDisplay: autoDraw = False
34.2889 	EXP 	responsefixationCrossDisplay: autoDraw = True
34.2889 	EXP 	responsefixationCrossDisplay: autoDraw = False
34.3055 	EXP 	responsefixationCrossDisplay: autoDraw = False
34.3222 	EXP 	responsefixationCrossDisplay: autoDraw = True
34.3222 	EXP 	responsefixationCrossDisplay: autoDraw = False
34.3388 	EXP 	responsefixationCrossDisplay: autoDraw = False
34.3556 	EXP 	responsefixationCrossDisplay: autoDraw = True
34.3556 	EXP 	responsefixationCrossDisplay: autoDraw = False
34.3722 	EXP 	responsefixationCrossDisplay: autoDraw = False
34.3889 	EXP 	responsefixationCrossDisplay: autoDraw = True
34.3889 	EXP 	responsefixationCrossDisplay: autoDraw = False
34.4055 	EXP 	responsefixationCrossDisplay: autoDraw = False
34.4222 	EXP 	responsefixationCrossDisplay: autoDraw = True
34.4222 	EXP 	responsefixationCrossDisplay: autoDraw = False
34.4388 	EXP 	responsefixationCrossDisplay: autoDraw = False
34.4555 	EXP 	responsefixationCrossDisplay: autoDraw = True
34.4555 	EXP 	responsefixationCrossDisplay: autoDraw = False
34.4721 	EXP 	responsefixationCrossDisplay: autoDraw = False
34.4889 	EXP 	responsefixationCrossDisplay: autoDraw = True
34.4889 	EXP 	responsefixationCrossDisplay: autoDraw = False
34.5054 	EXP 	responsefixationCrossDisplay: autoDraw = False
34.5221 	EXP 	responsefixationCrossDisplay: autoDraw = True
34.5221 	EXP 	responsefixationCrossDisplay: autoDraw = False
34.5388 	EXP 	responsefixationCrossDisplay: autoDraw = False
34.5555 	EXP 	responsefixationCrossDisplay: autoDraw = True
34.5555 	EXP 	responsefixationCrossDisplay: autoDraw = False
34.5721 	EXP 	responsefixationCrossDisplay: autoDraw = False
34.5888 	EXP 	responsefixationCrossDisplay: autoDraw = True
34.5888 	EXP 	responsefixationCrossDisplay: autoDraw = False
34.6055 	EXP 	responsefixationCrossDisplay: autoDraw = False
34.6221 	EXP 	responsefixationCrossDisplay: autoDraw = True
34.6221 	EXP 	responsefixationCrossDisplay: autoDraw = False
34.6388 	EXP 	responsefixationCrossDisplay: autoDraw = False
34.6556 	EXP 	responsefixationCrossDisplay: autoDraw = True
34.6556 	EXP 	responsefixationCrossDisplay: autoDraw = False
34.6721 	EXP 	responsefixationCrossDisplay: autoDraw = False
34.6886 	EXP 	responsefixationCrossDisplay: autoDraw = True
34.6886 	EXP 	responsefixationCrossDisplay: autoDraw = False
34.7054 	EXP 	responsefixationCrossDisplay: autoDraw = False
34.7221 	EXP 	responsefixationCrossDisplay: autoDraw = True
34.7221 	EXP 	responsefixationCrossDisplay: autoDraw = False
34.7388 	EXP 	responsefixationCrossDisplay: autoDraw = False
34.7554 	EXP 	responsefixationCrossDisplay: autoDraw = True
34.7554 	EXP 	responsefixationCrossDisplay: autoDraw = False
34.7721 	EXP 	responsefixationCrossDisplay: autoDraw = False
34.7888 	EXP 	responsefixationCrossDisplay: autoDraw = True
34.7888 	EXP 	responsefixationCrossDisplay: autoDraw = False
34.8055 	EXP 	responsefixationCrossDisplay: autoDraw = False
34.8221 	EXP 	responsefixationCrossDisplay: autoDraw = True
34.8221 	EXP 	responsefixationCrossDisplay: autoDraw = False
34.8388 	EXP 	responsefixationCrossDisplay: autoDraw = False
34.8554 	EXP 	responsefixationCrossDisplay: autoDraw = True
34.8554 	EXP 	responsefixationCrossDisplay: autoDraw = False
34.8723 	EXP 	responsefixationCrossDisplay: autoDraw = False
34.8887 	EXP 	responsefixationCrossDisplay: autoDraw = True
34.8887 	EXP 	responsefixationCrossDisplay: autoDraw = False
34.9056 	EXP 	responsefixationCrossDisplay: autoDraw = False
34.9222 	EXP 	responsefixationCrossDisplay: autoDraw = True
34.9222 	EXP 	responsefixationCrossDisplay: autoDraw = False
34.9387 	EXP 	responsefixationCrossDisplay: autoDraw = False
34.9554 	EXP 	responsefixationCrossDisplay: autoDraw = True
34.9554 	EXP 	responsefixationCrossDisplay: autoDraw = False
34.9721 	EXP 	responsefixationCrossDisplay: autoDraw = False
34.9887 	EXP 	responsefixationCrossDisplay: autoDraw = True
34.9887 	EXP 	responsefixationCrossDisplay: autoDraw = False
35.0054 	EXP 	responsefixationCrossDisplay: autoDraw = False
35.0221 	EXP 	responsefixationCrossDisplay: autoDraw = True
35.0221 	EXP 	responsefixationCrossDisplay: autoDraw = False
35.0387 	EXP 	responsefixationCrossDisplay: autoDraw = False
35.0554 	EXP 	responsefixationCrossDisplay: autoDraw = True
35.0554 	EXP 	responsefixationCrossDisplay: autoDraw = False
35.0721 	EXP 	responsefixationCrossDisplay: autoDraw = False
35.0887 	EXP 	responsefixationCrossDisplay: autoDraw = True
35.0887 	EXP 	responsefixationCrossDisplay: autoDraw = False
35.1053 	EXP 	responsefixationCrossDisplay: autoDraw = False
35.1220 	EXP 	responsefixationCrossDisplay: autoDraw = True
35.1220 	EXP 	responsefixationCrossDisplay: autoDraw = False
35.1387 	EXP 	responsefixationCrossDisplay: autoDraw = False
35.1553 	EXP 	responsefixationCrossDisplay: autoDraw = True
35.1553 	EXP 	responsefixationCrossDisplay: autoDraw = False
35.1720 	EXP 	responsefixationCrossDisplay: autoDraw = False
35.1886 	EXP 	responsefixationCrossDisplay: autoDraw = True
35.1886 	EXP 	responsefixationCrossDisplay: autoDraw = False
35.2054 	EXP 	responsefixationCrossDisplay: autoDraw = False
35.2220 	EXP 	responsefixationCrossDisplay: autoDraw = True
35.2220 	EXP 	responsefixationCrossDisplay: autoDraw = False
35.2386 	EXP 	responsefixationCrossDisplay: autoDraw = False
35.2553 	EXP 	responsefixationCrossDisplay: autoDraw = True
35.2553 	EXP 	responsefixationCrossDisplay: autoDraw = False
35.2720 	EXP 	responsefixationCrossDisplay: autoDraw = False
35.2887 	EXP 	responsefixationCrossDisplay: autoDraw = True
35.2887 	EXP 	responsefixationCrossDisplay: autoDraw = False
35.3053 	EXP 	responsefixationCrossDisplay: autoDraw = False
35.3221 	EXP 	responsefixationCrossDisplay: autoDraw = True
35.3221 	EXP 	responsefixationCrossDisplay: autoDraw = False
35.3387 	EXP 	responsefixationCrossDisplay: autoDraw = False
35.3553 	EXP 	responsefixationCrossDisplay: autoDraw = True
35.3553 	EXP 	responsefixationCrossDisplay: autoDraw = False
35.3720 	EXP 	responsefixationCrossDisplay: autoDraw = False
35.3889 	EXP 	responsefixationCrossDisplay: autoDraw = True
35.3889 	EXP 	responsefixationCrossDisplay: autoDraw = False
35.4053 	EXP 	responsefixationCrossDisplay: autoDraw = False
35.4220 	EXP 	responsefixationCrossDisplay: autoDraw = True
35.4220 	EXP 	responsefixationCrossDisplay: autoDraw = False
35.4387 	EXP 	responsefixationCrossDisplay: autoDraw = False
35.4553 	EXP 	responsefixationCrossDisplay: autoDraw = True
35.4553 	EXP 	responsefixationCrossDisplay: autoDraw = False
35.4734 	EXP 	responsefixationCrossDisplay: autoDraw = False
35.4907 	EXP 	responsefixationCrossDisplay: autoDraw = True
35.4907 	EXP 	responsefixationCrossDisplay: autoDraw = False
35.5071 	EXP 	responsefixationCrossDisplay: autoDraw = False
35.5237 	EXP 	responsefixationCrossDisplay: autoDraw = True
35.5237 	EXP 	responsefixationCrossDisplay: autoDraw = False
35.5405 	EXP 	responsefixationCrossDisplay: autoDraw = False
35.5454 	DATA 	Mouse: Right button down, pos=(231,215)
35.5570 	EXP 	responsefixationCrossDisplay: autoDraw = True
35.5570 	EXP 	responsefixationCrossDisplay: autoDraw = False
35.5570 	EXP 	StimuliText: autoDraw = False
35.5570 	EXP 	responsefixationCrossDisplay: autoDraw = True
35.5570 	EXP 	responsefixationCrossDisplay: foreColor = <psychopy.colors.Color: purple, alpha=1.0>
35.6599 	DATA 	Mouse:  Right button up, pos=(231,215)
37.3746 	EXP 	New trial (rep=0, index=8): <Trial 8 (8 in rep 0) data={'Block': 9, 'Stimuli_Type': 'LiterallyFalse', 'Stimuli': 'The jingle was a dirty brush.', 'One_subsubj_two_subObj': 2, 'correct_answer': False, 'thisN': 8, 'thisTrialN': 8, 'thisRepN': 0}>
37.3878 	EXP 	StimuliText: autoDraw = False
37.3878 	EXP 	LeftResponseInstruction: autoDraw = False
37.3878 	EXP 	rightResponseInstruction: autoDraw = False
37.3878 	EXP 	responsefixationCrossDisplay: autoDraw = False
37.3878 	EXP 	responsefixationCrossDisplay: foreColor = <psychopy.colors.Color: black, alpha=1.0>
37.3878 	EXP 	StimuliText: height = np.float64(0.05)
37.3878 	EXP 	StimuliText: height = np.float64(0.05)
37.3878 	EXP 	StimuliText: height = np.float64(0.05)
37.3878 	EXP 	StimuliText: text = 'The jingle was a dirty brush.'
37.3878 	EXP 	StimuliText: autoDraw = True
37.3878 	EXP 	LeftResponseInstruction: autoDraw = True
37.3878 	EXP 	rightResponseInstruction: autoDraw = True
37.3878 	EXP 	responsefixationCrossDisplay: autoDraw = True
37.3878 	EXP 	responsefixationCrossDisplay: autoDraw = False
37.4054 	EXP 	responsefixationCrossDisplay: autoDraw = False
37.4217 	EXP 	responsefixationCrossDisplay: autoDraw = True
37.4217 	EXP 	responsefixationCrossDisplay: autoDraw = False
37.4388 	EXP 	responsefixationCrossDisplay: autoDraw = False
37.4551 	EXP 	responsefixationCrossDisplay: autoDraw = True
37.4551 	EXP 	responsefixationCrossDisplay: autoDraw = False
37.4718 	EXP 	responsefixationCrossDisplay: autoDraw = False
37.4883 	EXP 	responsefixationCrossDisplay: autoDraw = True
37.4883 	EXP 	responsefixationCrossDisplay: autoDraw = False
37.5050 	EXP 	responsefixationCrossDisplay: autoDraw = False
37.5218 	EXP 	responsefixationCrossDisplay: autoDraw = True
37.5218 	EXP 	responsefixationCrossDisplay: autoDraw = False
37.5384 	EXP 	responsefixationCrossDisplay: autoDraw = False
37.5550 	EXP 	responsefixationCrossDisplay: autoDraw = True
37.5550 	EXP 	responsefixationCrossDisplay: autoDraw = False
37.5716 	EXP 	responsefixationCrossDisplay: autoDraw = False
37.5886 	EXP 	responsefixationCrossDisplay: autoDraw = True
37.5886 	EXP 	responsefixationCrossDisplay: autoDraw = False
37.6050 	EXP 	responsefixationCrossDisplay: autoDraw = False
37.6217 	EXP 	responsefixationCrossDisplay: autoDraw = True
37.6217 	EXP 	responsefixationCrossDisplay: autoDraw = False
37.6383 	EXP 	responsefixationCrossDisplay: autoDraw = False
37.6552 	EXP 	responsefixationCrossDisplay: autoDraw = True
37.6552 	EXP 	responsefixationCrossDisplay: autoDraw = False
37.6717 	EXP 	responsefixationCrossDisplay: autoDraw = False
37.6883 	EXP 	responsefixationCrossDisplay: autoDraw = True
37.6883 	EXP 	responsefixationCrossDisplay: autoDraw = False
37.7049 	EXP 	responsefixationCrossDisplay: autoDraw = False
37.7219 	EXP 	responsefixationCrossDisplay: autoDraw = True
37.7219 	EXP 	responsefixationCrossDisplay: autoDraw = False
37.7383 	EXP 	responsefixationCrossDisplay: autoDraw = False
37.7550 	EXP 	responsefixationCrossDisplay: autoDraw = True
37.7550 	EXP 	responsefixationCrossDisplay: autoDraw = False
37.7721 	EXP 	responsefixationCrossDisplay: autoDraw = False
37.7905 	EXP 	responsefixationCrossDisplay: autoDraw = True
37.7905 	EXP 	responsefixationCrossDisplay: autoDraw = False
37.8049 	EXP 	responsefixationCrossDisplay: autoDraw = False
37.8216 	EXP 	responsefixationCrossDisplay: autoDraw = True
37.8216 	EXP 	responsefixationCrossDisplay: autoDraw = False
37.8386 	EXP 	responsefixationCrossDisplay: autoDraw = False
37.8552 	EXP 	responsefixationCrossDisplay: autoDraw = True
37.8552 	EXP 	responsefixationCrossDisplay: autoDraw = False
37.8716 	EXP 	responsefixationCrossDisplay: autoDraw = False
37.8884 	EXP 	responsefixationCrossDisplay: autoDraw = True
37.8884 	EXP 	responsefixationCrossDisplay: autoDraw = False
37.9052 	EXP 	responsefixationCrossDisplay: autoDraw = False
37.9217 	EXP 	responsefixationCrossDisplay: autoDraw = True
37.9217 	EXP 	responsefixationCrossDisplay: autoDraw = False
37.9384 	EXP 	responsefixationCrossDisplay: autoDraw = False
37.9550 	EXP 	responsefixationCrossDisplay: autoDraw = True
37.9550 	EXP 	responsefixationCrossDisplay: autoDraw = False
37.9720 	EXP 	responsefixationCrossDisplay: autoDraw = False
37.9883 	EXP 	responsefixationCrossDisplay: autoDraw = True
37.9883 	EXP 	responsefixationCrossDisplay: autoDraw = False
38.0050 	EXP 	responsefixationCrossDisplay: autoDraw = False
38.0215 	EXP 	responsefixationCrossDisplay: autoDraw = True
38.0215 	EXP 	responsefixationCrossDisplay: autoDraw = False
38.0385 	EXP 	responsefixationCrossDisplay: autoDraw = False
38.0550 	EXP 	responsefixationCrossDisplay: autoDraw = True
38.0550 	EXP 	responsefixationCrossDisplay: autoDraw = False
38.0717 	EXP 	responsefixationCrossDisplay: autoDraw = False
38.0886 	EXP 	responsefixationCrossDisplay: autoDraw = True
38.0886 	EXP 	responsefixationCrossDisplay: autoDraw = False
38.1051 	EXP 	responsefixationCrossDisplay: autoDraw = False
38.1220 	EXP 	responsefixationCrossDisplay: autoDraw = True
38.1220 	EXP 	responsefixationCrossDisplay: autoDraw = False
38.1383 	EXP 	responsefixationCrossDisplay: autoDraw = False
38.1551 	EXP 	responsefixationCrossDisplay: autoDraw = True
38.1551 	EXP 	responsefixationCrossDisplay: autoDraw = False
38.1717 	EXP 	responsefixationCrossDisplay: autoDraw = False
38.1882 	EXP 	responsefixationCrossDisplay: autoDraw = True
38.1882 	EXP 	responsefixationCrossDisplay: autoDraw = False
38.2049 	EXP 	responsefixationCrossDisplay: autoDraw = False
38.2215 	EXP 	responsefixationCrossDisplay: autoDraw = True
38.2215 	EXP 	responsefixationCrossDisplay: autoDraw = False
38.2383 	EXP 	responsefixationCrossDisplay: autoDraw = False
38.2549 	EXP 	responsefixationCrossDisplay: autoDraw = True
38.2549 	EXP 	responsefixationCrossDisplay: autoDraw = False
38.2716 	EXP 	responsefixationCrossDisplay: autoDraw = False
38.2883 	EXP 	responsefixationCrossDisplay: autoDraw = True
38.2883 	EXP 	responsefixationCrossDisplay: autoDraw = False
38.3050 	EXP 	responsefixationCrossDisplay: autoDraw = False
38.3216 	EXP 	responsefixationCrossDisplay: autoDraw = True
38.3216 	EXP 	responsefixationCrossDisplay: autoDraw = False
38.3385 	EXP 	responsefixationCrossDisplay: autoDraw = False
38.3551 	EXP 	responsefixationCrossDisplay: autoDraw = True
38.3551 	EXP 	responsefixationCrossDisplay: autoDraw = False
38.3718 	EXP 	responsefixationCrossDisplay: autoDraw = False
38.3883 	EXP 	responsefixationCrossDisplay: autoDraw = True
38.3883 	EXP 	responsefixationCrossDisplay: autoDraw = False
38.4051 	EXP 	responsefixationCrossDisplay: autoDraw = False
38.4216 	EXP 	responsefixationCrossDisplay: autoDraw = True
38.4216 	EXP 	responsefixationCrossDisplay: autoDraw = False
38.4383 	EXP 	responsefixationCrossDisplay: autoDraw = False
38.4550 	EXP 	responsefixationCrossDisplay: autoDraw = True
38.4550 	EXP 	responsefixationCrossDisplay: autoDraw = False
38.4716 	EXP 	responsefixationCrossDisplay: autoDraw = False
38.4885 	EXP 	responsefixationCrossDisplay: autoDraw = True
38.4885 	EXP 	responsefixationCrossDisplay: autoDraw = False
38.5049 	EXP 	responsefixationCrossDisplay: autoDraw = False
38.5216 	EXP 	responsefixationCrossDisplay: autoDraw = True
38.5216 	EXP 	responsefixationCrossDisplay: autoDraw = False
38.5382 	EXP 	responsefixationCrossDisplay: autoDraw = False
38.5548 	EXP 	responsefixationCrossDisplay: autoDraw = True
38.5548 	EXP 	responsefixationCrossDisplay: autoDraw = False
38.5715 	EXP 	responsefixationCrossDisplay: autoDraw = False
38.5883 	EXP 	responsefixationCrossDisplay: autoDraw = True
38.5883 	EXP 	responsefixationCrossDisplay: autoDraw = False
38.6050 	EXP 	responsefixationCrossDisplay: autoDraw = False
38.6216 	EXP 	responsefixationCrossDisplay: autoDraw = True
38.6216 	EXP 	responsefixationCrossDisplay: autoDraw = False
38.6382 	EXP 	responsefixationCrossDisplay: autoDraw = False
38.6548 	EXP 	responsefixationCrossDisplay: autoDraw = True
38.6548 	EXP 	responsefixationCrossDisplay: autoDraw = False
38.6715 	EXP 	responsefixationCrossDisplay: autoDraw = False
38.6882 	EXP 	responsefixationCrossDisplay: autoDraw = True
38.6882 	EXP 	responsefixationCrossDisplay: autoDraw = False
38.7048 	EXP 	responsefixationCrossDisplay: autoDraw = False
38.7216 	EXP 	responsefixationCrossDisplay: autoDraw = True
38.7216 	EXP 	responsefixationCrossDisplay: autoDraw = False
38.7382 	EXP 	responsefixationCrossDisplay: autoDraw = False
38.7549 	EXP 	responsefixationCrossDisplay: autoDraw = True
38.7549 	EXP 	responsefixationCrossDisplay: autoDraw = False
38.7716 	EXP 	responsefixationCrossDisplay: autoDraw = False
38.7882 	EXP 	responsefixationCrossDisplay: autoDraw = True
38.7882 	EXP 	responsefixationCrossDisplay: autoDraw = False
38.8049 	EXP 	responsefixationCrossDisplay: autoDraw = False
38.8215 	EXP 	responsefixationCrossDisplay: autoDraw = True
38.8215 	EXP 	responsefixationCrossDisplay: autoDraw = False
38.8382 	EXP 	responsefixationCrossDisplay: autoDraw = False
38.8548 	EXP 	responsefixationCrossDisplay: autoDraw = True
38.8548 	EXP 	responsefixationCrossDisplay: autoDraw = False
38.8716 	EXP 	responsefixationCrossDisplay: autoDraw = False
38.8881 	EXP 	responsefixationCrossDisplay: autoDraw = True
38.8881 	EXP 	responsefixationCrossDisplay: autoDraw = False
38.9048 	EXP 	responsefixationCrossDisplay: autoDraw = False
38.9215 	EXP 	responsefixationCrossDisplay: autoDraw = True
38.9215 	EXP 	responsefixationCrossDisplay: autoDraw = False
38.9382 	EXP 	responsefixationCrossDisplay: autoDraw = False
38.9551 	EXP 	responsefixationCrossDisplay: autoDraw = True
38.9551 	EXP 	responsefixationCrossDisplay: autoDraw = False
38.9720 	EXP 	responsefixationCrossDisplay: autoDraw = False
38.9903 	EXP 	responsefixationCrossDisplay: autoDraw = True
38.9903 	EXP 	responsefixationCrossDisplay: autoDraw = False
39.0048 	EXP 	responsefixationCrossDisplay: autoDraw = False
39.0215 	EXP 	responsefixationCrossDisplay: autoDraw = True
39.0215 	EXP 	responsefixationCrossDisplay: autoDraw = False
39.0381 	EXP 	responsefixationCrossDisplay: autoDraw = False
39.0550 	EXP 	responsefixationCrossDisplay: autoDraw = True
39.0550 	EXP 	responsefixationCrossDisplay: autoDraw = False
39.0715 	EXP 	responsefixationCrossDisplay: autoDraw = False
39.0881 	EXP 	responsefixationCrossDisplay: autoDraw = True
39.0881 	EXP 	responsefixationCrossDisplay: autoDraw = False
39.1050 	EXP 	responsefixationCrossDisplay: autoDraw = False
39.1215 	EXP 	responsefixationCrossDisplay: autoDraw = True
39.1215 	EXP 	responsefixationCrossDisplay: autoDraw = False
39.1382 	EXP 	responsefixationCrossDisplay: autoDraw = False
39.1547 	EXP 	responsefixationCrossDisplay: autoDraw = True
39.1547 	EXP 	responsefixationCrossDisplay: autoDraw = False
39.1715 	EXP 	responsefixationCrossDisplay: autoDraw = False
39.1882 	EXP 	responsefixationCrossDisplay: autoDraw = True
39.1882 	EXP 	responsefixationCrossDisplay: autoDraw = False
39.2048 	EXP 	responsefixationCrossDisplay: autoDraw = False
39.2214 	EXP 	responsefixationCrossDisplay: autoDraw = True
39.2214 	EXP 	responsefixationCrossDisplay: autoDraw = False
39.2381 	EXP 	responsefixationCrossDisplay: autoDraw = False
39.2548 	EXP 	responsefixationCrossDisplay: autoDraw = True
39.2548 	EXP 	responsefixationCrossDisplay: autoDraw = False
39.2716 	EXP 	responsefixationCrossDisplay: autoDraw = False
39.2881 	EXP 	responsefixationCrossDisplay: autoDraw = True
39.2881 	EXP 	responsefixationCrossDisplay: autoDraw = False
39.3047 	EXP 	responsefixationCrossDisplay: autoDraw = False
39.3078 	DATA 	Mouse: Left button down, pos=(231,215)
39.3214 	EXP 	responsefixationCrossDisplay: autoDraw = True
39.3214 	EXP 	responsefixationCrossDisplay: autoDraw = False
39.3214 	EXP 	StimuliText: autoDraw = False
39.3214 	EXP 	responsefixationCrossDisplay: autoDraw = True
39.3214 	EXP 	responsefixationCrossDisplay: foreColor = <psychopy.colors.Color: purple, alpha=1.0>
39.4596 	DATA 	Mouse:  Left button up, pos=(231,215)
41.8743 	EXP 	New trial (rep=0, index=9): <Trial 9 (9 in rep 0) data={'Block': 9, 'Stimuli_Type': 'LiterallyTrue', 'Stimuli': 'The lone note was a piccolo.', 'One_subsubj_two_subObj': 'no_change', 'correct_answer': True, 'thisN': 9, 'thisTrialN': 9, 'thisRepN': 0}>
41.8876 	EXP 	StimuliText: autoDraw = False
41.8876 	EXP 	LeftResponseInstruction: autoDraw = False
41.8876 	EXP 	rightResponseInstruction: autoDraw = False
41.8876 	EXP 	responsefixationCrossDisplay: autoDraw = False
41.8876 	EXP 	responsefixationCrossDisplay: foreColor = <psychopy.colors.Color: black, alpha=1.0>
41.8876 	EXP 	StimuliText: height = np.float64(0.05)
41.8876 	EXP 	StimuliText: height = np.float64(0.05)
41.8876 	EXP 	StimuliText: height = np.float64(0.05)
41.8876 	EXP 	StimuliText: text = 'The lone note was a piccolo.'
41.8876 	EXP 	StimuliText: autoDraw = True
41.8876 	EXP 	LeftResponseInstruction: autoDraw = True
41.8876 	EXP 	rightResponseInstruction: autoDraw = True
41.8876 	EXP 	responsefixationCrossDisplay: autoDraw = True
41.8876 	EXP 	responsefixationCrossDisplay: autoDraw = False
41.9047 	EXP 	responsefixationCrossDisplay: autoDraw = False
41.9210 	EXP 	responsefixationCrossDisplay: autoDraw = True
41.9210 	EXP 	responsefixationCrossDisplay: autoDraw = False
41.9377 	EXP 	responsefixationCrossDisplay: autoDraw = False
41.9543 	EXP 	responsefixationCrossDisplay: autoDraw = True
41.9543 	EXP 	responsefixationCrossDisplay: autoDraw = False
41.9712 	EXP 	responsefixationCrossDisplay: autoDraw = False
41.9878 	EXP 	responsefixationCrossDisplay: autoDraw = True
41.9878 	EXP 	responsefixationCrossDisplay: autoDraw = False
42.0044 	EXP 	responsefixationCrossDisplay: autoDraw = False
42.0210 	EXP 	responsefixationCrossDisplay: autoDraw = True
42.0210 	EXP 	responsefixationCrossDisplay: autoDraw = False
42.0376 	EXP 	responsefixationCrossDisplay: autoDraw = False
42.0543 	EXP 	responsefixationCrossDisplay: autoDraw = True
42.0543 	EXP 	responsefixationCrossDisplay: autoDraw = False
42.0711 	EXP 	responsefixationCrossDisplay: autoDraw = False
42.0877 	EXP 	responsefixationCrossDisplay: autoDraw = True
42.0877 	EXP 	responsefixationCrossDisplay: autoDraw = False
42.1044 	EXP 	responsefixationCrossDisplay: autoDraw = False
42.1210 	EXP 	responsefixationCrossDisplay: autoDraw = True
42.1210 	EXP 	responsefixationCrossDisplay: autoDraw = False
42.1376 	EXP 	responsefixationCrossDisplay: autoDraw = False
42.1543 	EXP 	responsefixationCrossDisplay: autoDraw = True
42.1543 	EXP 	responsefixationCrossDisplay: autoDraw = False
42.1710 	EXP 	responsefixationCrossDisplay: autoDraw = False
42.1876 	EXP 	responsefixationCrossDisplay: autoDraw = True
42.1876 	EXP 	responsefixationCrossDisplay: autoDraw = False
42.2045 	EXP 	responsefixationCrossDisplay: autoDraw = False
42.2213 	EXP 	responsefixationCrossDisplay: autoDraw = True
42.2213 	EXP 	responsefixationCrossDisplay: autoDraw = False
42.2377 	EXP 	responsefixationCrossDisplay: autoDraw = False
42.2544 	EXP 	responsefixationCrossDisplay: autoDraw = True
42.2544 	EXP 	responsefixationCrossDisplay: autoDraw = False
42.2710 	EXP 	responsefixationCrossDisplay: autoDraw = False
42.2876 	EXP 	responsefixationCrossDisplay: autoDraw = True
42.2876 	EXP 	responsefixationCrossDisplay: autoDraw = False
42.3043 	EXP 	responsefixationCrossDisplay: autoDraw = False
42.3208 	EXP 	responsefixationCrossDisplay: autoDraw = True
42.3208 	EXP 	responsefixationCrossDisplay: autoDraw = False
42.3377 	EXP 	responsefixationCrossDisplay: autoDraw = False
42.3543 	EXP 	responsefixationCrossDisplay: autoDraw = True
42.3543 	EXP 	responsefixationCrossDisplay: autoDraw = False
42.3710 	EXP 	responsefixationCrossDisplay: autoDraw = False
42.3876 	EXP 	responsefixationCrossDisplay: autoDraw = True
42.3876 	EXP 	responsefixationCrossDisplay: autoDraw = False
42.4043 	EXP 	responsefixationCrossDisplay: autoDraw = False
42.4210 	EXP 	responsefixationCrossDisplay: autoDraw = True
42.4210 	EXP 	responsefixationCrossDisplay: autoDraw = False
42.4377 	EXP 	responsefixationCrossDisplay: autoDraw = False
42.4543 	EXP 	responsefixationCrossDisplay: autoDraw = True
42.4543 	EXP 	responsefixationCrossDisplay: autoDraw = False
42.4710 	EXP 	responsefixationCrossDisplay: autoDraw = False
42.4876 	EXP 	responsefixationCrossDisplay: autoDraw = True
42.4876 	EXP 	responsefixationCrossDisplay: autoDraw = False
42.5042 	EXP 	responsefixationCrossDisplay: autoDraw = False
42.5209 	EXP 	responsefixationCrossDisplay: autoDraw = True
42.5209 	EXP 	responsefixationCrossDisplay: autoDraw = False
42.5376 	EXP 	responsefixationCrossDisplay: autoDraw = False
42.5542 	EXP 	responsefixationCrossDisplay: autoDraw = True
42.5542 	EXP 	responsefixationCrossDisplay: autoDraw = False
42.5709 	EXP 	responsefixationCrossDisplay: autoDraw = False
42.5875 	EXP 	responsefixationCrossDisplay: autoDraw = True
42.5875 	EXP 	responsefixationCrossDisplay: autoDraw = False
42.6041 	EXP 	responsefixationCrossDisplay: autoDraw = False
42.6209 	EXP 	responsefixationCrossDisplay: autoDraw = True
42.6209 	EXP 	responsefixationCrossDisplay: autoDraw = False
42.6375 	EXP 	responsefixationCrossDisplay: autoDraw = False
42.6542 	EXP 	responsefixationCrossDisplay: autoDraw = True
42.6542 	EXP 	responsefixationCrossDisplay: autoDraw = False
42.6710 	EXP 	responsefixationCrossDisplay: autoDraw = False
42.6876 	EXP 	responsefixationCrossDisplay: autoDraw = True
42.6876 	EXP 	responsefixationCrossDisplay: autoDraw = False
42.7043 	EXP 	responsefixationCrossDisplay: autoDraw = False
42.7209 	EXP 	responsefixationCrossDisplay: autoDraw = True
42.7209 	EXP 	responsefixationCrossDisplay: autoDraw = False
42.7375 	EXP 	responsefixationCrossDisplay: autoDraw = False
42.7542 	EXP 	responsefixationCrossDisplay: autoDraw = True
42.7542 	EXP 	responsefixationCrossDisplay: autoDraw = False
42.7709 	EXP 	responsefixationCrossDisplay: autoDraw = False
42.7877 	EXP 	responsefixationCrossDisplay: autoDraw = True
42.7877 	EXP 	responsefixationCrossDisplay: autoDraw = False
42.8041 	EXP 	responsefixationCrossDisplay: autoDraw = False
42.8210 	EXP 	responsefixationCrossDisplay: autoDraw = True
42.8210 	EXP 	responsefixationCrossDisplay: autoDraw = False
42.8376 	EXP 	responsefixationCrossDisplay: autoDraw = False
42.8543 	EXP 	responsefixationCrossDisplay: autoDraw = True
42.8543 	EXP 	responsefixationCrossDisplay: autoDraw = False
42.8710 	EXP 	responsefixationCrossDisplay: autoDraw = False
42.8875 	EXP 	responsefixationCrossDisplay: autoDraw = True
42.8875 	EXP 	responsefixationCrossDisplay: autoDraw = False
42.9043 	EXP 	responsefixationCrossDisplay: autoDraw = False
42.9208 	EXP 	responsefixationCrossDisplay: autoDraw = True
42.9208 	EXP 	responsefixationCrossDisplay: autoDraw = False
42.9375 	EXP 	responsefixationCrossDisplay: autoDraw = False
42.9542 	EXP 	responsefixationCrossDisplay: autoDraw = True
42.9542 	EXP 	responsefixationCrossDisplay: autoDraw = False
42.9709 	EXP 	responsefixationCrossDisplay: autoDraw = False
42.9875 	EXP 	responsefixationCrossDisplay: autoDraw = True
42.9875 	EXP 	responsefixationCrossDisplay: autoDraw = False
43.0042 	EXP 	responsefixationCrossDisplay: autoDraw = False
43.0208 	EXP 	responsefixationCrossDisplay: autoDraw = True
43.0208 	EXP 	responsefixationCrossDisplay: autoDraw = False
43.0376 	EXP 	responsefixationCrossDisplay: autoDraw = False
43.0542 	EXP 	responsefixationCrossDisplay: autoDraw = True
43.0542 	EXP 	responsefixationCrossDisplay: autoDraw = False
43.0709 	EXP 	responsefixationCrossDisplay: autoDraw = False
43.0876 	EXP 	responsefixationCrossDisplay: autoDraw = True
43.0876 	EXP 	responsefixationCrossDisplay: autoDraw = False
43.1063 	EXP 	responsefixationCrossDisplay: autoDraw = False
43.1209 	EXP 	responsefixationCrossDisplay: autoDraw = True
43.1209 	EXP 	responsefixationCrossDisplay: autoDraw = False
43.1375 	EXP 	responsefixationCrossDisplay: autoDraw = False
43.1542 	EXP 	responsefixationCrossDisplay: autoDraw = True
43.1542 	EXP 	responsefixationCrossDisplay: autoDraw = False
43.1708 	EXP 	responsefixationCrossDisplay: autoDraw = False
43.1875 	EXP 	responsefixationCrossDisplay: autoDraw = True
43.1875 	EXP 	responsefixationCrossDisplay: autoDraw = False
43.2041 	EXP 	responsefixationCrossDisplay: autoDraw = False
43.2217 	EXP 	responsefixationCrossDisplay: autoDraw = True
43.2217 	EXP 	responsefixationCrossDisplay: autoDraw = False
43.2374 	EXP 	responsefixationCrossDisplay: autoDraw = False
43.2541 	EXP 	responsefixationCrossDisplay: autoDraw = True
43.2541 	EXP 	responsefixationCrossDisplay: autoDraw = False
43.2708 	EXP 	responsefixationCrossDisplay: autoDraw = False
43.2875 	EXP 	responsefixationCrossDisplay: autoDraw = True
43.2875 	EXP 	responsefixationCrossDisplay: autoDraw = False
43.3042 	EXP 	responsefixationCrossDisplay: autoDraw = False
43.3208 	EXP 	responsefixationCrossDisplay: autoDraw = True
43.3208 	EXP 	responsefixationCrossDisplay: autoDraw = False
43.3374 	EXP 	responsefixationCrossDisplay: autoDraw = False
43.3541 	EXP 	responsefixationCrossDisplay: autoDraw = True
43.3541 	EXP 	responsefixationCrossDisplay: autoDraw = False
43.3707 	EXP 	responsefixationCrossDisplay: autoDraw = False
43.3874 	EXP 	responsefixationCrossDisplay: autoDraw = True
43.3874 	EXP 	responsefixationCrossDisplay: autoDraw = False
43.4041 	EXP 	responsefixationCrossDisplay: autoDraw = False
43.4210 	EXP 	responsefixationCrossDisplay: autoDraw = True
43.4210 	EXP 	responsefixationCrossDisplay: autoDraw = False
43.4399 	EXP 	responsefixationCrossDisplay: autoDraw = False
43.4542 	EXP 	responsefixationCrossDisplay: autoDraw = True
43.4542 	EXP 	responsefixationCrossDisplay: autoDraw = False
43.4708 	EXP 	responsefixationCrossDisplay: autoDraw = False
43.4876 	EXP 	responsefixationCrossDisplay: autoDraw = True
43.4876 	EXP 	responsefixationCrossDisplay: autoDraw = False
43.4906 	DATA 	Mouse: Right button down, pos=(231,215)
43.5043 	EXP 	responsefixationCrossDisplay: autoDraw = False
43.5043 	EXP 	StimuliText: autoDraw = False
43.5043 	EXP 	responsefixationCrossDisplay: autoDraw = True
43.5043 	EXP 	responsefixationCrossDisplay: foreColor = <psychopy.colors.Color: purple, alpha=1.0>
43.6091 	DATA 	Mouse:  Right button up, pos=(231,215)
46.3735 	EXP 	New trial (rep=0, index=10): <Trial 10 (10 in rep 0) data={'Block': 9, 'Stimuli_Type': 'LiterallyTrue', 'Stimuli': 'His pathetic plea was a whimper.', 'One_subsubj_two_subObj': 'no_change', 'correct_answer': True, 'thisN': 10, 'thisTrialN': 10, 'thisRepN': 0}>
46.3870 	EXP 	StimuliText: autoDraw = False
46.3870 	EXP 	LeftResponseInstruction: autoDraw = False
46.3870 	EXP 	rightResponseInstruction: autoDraw = False
46.3870 	EXP 	responsefixationCrossDisplay: autoDraw = False
46.3870 	EXP 	responsefixationCrossDisplay: foreColor = <psychopy.colors.Color: black, alpha=1.0>
46.3870 	EXP 	StimuliText: height = np.float64(0.05)
46.3870 	EXP 	StimuliText: height = np.float64(0.05)
46.3870 	EXP 	StimuliText: height = np.float64(0.05)
46.3870 	EXP 	StimuliText: text = 'His pathetic plea was a whimper.'
46.3870 	EXP 	StimuliText: autoDraw = True
46.3870 	EXP 	LeftResponseInstruction: autoDraw = True
46.3870 	EXP 	rightResponseInstruction: autoDraw = True
46.3870 	EXP 	responsefixationCrossDisplay: autoDraw = True
46.3870 	EXP 	responsefixationCrossDisplay: autoDraw = False
46.4037 	EXP 	responsefixationCrossDisplay: autoDraw = False
46.4204 	EXP 	responsefixationCrossDisplay: autoDraw = True
46.4204 	EXP 	responsefixationCrossDisplay: autoDraw = False
46.4370 	EXP 	responsefixationCrossDisplay: autoDraw = False
46.4536 	EXP 	responsefixationCrossDisplay: autoDraw = True
46.4536 	EXP 	responsefixationCrossDisplay: autoDraw = False
46.4706 	EXP 	responsefixationCrossDisplay: autoDraw = False
46.4871 	EXP 	responsefixationCrossDisplay: autoDraw = True
46.4871 	EXP 	responsefixationCrossDisplay: autoDraw = False
46.5037 	EXP 	responsefixationCrossDisplay: autoDraw = False
46.5204 	EXP 	responsefixationCrossDisplay: autoDraw = True
46.5204 	EXP 	responsefixationCrossDisplay: autoDraw = False
46.5374 	EXP 	responsefixationCrossDisplay: autoDraw = False
46.5536 	EXP 	responsefixationCrossDisplay: autoDraw = True
46.5536 	EXP 	responsefixationCrossDisplay: autoDraw = False
46.5702 	EXP 	responsefixationCrossDisplay: autoDraw = False
46.5869 	EXP 	responsefixationCrossDisplay: autoDraw = True
46.5869 	EXP 	responsefixationCrossDisplay: autoDraw = False
46.6036 	EXP 	responsefixationCrossDisplay: autoDraw = False
46.6204 	EXP 	responsefixationCrossDisplay: autoDraw = True
46.6204 	EXP 	responsefixationCrossDisplay: autoDraw = False
46.6369 	EXP 	responsefixationCrossDisplay: autoDraw = False
46.6536 	EXP 	responsefixationCrossDisplay: autoDraw = True
46.6536 	EXP 	responsefixationCrossDisplay: autoDraw = False
46.6703 	EXP 	responsefixationCrossDisplay: autoDraw = False
46.6870 	EXP 	responsefixationCrossDisplay: autoDraw = True
46.6870 	EXP 	responsefixationCrossDisplay: autoDraw = False
46.7037 	EXP 	responsefixationCrossDisplay: autoDraw = False
46.7204 	EXP 	responsefixationCrossDisplay: autoDraw = True
46.7204 	EXP 	responsefixationCrossDisplay: autoDraw = False
46.7369 	EXP 	responsefixationCrossDisplay: autoDraw = False
46.7536 	EXP 	responsefixationCrossDisplay: autoDraw = True
46.7536 	EXP 	responsefixationCrossDisplay: autoDraw = False
46.7703 	EXP 	responsefixationCrossDisplay: autoDraw = False
46.7870 	EXP 	responsefixationCrossDisplay: autoDraw = True
46.7870 	EXP 	responsefixationCrossDisplay: autoDraw = False
46.8036 	EXP 	responsefixationCrossDisplay: autoDraw = False
46.8204 	EXP 	responsefixationCrossDisplay: autoDraw = True
46.8204 	EXP 	responsefixationCrossDisplay: autoDraw = False
46.8370 	EXP 	responsefixationCrossDisplay: autoDraw = False
46.8536 	EXP 	responsefixationCrossDisplay: autoDraw = True
46.8536 	EXP 	responsefixationCrossDisplay: autoDraw = False
46.8704 	EXP 	responsefixationCrossDisplay: autoDraw = False
46.8870 	EXP 	responsefixationCrossDisplay: autoDraw = True
46.8870 	EXP 	responsefixationCrossDisplay: autoDraw = False
46.9035 	EXP 	responsefixationCrossDisplay: autoDraw = False
46.9201 	EXP 	responsefixationCrossDisplay: autoDraw = True
46.9201 	EXP 	responsefixationCrossDisplay: autoDraw = False
46.9368 	EXP 	responsefixationCrossDisplay: autoDraw = False
46.9535 	EXP 	responsefixationCrossDisplay: autoDraw = True
46.9535 	EXP 	responsefixationCrossDisplay: autoDraw = False
46.9702 	EXP 	responsefixationCrossDisplay: autoDraw = False
46.9868 	EXP 	responsefixationCrossDisplay: autoDraw = True
46.9868 	EXP 	responsefixationCrossDisplay: autoDraw = False
47.0035 	EXP 	responsefixationCrossDisplay: autoDraw = False
47.0201 	EXP 	responsefixationCrossDisplay: autoDraw = True
47.0201 	EXP 	responsefixationCrossDisplay: autoDraw = False
47.0368 	EXP 	responsefixationCrossDisplay: autoDraw = False
47.0535 	EXP 	responsefixationCrossDisplay: autoDraw = True
47.0535 	EXP 	responsefixationCrossDisplay: autoDraw = False
47.0703 	EXP 	responsefixationCrossDisplay: autoDraw = False
47.0868 	EXP 	responsefixationCrossDisplay: autoDraw = True
47.0868 	EXP 	responsefixationCrossDisplay: autoDraw = False
47.1035 	EXP 	responsefixationCrossDisplay: autoDraw = False
47.1202 	EXP 	responsefixationCrossDisplay: autoDraw = True
47.1202 	EXP 	responsefixationCrossDisplay: autoDraw = False
47.1369 	EXP 	responsefixationCrossDisplay: autoDraw = False
47.1535 	EXP 	responsefixationCrossDisplay: autoDraw = True
47.1535 	EXP 	responsefixationCrossDisplay: autoDraw = False
47.1702 	EXP 	responsefixationCrossDisplay: autoDraw = False
47.1868 	EXP 	responsefixationCrossDisplay: autoDraw = True
47.1868 	EXP 	responsefixationCrossDisplay: autoDraw = False
47.2036 	EXP 	responsefixationCrossDisplay: autoDraw = False
47.2204 	EXP 	responsefixationCrossDisplay: autoDraw = True
47.2204 	EXP 	responsefixationCrossDisplay: autoDraw = False
47.2370 	EXP 	responsefixationCrossDisplay: autoDraw = False
47.2535 	EXP 	responsefixationCrossDisplay: autoDraw = True
47.2535 	EXP 	responsefixationCrossDisplay: autoDraw = False
47.2701 	EXP 	responsefixationCrossDisplay: autoDraw = False
47.2868 	EXP 	responsefixationCrossDisplay: autoDraw = True
47.2868 	EXP 	responsefixationCrossDisplay: autoDraw = False
47.3035 	EXP 	responsefixationCrossDisplay: autoDraw = False
47.3202 	EXP 	responsefixationCrossDisplay: autoDraw = True
47.3202 	EXP 	responsefixationCrossDisplay: autoDraw = False
47.3368 	EXP 	responsefixationCrossDisplay: autoDraw = False
47.3535 	EXP 	responsefixationCrossDisplay: autoDraw = True
47.3535 	EXP 	responsefixationCrossDisplay: autoDraw = False
47.3701 	EXP 	responsefixationCrossDisplay: autoDraw = False
47.3868 	EXP 	responsefixationCrossDisplay: autoDraw = True
47.3868 	EXP 	responsefixationCrossDisplay: autoDraw = False
47.4034 	EXP 	responsefixationCrossDisplay: autoDraw = False
47.4201 	EXP 	responsefixationCrossDisplay: autoDraw = True
47.4201 	EXP 	responsefixationCrossDisplay: autoDraw = False
47.4368 	EXP 	responsefixationCrossDisplay: autoDraw = False
47.4534 	EXP 	responsefixationCrossDisplay: autoDraw = True
47.4534 	EXP 	responsefixationCrossDisplay: autoDraw = False
47.4702 	EXP 	responsefixationCrossDisplay: autoDraw = False
47.4868 	EXP 	responsefixationCrossDisplay: autoDraw = True
47.4868 	EXP 	responsefixationCrossDisplay: autoDraw = False
47.5036 	EXP 	responsefixationCrossDisplay: autoDraw = False
47.5201 	EXP 	responsefixationCrossDisplay: autoDraw = True
47.5201 	EXP 	responsefixationCrossDisplay: autoDraw = False
47.5368 	EXP 	responsefixationCrossDisplay: autoDraw = False
47.5534 	EXP 	responsefixationCrossDisplay: autoDraw = True
47.5534 	EXP 	responsefixationCrossDisplay: autoDraw = False
47.5701 	EXP 	responsefixationCrossDisplay: autoDraw = False
47.5868 	EXP 	responsefixationCrossDisplay: autoDraw = True
47.5868 	EXP 	responsefixationCrossDisplay: autoDraw = False
47.6035 	EXP 	responsefixationCrossDisplay: autoDraw = False
47.6202 	EXP 	responsefixationCrossDisplay: autoDraw = True
47.6202 	EXP 	responsefixationCrossDisplay: autoDraw = False
47.6368 	EXP 	responsefixationCrossDisplay: autoDraw = False
47.6535 	EXP 	responsefixationCrossDisplay: autoDraw = True
47.6535 	EXP 	responsefixationCrossDisplay: autoDraw = False
47.6700 	EXP 	responsefixationCrossDisplay: autoDraw = False
47.6868 	EXP 	responsefixationCrossDisplay: autoDraw = True
47.6868 	EXP 	responsefixationCrossDisplay: autoDraw = False
47.7034 	EXP 	responsefixationCrossDisplay: autoDraw = False
47.7202 	EXP 	responsefixationCrossDisplay: autoDraw = True
47.7202 	EXP 	responsefixationCrossDisplay: autoDraw = False
47.7369 	EXP 	responsefixationCrossDisplay: autoDraw = False
47.7535 	EXP 	responsefixationCrossDisplay: autoDraw = True
47.7535 	EXP 	responsefixationCrossDisplay: autoDraw = False
47.7702 	EXP 	responsefixationCrossDisplay: autoDraw = False
47.7868 	EXP 	responsefixationCrossDisplay: autoDraw = True
47.7868 	EXP 	responsefixationCrossDisplay: autoDraw = False
47.8036 	EXP 	responsefixationCrossDisplay: autoDraw = False
47.8206 	EXP 	responsefixationCrossDisplay: autoDraw = True
47.8206 	EXP 	responsefixationCrossDisplay: autoDraw = False
47.8366 	EXP 	responsefixationCrossDisplay: autoDraw = False
47.8534 	EXP 	responsefixationCrossDisplay: autoDraw = True
47.8534 	EXP 	responsefixationCrossDisplay: autoDraw = False
47.8700 	EXP 	responsefixationCrossDisplay: autoDraw = False
47.8867 	EXP 	responsefixationCrossDisplay: autoDraw = True
47.8867 	EXP 	responsefixationCrossDisplay: autoDraw = False
47.9034 	EXP 	responsefixationCrossDisplay: autoDraw = False
47.9200 	EXP 	responsefixationCrossDisplay: autoDraw = True
47.9200 	EXP 	responsefixationCrossDisplay: autoDraw = False
47.9367 	EXP 	responsefixationCrossDisplay: autoDraw = False
47.9534 	EXP 	responsefixationCrossDisplay: autoDraw = True
47.9534 	EXP 	responsefixationCrossDisplay: autoDraw = False
47.9701 	EXP 	responsefixationCrossDisplay: autoDraw = False
47.9869 	EXP 	responsefixationCrossDisplay: autoDraw = True
47.9869 	EXP 	responsefixationCrossDisplay: autoDraw = False
48.0034 	EXP 	responsefixationCrossDisplay: autoDraw = False
48.0203 	EXP 	responsefixationCrossDisplay: autoDraw = True
48.0203 	EXP 	responsefixationCrossDisplay: autoDraw = False
48.0369 	EXP 	responsefixationCrossDisplay: autoDraw = False
48.0535 	EXP 	responsefixationCrossDisplay: autoDraw = True
48.0535 	EXP 	responsefixationCrossDisplay: autoDraw = False
48.0703 	EXP 	responsefixationCrossDisplay: autoDraw = False
48.0869 	EXP 	responsefixationCrossDisplay: autoDraw = True
48.0869 	EXP 	responsefixationCrossDisplay: autoDraw = False
48.1035 	EXP 	responsefixationCrossDisplay: autoDraw = False
48.1203 	EXP 	responsefixationCrossDisplay: autoDraw = True
48.1203 	EXP 	responsefixationCrossDisplay: autoDraw = False
48.1367 	EXP 	responsefixationCrossDisplay: autoDraw = False
48.1535 	EXP 	responsefixationCrossDisplay: autoDraw = True
48.1535 	EXP 	responsefixationCrossDisplay: autoDraw = False
48.1702 	EXP 	responsefixationCrossDisplay: autoDraw = False
48.1867 	EXP 	responsefixationCrossDisplay: autoDraw = True
48.1867 	EXP 	responsefixationCrossDisplay: autoDraw = False
48.2034 	EXP 	responsefixationCrossDisplay: autoDraw = False
48.2200 	EXP 	responsefixationCrossDisplay: autoDraw = True
48.2200 	EXP 	responsefixationCrossDisplay: autoDraw = False
48.2367 	EXP 	responsefixationCrossDisplay: autoDraw = False
48.2535 	EXP 	responsefixationCrossDisplay: autoDraw = True
48.2535 	EXP 	responsefixationCrossDisplay: autoDraw = False
48.2700 	EXP 	responsefixationCrossDisplay: autoDraw = False
48.2867 	EXP 	responsefixationCrossDisplay: autoDraw = True
48.2867 	EXP 	responsefixationCrossDisplay: autoDraw = False
48.3033 	EXP 	responsefixationCrossDisplay: autoDraw = False
48.3200 	EXP 	responsefixationCrossDisplay: autoDraw = True
48.3200 	EXP 	responsefixationCrossDisplay: autoDraw = False
48.3366 	EXP 	responsefixationCrossDisplay: autoDraw = False
48.3533 	EXP 	responsefixationCrossDisplay: autoDraw = True
48.3533 	EXP 	responsefixationCrossDisplay: autoDraw = False
48.3700 	EXP 	responsefixationCrossDisplay: autoDraw = False
48.3867 	EXP 	responsefixationCrossDisplay: autoDraw = True
48.3867 	EXP 	responsefixationCrossDisplay: autoDraw = False
48.4033 	EXP 	responsefixationCrossDisplay: autoDraw = False
48.4200 	EXP 	responsefixationCrossDisplay: autoDraw = True
48.4200 	EXP 	responsefixationCrossDisplay: autoDraw = False
48.4366 	EXP 	responsefixationCrossDisplay: autoDraw = False
48.4537 	EXP 	responsefixationCrossDisplay: autoDraw = True
48.4537 	EXP 	responsefixationCrossDisplay: autoDraw = False
48.4702 	EXP 	responsefixationCrossDisplay: autoDraw = False
48.4866 	EXP 	responsefixationCrossDisplay: autoDraw = True
48.4866 	EXP 	responsefixationCrossDisplay: autoDraw = False
48.5036 	EXP 	responsefixationCrossDisplay: autoDraw = False
48.5204 	EXP 	responsefixationCrossDisplay: autoDraw = True
48.5204 	EXP 	responsefixationCrossDisplay: autoDraw = False
48.5232 	DATA 	Mouse: Right button down, pos=(231,215)
48.5368 	EXP 	responsefixationCrossDisplay: autoDraw = False
48.5368 	EXP 	StimuliText: autoDraw = False
48.5368 	EXP 	responsefixationCrossDisplay: autoDraw = True
48.5368 	EXP 	responsefixationCrossDisplay: foreColor = <psychopy.colors.Color: purple, alpha=1.0>
48.6246 	DATA 	Mouse:  Right button up, pos=(231,215)
50.8724 	EXP 	New trial (rep=0, index=11): <Trial 11 (11 in rep 0) data={'Block': 9, 'Stimuli_Type': 'LiterallyTrue', 'Stimuli': 'The garden nuisance was a snail.', 'One_subsubj_two_subObj': 'no_change', 'correct_answer': True, 'thisN': 11, 'thisTrialN': 11, 'thisRepN': 0}>
50.8863 	EXP 	StimuliText: autoDraw = False
50.8863 	EXP 	LeftResponseInstruction: autoDraw = False
50.8863 	EXP 	rightResponseInstruction: autoDraw = False
50.8863 	EXP 	responsefixationCrossDisplay: autoDraw = False
50.8863 	EXP 	responsefixationCrossDisplay: foreColor = <psychopy.colors.Color: black, alpha=1.0>
50.8863 	EXP 	StimuliText: height = np.float64(0.05)
50.8863 	EXP 	StimuliText: height = np.float64(0.05)
50.8863 	EXP 	StimuliText: height = np.float64(0.05)
50.8863 	EXP 	StimuliText: text = 'The garden nuisance was a snail.'
50.8863 	EXP 	StimuliText: autoDraw = True
50.8863 	EXP 	LeftResponseInstruction: autoDraw = True
50.8863 	EXP 	rightResponseInstruction: autoDraw = True
50.8863 	EXP 	responsefixationCrossDisplay: autoDraw = True
50.8863 	EXP 	responsefixationCrossDisplay: autoDraw = False
50.9029 	EXP 	responsefixationCrossDisplay: autoDraw = False
50.9196 	EXP 	responsefixationCrossDisplay: autoDraw = True
50.9196 	EXP 	responsefixationCrossDisplay: autoDraw = False
50.9384 	EXP 	responsefixationCrossDisplay: autoDraw = False
50.9529 	EXP 	responsefixationCrossDisplay: autoDraw = True
50.9529 	EXP 	responsefixationCrossDisplay: autoDraw = False
50.9696 	EXP 	responsefixationCrossDisplay: autoDraw = False
50.9862 	EXP 	responsefixationCrossDisplay: autoDraw = True
50.9862 	EXP 	responsefixationCrossDisplay: autoDraw = False
51.0030 	EXP 	responsefixationCrossDisplay: autoDraw = False
51.0196 	EXP 	responsefixationCrossDisplay: autoDraw = True
51.0196 	EXP 	responsefixationCrossDisplay: autoDraw = False
51.0363 	EXP 	responsefixationCrossDisplay: autoDraw = False
51.0529 	EXP 	responsefixationCrossDisplay: autoDraw = True
51.0529 	EXP 	responsefixationCrossDisplay: autoDraw = False
51.0696 	EXP 	responsefixationCrossDisplay: autoDraw = False
51.0864 	EXP 	responsefixationCrossDisplay: autoDraw = True
51.0864 	EXP 	responsefixationCrossDisplay: autoDraw = False
51.1029 	EXP 	responsefixationCrossDisplay: autoDraw = False
51.1197 	EXP 	responsefixationCrossDisplay: autoDraw = True
51.1197 	EXP 	responsefixationCrossDisplay: autoDraw = False
51.1363 	EXP 	responsefixationCrossDisplay: autoDraw = False
51.1529 	EXP 	responsefixationCrossDisplay: autoDraw = True
51.1529 	EXP 	responsefixationCrossDisplay: autoDraw = False
51.1696 	EXP 	responsefixationCrossDisplay: autoDraw = False
51.1863 	EXP 	responsefixationCrossDisplay: autoDraw = True
51.1863 	EXP 	responsefixationCrossDisplay: autoDraw = False
51.2029 	EXP 	responsefixationCrossDisplay: autoDraw = False
51.2197 	EXP 	responsefixationCrossDisplay: autoDraw = True
51.2197 	EXP 	responsefixationCrossDisplay: autoDraw = False
51.2363 	EXP 	responsefixationCrossDisplay: autoDraw = False
51.2530 	EXP 	responsefixationCrossDisplay: autoDraw = True
51.2530 	EXP 	responsefixationCrossDisplay: autoDraw = False
51.2696 	EXP 	responsefixationCrossDisplay: autoDraw = False
51.2863 	EXP 	responsefixationCrossDisplay: autoDraw = True
51.2863 	EXP 	responsefixationCrossDisplay: autoDraw = False
51.3029 	EXP 	responsefixationCrossDisplay: autoDraw = False
51.3195 	EXP 	responsefixationCrossDisplay: autoDraw = True
51.3195 	EXP 	responsefixationCrossDisplay: autoDraw = False
51.3363 	EXP 	responsefixationCrossDisplay: autoDraw = False
51.3529 	EXP 	responsefixationCrossDisplay: autoDraw = True
51.3529 	EXP 	responsefixationCrossDisplay: autoDraw = False
51.3696 	EXP 	responsefixationCrossDisplay: autoDraw = False
51.3863 	EXP 	responsefixationCrossDisplay: autoDraw = True
51.3863 	EXP 	responsefixationCrossDisplay: autoDraw = False
51.4030 	EXP 	responsefixationCrossDisplay: autoDraw = False
51.4197 	EXP 	responsefixationCrossDisplay: autoDraw = True
51.4197 	EXP 	responsefixationCrossDisplay: autoDraw = False
51.4363 	EXP 	responsefixationCrossDisplay: autoDraw = False
51.4529 	EXP 	responsefixationCrossDisplay: autoDraw = True
51.4529 	EXP 	responsefixationCrossDisplay: autoDraw = False
51.4696 	EXP 	responsefixationCrossDisplay: autoDraw = False
51.4862 	EXP 	responsefixationCrossDisplay: autoDraw = True
51.4862 	EXP 	responsefixationCrossDisplay: autoDraw = False
51.5029 	EXP 	responsefixationCrossDisplay: autoDraw = False
51.5196 	EXP 	responsefixationCrossDisplay: autoDraw = True
51.5196 	EXP 	responsefixationCrossDisplay: autoDraw = False
51.5362 	EXP 	responsefixationCrossDisplay: autoDraw = False
51.5528 	EXP 	responsefixationCrossDisplay: autoDraw = True
51.5528 	EXP 	responsefixationCrossDisplay: autoDraw = False
51.5695 	EXP 	responsefixationCrossDisplay: autoDraw = False
51.5862 	EXP 	responsefixationCrossDisplay: autoDraw = True
51.5862 	EXP 	responsefixationCrossDisplay: autoDraw = False
51.6029 	EXP 	responsefixationCrossDisplay: autoDraw = False
51.6195 	EXP 	responsefixationCrossDisplay: autoDraw = True
51.6195 	EXP 	responsefixationCrossDisplay: autoDraw = False
51.6363 	EXP 	responsefixationCrossDisplay: autoDraw = False
51.6528 	EXP 	responsefixationCrossDisplay: autoDraw = True
51.6528 	EXP 	responsefixationCrossDisplay: autoDraw = False
51.6695 	EXP 	responsefixationCrossDisplay: autoDraw = False
51.6861 	EXP 	responsefixationCrossDisplay: autoDraw = True
51.6861 	EXP 	responsefixationCrossDisplay: autoDraw = False
51.7027 	EXP 	responsefixationCrossDisplay: autoDraw = False
51.7195 	EXP 	responsefixationCrossDisplay: autoDraw = True
51.7195 	EXP 	responsefixationCrossDisplay: autoDraw = False
51.7362 	EXP 	responsefixationCrossDisplay: autoDraw = False
51.7528 	EXP 	responsefixationCrossDisplay: autoDraw = True
51.7528 	EXP 	responsefixationCrossDisplay: autoDraw = False
51.7695 	EXP 	responsefixationCrossDisplay: autoDraw = False
51.7861 	EXP 	responsefixationCrossDisplay: autoDraw = True
51.7861 	EXP 	responsefixationCrossDisplay: autoDraw = False
51.8029 	EXP 	responsefixationCrossDisplay: autoDraw = False
51.8195 	EXP 	responsefixationCrossDisplay: autoDraw = True
51.8195 	EXP 	responsefixationCrossDisplay: autoDraw = False
51.8362 	EXP 	responsefixationCrossDisplay: autoDraw = False
51.8528 	EXP 	responsefixationCrossDisplay: autoDraw = True
51.8528 	EXP 	responsefixationCrossDisplay: autoDraw = False
51.8696 	EXP 	responsefixationCrossDisplay: autoDraw = False
51.8862 	EXP 	responsefixationCrossDisplay: autoDraw = True
51.8862 	EXP 	responsefixationCrossDisplay: autoDraw = False
51.9028 	EXP 	responsefixationCrossDisplay: autoDraw = False
51.9194 	EXP 	responsefixationCrossDisplay: autoDraw = True
51.9194 	EXP 	responsefixationCrossDisplay: autoDraw = False
51.9361 	EXP 	responsefixationCrossDisplay: autoDraw = False
51.9527 	EXP 	responsefixationCrossDisplay: autoDraw = True
51.9527 	EXP 	responsefixationCrossDisplay: autoDraw = False
51.9696 	EXP 	responsefixationCrossDisplay: autoDraw = False
51.9861 	EXP 	responsefixationCrossDisplay: autoDraw = True
51.9861 	EXP 	responsefixationCrossDisplay: autoDraw = False
52.0029 	EXP 	responsefixationCrossDisplay: autoDraw = False
52.0195 	EXP 	responsefixationCrossDisplay: autoDraw = True
52.0195 	EXP 	responsefixationCrossDisplay: autoDraw = False
52.0362 	EXP 	responsefixationCrossDisplay: autoDraw = False
52.0530 	EXP 	responsefixationCrossDisplay: autoDraw = True
52.0530 	EXP 	responsefixationCrossDisplay: autoDraw = False
52.0694 	EXP 	responsefixationCrossDisplay: autoDraw = False
52.0862 	EXP 	responsefixationCrossDisplay: autoDraw = True
52.0862 	EXP 	responsefixationCrossDisplay: autoDraw = False
52.1027 	EXP 	responsefixationCrossDisplay: autoDraw = False
52.1195 	EXP 	responsefixationCrossDisplay: autoDraw = True
52.1195 	EXP 	responsefixationCrossDisplay: autoDraw = False
52.1361 	EXP 	responsefixationCrossDisplay: autoDraw = False
52.1527 	EXP 	responsefixationCrossDisplay: autoDraw = True
52.1527 	EXP 	responsefixationCrossDisplay: autoDraw = False
52.1694 	EXP 	responsefixationCrossDisplay: autoDraw = False
52.1861 	EXP 	responsefixationCrossDisplay: autoDraw = True
52.1861 	EXP 	responsefixationCrossDisplay: autoDraw = False
52.2027 	EXP 	responsefixationCrossDisplay: autoDraw = False
52.2194 	EXP 	responsefixationCrossDisplay: autoDraw = True
52.2194 	EXP 	responsefixationCrossDisplay: autoDraw = False
52.2361 	EXP 	responsefixationCrossDisplay: autoDraw = False
52.2527 	EXP 	responsefixationCrossDisplay: autoDraw = True
52.2527 	EXP 	responsefixationCrossDisplay: autoDraw = False
52.2695 	EXP 	responsefixationCrossDisplay: autoDraw = False
52.2861 	EXP 	responsefixationCrossDisplay: autoDraw = True
52.2861 	EXP 	responsefixationCrossDisplay: autoDraw = False
52.3027 	EXP 	responsefixationCrossDisplay: autoDraw = False
52.3194 	EXP 	responsefixationCrossDisplay: autoDraw = True
52.3194 	EXP 	responsefixationCrossDisplay: autoDraw = False
52.3361 	EXP 	responsefixationCrossDisplay: autoDraw = False
52.3528 	EXP 	responsefixationCrossDisplay: autoDraw = True
52.3528 	EXP 	responsefixationCrossDisplay: autoDraw = False
52.3695 	EXP 	responsefixationCrossDisplay: autoDraw = False
52.3862 	EXP 	responsefixationCrossDisplay: autoDraw = True
52.3862 	EXP 	responsefixationCrossDisplay: autoDraw = False
52.4027 	EXP 	responsefixationCrossDisplay: autoDraw = False
52.4194 	EXP 	responsefixationCrossDisplay: autoDraw = True
52.4194 	EXP 	responsefixationCrossDisplay: autoDraw = False
52.4360 	EXP 	responsefixationCrossDisplay: autoDraw = False
52.4527 	EXP 	responsefixationCrossDisplay: autoDraw = True
52.4527 	EXP 	responsefixationCrossDisplay: autoDraw = False
52.4694 	EXP 	responsefixationCrossDisplay: autoDraw = False
52.4861 	EXP 	responsefixationCrossDisplay: autoDraw = True
52.4861 	EXP 	responsefixationCrossDisplay: autoDraw = False
52.5027 	EXP 	responsefixationCrossDisplay: autoDraw = False
52.5193 	EXP 	responsefixationCrossDisplay: autoDraw = True
52.5193 	EXP 	responsefixationCrossDisplay: autoDraw = False
52.5360 	EXP 	responsefixationCrossDisplay: autoDraw = False
52.5527 	EXP 	responsefixationCrossDisplay: autoDraw = True
52.5527 	EXP 	responsefixationCrossDisplay: autoDraw = False
52.5694 	EXP 	responsefixationCrossDisplay: autoDraw = False
52.5860 	EXP 	responsefixationCrossDisplay: autoDraw = True
52.5860 	EXP 	responsefixationCrossDisplay: autoDraw = False
52.6027 	EXP 	responsefixationCrossDisplay: autoDraw = False
52.6195 	EXP 	responsefixationCrossDisplay: autoDraw = True
52.6195 	EXP 	responsefixationCrossDisplay: autoDraw = False
52.6362 	EXP 	responsefixationCrossDisplay: autoDraw = False
52.6527 	EXP 	responsefixationCrossDisplay: autoDraw = True
52.6527 	EXP 	responsefixationCrossDisplay: autoDraw = False
52.6693 	EXP 	responsefixationCrossDisplay: autoDraw = False
52.6721 	DATA 	Mouse: Left button down, pos=(231,215)
52.6860 	EXP 	responsefixationCrossDisplay: autoDraw = True
52.6860 	EXP 	responsefixationCrossDisplay: autoDraw = False
52.6860 	EXP 	StimuliText: autoDraw = False
52.6860 	EXP 	responsefixationCrossDisplay: autoDraw = True
52.6860 	EXP 	responsefixationCrossDisplay: foreColor = <psychopy.colors.Color: purple, alpha=1.0>
52.7571 	DATA 	Mouse:  Left button up, pos=(231,215)
55.3718 	EXP 	New trial (rep=0, index=12): <Trial 12 (12 in rep 0) data={'Block': 9, 'Stimuli_Type': 'LiterallyFalse', 'Stimuli': 'The dinner bell was a house.', 'One_subsubj_two_subObj': 2, 'correct_answer': False, 'thisN': 12, 'thisTrialN': 12, 'thisRepN': 0}>
55.3855 	EXP 	StimuliText: autoDraw = False
55.3855 	EXP 	LeftResponseInstruction: autoDraw = False
55.3855 	EXP 	rightResponseInstruction: autoDraw = False
55.3855 	EXP 	responsefixationCrossDisplay: autoDraw = False
55.3855 	EXP 	responsefixationCrossDisplay: foreColor = <psychopy.colors.Color: black, alpha=1.0>
55.3855 	EXP 	StimuliText: height = np.float64(0.05)
55.3855 	EXP 	StimuliText: height = np.float64(0.05)
55.3855 	EXP 	StimuliText: height = np.float64(0.05)
55.3855 	EXP 	StimuliText: text = 'The dinner bell was a house.'
55.3855 	EXP 	StimuliText: autoDraw = True
55.3855 	EXP 	LeftResponseInstruction: autoDraw = True
55.3855 	EXP 	rightResponseInstruction: autoDraw = True
55.3855 	EXP 	responsefixationCrossDisplay: autoDraw = True
55.3855 	EXP 	responsefixationCrossDisplay: autoDraw = False
55.4022 	EXP 	responsefixationCrossDisplay: autoDraw = False
55.4189 	EXP 	responsefixationCrossDisplay: autoDraw = True
55.4189 	EXP 	responsefixationCrossDisplay: autoDraw = False
55.4355 	EXP 	responsefixationCrossDisplay: autoDraw = False
55.4522 	EXP 	responsefixationCrossDisplay: autoDraw = True
55.4522 	EXP 	responsefixationCrossDisplay: autoDraw = False
55.4689 	EXP 	responsefixationCrossDisplay: autoDraw = False
55.4855 	EXP 	responsefixationCrossDisplay: autoDraw = True
55.4855 	EXP 	responsefixationCrossDisplay: autoDraw = False
55.5022 	EXP 	responsefixationCrossDisplay: autoDraw = False
55.5189 	EXP 	responsefixationCrossDisplay: autoDraw = True
55.5189 	EXP 	responsefixationCrossDisplay: autoDraw = False
55.5356 	EXP 	responsefixationCrossDisplay: autoDraw = False
55.5523 	EXP 	responsefixationCrossDisplay: autoDraw = True
55.5523 	EXP 	responsefixationCrossDisplay: autoDraw = False
55.5689 	EXP 	responsefixationCrossDisplay: autoDraw = False
55.5856 	EXP 	responsefixationCrossDisplay: autoDraw = True
55.5856 	EXP 	responsefixationCrossDisplay: autoDraw = False
55.6024 	EXP 	responsefixationCrossDisplay: autoDraw = False
55.6190 	EXP 	responsefixationCrossDisplay: autoDraw = True
55.6190 	EXP 	responsefixationCrossDisplay: autoDraw = False
55.6356 	EXP 	responsefixationCrossDisplay: autoDraw = False
55.6543 	EXP 	responsefixationCrossDisplay: autoDraw = True
55.6543 	EXP 	responsefixationCrossDisplay: autoDraw = False
55.6689 	EXP 	responsefixationCrossDisplay: autoDraw = False
55.6856 	EXP 	responsefixationCrossDisplay: autoDraw = True
55.6856 	EXP 	responsefixationCrossDisplay: autoDraw = False
55.7022 	EXP 	responsefixationCrossDisplay: autoDraw = False
55.7189 	EXP 	responsefixationCrossDisplay: autoDraw = True
55.7189 	EXP 	responsefixationCrossDisplay: autoDraw = False
55.7355 	EXP 	responsefixationCrossDisplay: autoDraw = False
55.7522 	EXP 	responsefixationCrossDisplay: autoDraw = True
55.7522 	EXP 	responsefixationCrossDisplay: autoDraw = False
55.7689 	EXP 	responsefixationCrossDisplay: autoDraw = False
55.7856 	EXP 	responsefixationCrossDisplay: autoDraw = True
55.7856 	EXP 	responsefixationCrossDisplay: autoDraw = False
55.8022 	EXP 	responsefixationCrossDisplay: autoDraw = False
55.8189 	EXP 	responsefixationCrossDisplay: autoDraw = True
55.8189 	EXP 	responsefixationCrossDisplay: autoDraw = False
55.8356 	EXP 	responsefixationCrossDisplay: autoDraw = False
55.8522 	EXP 	responsefixationCrossDisplay: autoDraw = True
55.8522 	EXP 	responsefixationCrossDisplay: autoDraw = False
55.8689 	EXP 	responsefixationCrossDisplay: autoDraw = False
55.8856 	EXP 	responsefixationCrossDisplay: autoDraw = True
55.8856 	EXP 	responsefixationCrossDisplay: autoDraw = False
55.9022 	EXP 	responsefixationCrossDisplay: autoDraw = False
55.9188 	EXP 	responsefixationCrossDisplay: autoDraw = True
55.9188 	EXP 	responsefixationCrossDisplay: autoDraw = False
55.9356 	EXP 	responsefixationCrossDisplay: autoDraw = False
55.9523 	EXP 	responsefixationCrossDisplay: autoDraw = True
55.9523 	EXP 	responsefixationCrossDisplay: autoDraw = False
55.9694 	EXP 	responsefixationCrossDisplay: autoDraw = False
55.9855 	EXP 	responsefixationCrossDisplay: autoDraw = True
55.9855 	EXP 	responsefixationCrossDisplay: autoDraw = False
56.0021 	EXP 	responsefixationCrossDisplay: autoDraw = False
56.0188 	EXP 	responsefixationCrossDisplay: autoDraw = True
56.0188 	EXP 	responsefixationCrossDisplay: autoDraw = False
56.0355 	EXP 	responsefixationCrossDisplay: autoDraw = False
56.0523 	EXP 	responsefixationCrossDisplay: autoDraw = True
56.0523 	EXP 	responsefixationCrossDisplay: autoDraw = False
56.0688 	EXP 	responsefixationCrossDisplay: autoDraw = False
56.0855 	EXP 	responsefixationCrossDisplay: autoDraw = True
56.0855 	EXP 	responsefixationCrossDisplay: autoDraw = False
56.1021 	EXP 	responsefixationCrossDisplay: autoDraw = False
56.1188 	EXP 	responsefixationCrossDisplay: autoDraw = True
56.1188 	EXP 	responsefixationCrossDisplay: autoDraw = False
56.1354 	EXP 	responsefixationCrossDisplay: autoDraw = False
56.1521 	EXP 	responsefixationCrossDisplay: autoDraw = True
56.1521 	EXP 	responsefixationCrossDisplay: autoDraw = False
56.1688 	EXP 	responsefixationCrossDisplay: autoDraw = False
56.1854 	EXP 	responsefixationCrossDisplay: autoDraw = True
56.1854 	EXP 	responsefixationCrossDisplay: autoDraw = False
56.2021 	EXP 	responsefixationCrossDisplay: autoDraw = False
56.2190 	EXP 	responsefixationCrossDisplay: autoDraw = True
56.2190 	EXP 	responsefixationCrossDisplay: autoDraw = False
56.2354 	EXP 	responsefixationCrossDisplay: autoDraw = False
56.2521 	EXP 	responsefixationCrossDisplay: autoDraw = True
56.2521 	EXP 	responsefixationCrossDisplay: autoDraw = False
56.2687 	EXP 	responsefixationCrossDisplay: autoDraw = False
56.2854 	EXP 	responsefixationCrossDisplay: autoDraw = True
56.2854 	EXP 	responsefixationCrossDisplay: autoDraw = False
56.3021 	EXP 	responsefixationCrossDisplay: autoDraw = False
56.3187 	EXP 	responsefixationCrossDisplay: autoDraw = True
56.3187 	EXP 	responsefixationCrossDisplay: autoDraw = False
56.3353 	EXP 	responsefixationCrossDisplay: autoDraw = False
56.3521 	EXP 	responsefixationCrossDisplay: autoDraw = True
56.3521 	EXP 	responsefixationCrossDisplay: autoDraw = False
56.3687 	EXP 	responsefixationCrossDisplay: autoDraw = False
56.3854 	EXP 	responsefixationCrossDisplay: autoDraw = True
56.3854 	EXP 	responsefixationCrossDisplay: autoDraw = False
56.4021 	EXP 	responsefixationCrossDisplay: autoDraw = False
56.4187 	EXP 	responsefixationCrossDisplay: autoDraw = True
56.4187 	EXP 	responsefixationCrossDisplay: autoDraw = False
56.4354 	EXP 	responsefixationCrossDisplay: autoDraw = False
56.4520 	EXP 	responsefixationCrossDisplay: autoDraw = True
56.4520 	EXP 	responsefixationCrossDisplay: autoDraw = False
56.4687 	EXP 	responsefixationCrossDisplay: autoDraw = False
56.4854 	EXP 	responsefixationCrossDisplay: autoDraw = True
56.4854 	EXP 	responsefixationCrossDisplay: autoDraw = False
56.5021 	EXP 	responsefixationCrossDisplay: autoDraw = False
56.5187 	EXP 	responsefixationCrossDisplay: autoDraw = True
56.5187 	EXP 	responsefixationCrossDisplay: autoDraw = False
56.5354 	EXP 	responsefixationCrossDisplay: autoDraw = False
56.5521 	EXP 	responsefixationCrossDisplay: autoDraw = True
56.5521 	EXP 	responsefixationCrossDisplay: autoDraw = False
56.5689 	EXP 	responsefixationCrossDisplay: autoDraw = False
56.5854 	EXP 	responsefixationCrossDisplay: autoDraw = True
56.5854 	EXP 	responsefixationCrossDisplay: autoDraw = False
56.6021 	EXP 	responsefixationCrossDisplay: autoDraw = False
56.6187 	EXP 	responsefixationCrossDisplay: autoDraw = True
56.6187 	EXP 	responsefixationCrossDisplay: autoDraw = False
56.6355 	EXP 	responsefixationCrossDisplay: autoDraw = False
56.6521 	EXP 	responsefixationCrossDisplay: autoDraw = True
56.6521 	EXP 	responsefixationCrossDisplay: autoDraw = False
56.6687 	EXP 	responsefixationCrossDisplay: autoDraw = False
56.6854 	EXP 	responsefixationCrossDisplay: autoDraw = True
56.6854 	EXP 	responsefixationCrossDisplay: autoDraw = False
56.7026 	EXP 	responsefixationCrossDisplay: autoDraw = False
56.7187 	EXP 	responsefixationCrossDisplay: autoDraw = True
56.7187 	EXP 	responsefixationCrossDisplay: autoDraw = False
56.7354 	EXP 	responsefixationCrossDisplay: autoDraw = False
56.7520 	EXP 	responsefixationCrossDisplay: autoDraw = True
56.7520 	EXP 	responsefixationCrossDisplay: autoDraw = False
56.7687 	EXP 	responsefixationCrossDisplay: autoDraw = False
56.7854 	EXP 	responsefixationCrossDisplay: autoDraw = True
56.7854 	EXP 	responsefixationCrossDisplay: autoDraw = False
56.8020 	EXP 	responsefixationCrossDisplay: autoDraw = False
56.8187 	EXP 	responsefixationCrossDisplay: autoDraw = True
56.8187 	EXP 	responsefixationCrossDisplay: autoDraw = False
56.8353 	EXP 	responsefixationCrossDisplay: autoDraw = False
56.8520 	EXP 	responsefixationCrossDisplay: autoDraw = True
56.8520 	EXP 	responsefixationCrossDisplay: autoDraw = False
56.8692 	EXP 	responsefixationCrossDisplay: autoDraw = False
56.8853 	EXP 	responsefixationCrossDisplay: autoDraw = True
56.8853 	EXP 	responsefixationCrossDisplay: autoDraw = False
56.9020 	EXP 	responsefixationCrossDisplay: autoDraw = False
56.9187 	EXP 	responsefixationCrossDisplay: autoDraw = True
56.9187 	EXP 	responsefixationCrossDisplay: autoDraw = False
56.9353 	EXP 	responsefixationCrossDisplay: autoDraw = False
56.9520 	EXP 	responsefixationCrossDisplay: autoDraw = True
56.9520 	EXP 	responsefixationCrossDisplay: autoDraw = False
56.9687 	EXP 	responsefixationCrossDisplay: autoDraw = False
56.9853 	EXP 	responsefixationCrossDisplay: autoDraw = True
56.9853 	EXP 	responsefixationCrossDisplay: autoDraw = False
57.0020 	EXP 	responsefixationCrossDisplay: autoDraw = False
57.0187 	EXP 	responsefixationCrossDisplay: autoDraw = True
57.0187 	EXP 	responsefixationCrossDisplay: autoDraw = False
57.0353 	EXP 	responsefixationCrossDisplay: autoDraw = False
57.0520 	EXP 	responsefixationCrossDisplay: autoDraw = True
57.0520 	EXP 	responsefixationCrossDisplay: autoDraw = False
57.0687 	EXP 	responsefixationCrossDisplay: autoDraw = False
57.0853 	EXP 	responsefixationCrossDisplay: autoDraw = True
57.0853 	EXP 	responsefixationCrossDisplay: autoDraw = False
57.1020 	EXP 	responsefixationCrossDisplay: autoDraw = False
57.1186 	EXP 	responsefixationCrossDisplay: autoDraw = True
57.1186 	EXP 	responsefixationCrossDisplay: autoDraw = False
57.1351 	EXP 	responsefixationCrossDisplay: autoDraw = False
57.1519 	EXP 	responsefixationCrossDisplay: autoDraw = True
57.1519 	EXP 	responsefixationCrossDisplay: autoDraw = False
57.1686 	EXP 	responsefixationCrossDisplay: autoDraw = False
57.1854 	EXP 	responsefixationCrossDisplay: autoDraw = True
57.1854 	EXP 	responsefixationCrossDisplay: autoDraw = False
57.2021 	EXP 	responsefixationCrossDisplay: autoDraw = False
57.2187 	EXP 	responsefixationCrossDisplay: autoDraw = True
57.2187 	EXP 	responsefixationCrossDisplay: autoDraw = False
57.2353 	EXP 	responsefixationCrossDisplay: autoDraw = False
57.2521 	EXP 	responsefixationCrossDisplay: autoDraw = True
57.2521 	EXP 	responsefixationCrossDisplay: autoDraw = False
57.2687 	EXP 	responsefixationCrossDisplay: autoDraw = False
57.2853 	EXP 	responsefixationCrossDisplay: autoDraw = True
57.2853 	EXP 	responsefixationCrossDisplay: autoDraw = False
57.3019 	EXP 	responsefixationCrossDisplay: autoDraw = False
57.3186 	EXP 	responsefixationCrossDisplay: autoDraw = True
57.3186 	EXP 	responsefixationCrossDisplay: autoDraw = False
57.3353 	EXP 	responsefixationCrossDisplay: autoDraw = False
57.3519 	EXP 	responsefixationCrossDisplay: autoDraw = True
57.3519 	EXP 	responsefixationCrossDisplay: autoDraw = False
57.3686 	EXP 	responsefixationCrossDisplay: autoDraw = False
57.3854 	EXP 	responsefixationCrossDisplay: autoDraw = True
57.3854 	EXP 	responsefixationCrossDisplay: autoDraw = False
57.4020 	EXP 	responsefixationCrossDisplay: autoDraw = False
57.4186 	EXP 	responsefixationCrossDisplay: autoDraw = True
57.4186 	EXP 	responsefixationCrossDisplay: autoDraw = False
57.4353 	EXP 	responsefixationCrossDisplay: autoDraw = False
57.4520 	EXP 	responsefixationCrossDisplay: autoDraw = True
57.4520 	EXP 	responsefixationCrossDisplay: autoDraw = False
57.4687 	EXP 	responsefixationCrossDisplay: autoDraw = False
57.4853 	EXP 	responsefixationCrossDisplay: autoDraw = True
57.4853 	EXP 	responsefixationCrossDisplay: autoDraw = False
57.5020 	EXP 	responsefixationCrossDisplay: autoDraw = False
57.5186 	EXP 	responsefixationCrossDisplay: autoDraw = True
57.5186 	EXP 	responsefixationCrossDisplay: autoDraw = False
57.5352 	EXP 	responsefixationCrossDisplay: autoDraw = False
57.5519 	EXP 	responsefixationCrossDisplay: autoDraw = True
57.5519 	EXP 	responsefixationCrossDisplay: autoDraw = False
57.5685 	EXP 	responsefixationCrossDisplay: autoDraw = False
57.5857 	EXP 	responsefixationCrossDisplay: autoDraw = True
57.5857 	EXP 	responsefixationCrossDisplay: autoDraw = False
57.6020 	EXP 	responsefixationCrossDisplay: autoDraw = False
57.6185 	EXP 	responsefixationCrossDisplay: autoDraw = True
57.6185 	EXP 	responsefixationCrossDisplay: autoDraw = False
57.6352 	EXP 	responsefixationCrossDisplay: autoDraw = False
57.6519 	EXP 	responsefixationCrossDisplay: autoDraw = True
57.6519 	EXP 	responsefixationCrossDisplay: autoDraw = False
57.6686 	EXP 	responsefixationCrossDisplay: autoDraw = False
57.6851 	EXP 	responsefixationCrossDisplay: autoDraw = True
57.6851 	EXP 	responsefixationCrossDisplay: autoDraw = False
57.7019 	EXP 	responsefixationCrossDisplay: autoDraw = False
57.7187 	EXP 	responsefixationCrossDisplay: autoDraw = True
57.7187 	EXP 	responsefixationCrossDisplay: autoDraw = False
57.7351 	EXP 	responsefixationCrossDisplay: autoDraw = False
57.7519 	EXP 	responsefixationCrossDisplay: autoDraw = True
57.7519 	EXP 	responsefixationCrossDisplay: autoDraw = False
57.7685 	EXP 	responsefixationCrossDisplay: autoDraw = False
57.7852 	EXP 	responsefixationCrossDisplay: autoDraw = True
57.7852 	EXP 	responsefixationCrossDisplay: autoDraw = False
57.8019 	EXP 	responsefixationCrossDisplay: autoDraw = False
57.8186 	EXP 	responsefixationCrossDisplay: autoDraw = True
57.8186 	EXP 	responsefixationCrossDisplay: autoDraw = False
57.8352 	EXP 	responsefixationCrossDisplay: autoDraw = False
57.8519 	EXP 	responsefixationCrossDisplay: autoDraw = True
57.8519 	EXP 	responsefixationCrossDisplay: autoDraw = False
57.8689 	EXP 	responsefixationCrossDisplay: autoDraw = False
57.8852 	EXP 	responsefixationCrossDisplay: autoDraw = True
57.8852 	EXP 	responsefixationCrossDisplay: autoDraw = False
57.9018 	EXP 	responsefixationCrossDisplay: autoDraw = False
57.9188 	EXP 	responsefixationCrossDisplay: autoDraw = True
57.9188 	EXP 	responsefixationCrossDisplay: autoDraw = False
57.9352 	EXP 	responsefixationCrossDisplay: autoDraw = False
57.9518 	EXP 	responsefixationCrossDisplay: autoDraw = True
57.9518 	EXP 	responsefixationCrossDisplay: autoDraw = False
57.9687 	EXP 	responsefixationCrossDisplay: autoDraw = False
57.9852 	EXP 	responsefixationCrossDisplay: autoDraw = True
57.9852 	EXP 	responsefixationCrossDisplay: autoDraw = False
58.0040 	EXP 	responsefixationCrossDisplay: autoDraw = False
58.0185 	EXP 	responsefixationCrossDisplay: autoDraw = True
58.0185 	EXP 	responsefixationCrossDisplay: autoDraw = False
58.0351 	EXP 	responsefixationCrossDisplay: autoDraw = False
58.0519 	EXP 	responsefixationCrossDisplay: autoDraw = True
58.0519 	EXP 	responsefixationCrossDisplay: autoDraw = False
58.0686 	EXP 	responsefixationCrossDisplay: autoDraw = False
58.0852 	EXP 	responsefixationCrossDisplay: autoDraw = True
58.0852 	EXP 	responsefixationCrossDisplay: autoDraw = False
58.1019 	EXP 	responsefixationCrossDisplay: autoDraw = False
58.1186 	EXP 	responsefixationCrossDisplay: autoDraw = True
58.1186 	EXP 	responsefixationCrossDisplay: autoDraw = False
58.1352 	EXP 	responsefixationCrossDisplay: autoDraw = False
58.1518 	EXP 	responsefixationCrossDisplay: autoDraw = True
58.1518 	EXP 	responsefixationCrossDisplay: autoDraw = False
58.1685 	EXP 	responsefixationCrossDisplay: autoDraw = False
58.1852 	EXP 	responsefixationCrossDisplay: autoDraw = True
58.1852 	EXP 	responsefixationCrossDisplay: autoDraw = False
58.2018 	EXP 	responsefixationCrossDisplay: autoDraw = False
58.2187 	EXP 	responsefixationCrossDisplay: autoDraw = True
58.2187 	EXP 	responsefixationCrossDisplay: autoDraw = False
58.2352 	EXP 	responsefixationCrossDisplay: autoDraw = False
58.2518 	EXP 	responsefixationCrossDisplay: autoDraw = True
58.2518 	EXP 	responsefixationCrossDisplay: autoDraw = False
58.2686 	EXP 	responsefixationCrossDisplay: autoDraw = False
58.2851 	EXP 	responsefixationCrossDisplay: autoDraw = True
58.2851 	EXP 	responsefixationCrossDisplay: autoDraw = False
58.3018 	EXP 	responsefixationCrossDisplay: autoDraw = False
58.3184 	EXP 	responsefixationCrossDisplay: autoDraw = True
58.3184 	EXP 	responsefixationCrossDisplay: autoDraw = False
58.3351 	EXP 	responsefixationCrossDisplay: autoDraw = False
58.3518 	EXP 	responsefixationCrossDisplay: autoDraw = True
58.3518 	EXP 	responsefixationCrossDisplay: autoDraw = False
58.3684 	EXP 	responsefixationCrossDisplay: autoDraw = False
58.3851 	EXP 	responsefixationCrossDisplay: autoDraw = True
58.3851 	EXP 	responsefixationCrossDisplay: autoDraw = False
58.4018 	EXP 	responsefixationCrossDisplay: autoDraw = False
58.4184 	EXP 	responsefixationCrossDisplay: autoDraw = True
58.4184 	EXP 	responsefixationCrossDisplay: autoDraw = False
58.4351 	EXP 	responsefixationCrossDisplay: autoDraw = False
58.4518 	EXP 	responsefixationCrossDisplay: autoDraw = True
58.4518 	EXP 	responsefixationCrossDisplay: autoDraw = False
58.4684 	EXP 	responsefixationCrossDisplay: autoDraw = False
58.4851 	EXP 	responsefixationCrossDisplay: autoDraw = True
58.4851 	EXP 	responsefixationCrossDisplay: autoDraw = False
58.5018 	EXP 	responsefixationCrossDisplay: autoDraw = False
58.5184 	EXP 	responsefixationCrossDisplay: autoDraw = True
58.5184 	EXP 	responsefixationCrossDisplay: autoDraw = False
58.5351 	EXP 	responsefixationCrossDisplay: autoDraw = False
58.5522 	EXP 	responsefixationCrossDisplay: autoDraw = True
58.5522 	EXP 	responsefixationCrossDisplay: autoDraw = False
58.5686 	EXP 	responsefixationCrossDisplay: autoDraw = False
58.5851 	EXP 	responsefixationCrossDisplay: autoDraw = True
58.5851 	EXP 	responsefixationCrossDisplay: autoDraw = False
58.6019 	EXP 	responsefixationCrossDisplay: autoDraw = False
58.6187 	EXP 	responsefixationCrossDisplay: autoDraw = True
58.6187 	EXP 	responsefixationCrossDisplay: autoDraw = False
58.6352 	EXP 	responsefixationCrossDisplay: autoDraw = False
58.6518 	EXP 	responsefixationCrossDisplay: autoDraw = True
58.6518 	EXP 	responsefixationCrossDisplay: autoDraw = False
58.6684 	EXP 	responsefixationCrossDisplay: autoDraw = False
58.6850 	EXP 	responsefixationCrossDisplay: autoDraw = True
58.6850 	EXP 	responsefixationCrossDisplay: autoDraw = False
58.7019 	EXP 	responsefixationCrossDisplay: autoDraw = False
58.7184 	EXP 	responsefixationCrossDisplay: autoDraw = True
58.7184 	EXP 	responsefixationCrossDisplay: autoDraw = False
58.7351 	EXP 	responsefixationCrossDisplay: autoDraw = False
58.7518 	EXP 	responsefixationCrossDisplay: autoDraw = True
58.7518 	EXP 	responsefixationCrossDisplay: autoDraw = False
58.7687 	EXP 	responsefixationCrossDisplay: autoDraw = False
58.7851 	EXP 	responsefixationCrossDisplay: autoDraw = True
58.7851 	EXP 	responsefixationCrossDisplay: autoDraw = False
58.8018 	EXP 	responsefixationCrossDisplay: autoDraw = False
58.8185 	EXP 	responsefixationCrossDisplay: autoDraw = True
58.8185 	EXP 	responsefixationCrossDisplay: autoDraw = False
58.8351 	EXP 	responsefixationCrossDisplay: autoDraw = False
58.8518 	EXP 	responsefixationCrossDisplay: autoDraw = True
58.8518 	EXP 	responsefixationCrossDisplay: autoDraw = False
58.8692 	EXP 	responsefixationCrossDisplay: autoDraw = False
58.8851 	EXP 	responsefixationCrossDisplay: autoDraw = True
58.8851 	EXP 	responsefixationCrossDisplay: autoDraw = False
58.9017 	EXP 	responsefixationCrossDisplay: autoDraw = False
58.9187 	EXP 	responsefixationCrossDisplay: autoDraw = True
58.9187 	EXP 	responsefixationCrossDisplay: autoDraw = False
58.9217 	DATA 	Mouse: Right button down, pos=(231,215)
58.9353 	EXP 	responsefixationCrossDisplay: autoDraw = False
58.9353 	EXP 	StimuliText: autoDraw = False
58.9353 	EXP 	responsefixationCrossDisplay: autoDraw = True
58.9353 	EXP 	responsefixationCrossDisplay: foreColor = <psychopy.colors.Color: purple, alpha=1.0>
59.0225 	DATA 	Mouse:  Right button up, pos=(231,215)
59.8711 	EXP 	New trial (rep=0, index=13): <Trial 13 (13 in rep 0) data={'Block': 9, 'Stimuli_Type': 'LiterallyTrue', 'Stimuli': 'The hike was a leisurely stroll.', 'One_subsubj_two_subObj': 'no_change', 'correct_answer': True, 'thisN': 13, 'thisTrialN': 13, 'thisRepN': 0}>
59.8849 	EXP 	StimuliText: autoDraw = False
59.8849 	EXP 	LeftResponseInstruction: autoDraw = False
59.8849 	EXP 	rightResponseInstruction: autoDraw = False
59.8849 	EXP 	responsefixationCrossDisplay: autoDraw = False
59.8849 	EXP 	responsefixationCrossDisplay: foreColor = <psychopy.colors.Color: black, alpha=1.0>
59.8849 	EXP 	StimuliText: height = np.float64(0.05)
59.8849 	EXP 	StimuliText: height = np.float64(0.05)
59.8849 	EXP 	StimuliText: height = np.float64(0.05)
59.8849 	EXP 	StimuliText: text = 'The hike was a leisurely stroll.'
59.8849 	EXP 	StimuliText: autoDraw = True
59.8849 	EXP 	LeftResponseInstruction: autoDraw = True
59.8849 	EXP 	rightResponseInstruction: autoDraw = True
59.8849 	EXP 	responsefixationCrossDisplay: autoDraw = True
59.8849 	EXP 	responsefixationCrossDisplay: autoDraw = False
59.9016 	EXP 	responsefixationCrossDisplay: autoDraw = False
59.9182 	EXP 	responsefixationCrossDisplay: autoDraw = True
59.9182 	EXP 	responsefixationCrossDisplay: autoDraw = False
59.9349 	EXP 	responsefixationCrossDisplay: autoDraw = False
59.9516 	EXP 	responsefixationCrossDisplay: autoDraw = True
59.9516 	EXP 	responsefixationCrossDisplay: autoDraw = False
59.9683 	EXP 	responsefixationCrossDisplay: autoDraw = False
59.9850 	EXP 	responsefixationCrossDisplay: autoDraw = True
59.9850 	EXP 	responsefixationCrossDisplay: autoDraw = False
60.0016 	EXP 	responsefixationCrossDisplay: autoDraw = False
60.0182 	EXP 	responsefixationCrossDisplay: autoDraw = True
60.0182 	EXP 	responsefixationCrossDisplay: autoDraw = False
60.0350 	EXP 	responsefixationCrossDisplay: autoDraw = False
60.0516 	EXP 	responsefixationCrossDisplay: autoDraw = True
60.0516 	EXP 	responsefixationCrossDisplay: autoDraw = False
60.0683 	EXP 	responsefixationCrossDisplay: autoDraw = False
60.0849 	EXP 	responsefixationCrossDisplay: autoDraw = True
60.0849 	EXP 	responsefixationCrossDisplay: autoDraw = False
60.1016 	EXP 	responsefixationCrossDisplay: autoDraw = False
60.1185 	EXP 	responsefixationCrossDisplay: autoDraw = True
60.1185 	EXP 	responsefixationCrossDisplay: autoDraw = False
60.1350 	EXP 	responsefixationCrossDisplay: autoDraw = False
60.1518 	EXP 	responsefixationCrossDisplay: autoDraw = True
60.1518 	EXP 	responsefixationCrossDisplay: autoDraw = False
60.1705 	EXP 	responsefixationCrossDisplay: autoDraw = False
60.1872 	EXP 	responsefixationCrossDisplay: autoDraw = True
60.1872 	EXP 	responsefixationCrossDisplay: autoDraw = False
60.2016 	EXP 	responsefixationCrossDisplay: autoDraw = False
60.2182 	EXP 	responsefixationCrossDisplay: autoDraw = True
60.2182 	EXP 	responsefixationCrossDisplay: autoDraw = False
60.2348 	EXP 	responsefixationCrossDisplay: autoDraw = False
60.2519 	EXP 	responsefixationCrossDisplay: autoDraw = True
60.2519 	EXP 	responsefixationCrossDisplay: autoDraw = False
60.2682 	EXP 	responsefixationCrossDisplay: autoDraw = False
60.2848 	EXP 	responsefixationCrossDisplay: autoDraw = True
60.2848 	EXP 	responsefixationCrossDisplay: autoDraw = False
60.3015 	EXP 	responsefixationCrossDisplay: autoDraw = False
60.3181 	EXP 	responsefixationCrossDisplay: autoDraw = True
60.3181 	EXP 	responsefixationCrossDisplay: autoDraw = False
60.3348 	EXP 	responsefixationCrossDisplay: autoDraw = False
60.3515 	EXP 	responsefixationCrossDisplay: autoDraw = True
60.3515 	EXP 	responsefixationCrossDisplay: autoDraw = False
60.3681 	EXP 	responsefixationCrossDisplay: autoDraw = False
60.3848 	EXP 	responsefixationCrossDisplay: autoDraw = True
60.3848 	EXP 	responsefixationCrossDisplay: autoDraw = False
60.4015 	EXP 	responsefixationCrossDisplay: autoDraw = False
60.4182 	EXP 	responsefixationCrossDisplay: autoDraw = True
60.4182 	EXP 	responsefixationCrossDisplay: autoDraw = False
60.4348 	EXP 	responsefixationCrossDisplay: autoDraw = False
60.4514 	EXP 	responsefixationCrossDisplay: autoDraw = True
60.4514 	EXP 	responsefixationCrossDisplay: autoDraw = False
60.4681 	EXP 	responsefixationCrossDisplay: autoDraw = False
60.4848 	EXP 	responsefixationCrossDisplay: autoDraw = True
60.4848 	EXP 	responsefixationCrossDisplay: autoDraw = False
60.5014 	EXP 	responsefixationCrossDisplay: autoDraw = False
60.5181 	EXP 	responsefixationCrossDisplay: autoDraw = True
60.5181 	EXP 	responsefixationCrossDisplay: autoDraw = False
60.5348 	EXP 	responsefixationCrossDisplay: autoDraw = False
60.5515 	EXP 	responsefixationCrossDisplay: autoDraw = True
60.5515 	EXP 	responsefixationCrossDisplay: autoDraw = False
60.5681 	EXP 	responsefixationCrossDisplay: autoDraw = False
60.5848 	EXP 	responsefixationCrossDisplay: autoDraw = True
60.5848 	EXP 	responsefixationCrossDisplay: autoDraw = False
60.6014 	EXP 	responsefixationCrossDisplay: autoDraw = False
60.6181 	EXP 	responsefixationCrossDisplay: autoDraw = True
60.6181 	EXP 	responsefixationCrossDisplay: autoDraw = False
60.6348 	EXP 	responsefixationCrossDisplay: autoDraw = False
60.6514 	EXP 	responsefixationCrossDisplay: autoDraw = True
60.6514 	EXP 	responsefixationCrossDisplay: autoDraw = False
60.6682 	EXP 	responsefixationCrossDisplay: autoDraw = False
60.6848 	EXP 	responsefixationCrossDisplay: autoDraw = True
60.6848 	EXP 	responsefixationCrossDisplay: autoDraw = False
60.7014 	EXP 	responsefixationCrossDisplay: autoDraw = False
60.7181 	EXP 	responsefixationCrossDisplay: autoDraw = True
60.7181 	EXP 	responsefixationCrossDisplay: autoDraw = False
60.7347 	EXP 	responsefixationCrossDisplay: autoDraw = False
60.7514 	EXP 	responsefixationCrossDisplay: autoDraw = True
60.7514 	EXP 	responsefixationCrossDisplay: autoDraw = False
60.7684 	EXP 	responsefixationCrossDisplay: autoDraw = False
60.7848 	EXP 	responsefixationCrossDisplay: autoDraw = True
60.7848 	EXP 	responsefixationCrossDisplay: autoDraw = False
60.8014 	EXP 	responsefixationCrossDisplay: autoDraw = False
60.8182 	EXP 	responsefixationCrossDisplay: autoDraw = True
60.8182 	EXP 	responsefixationCrossDisplay: autoDraw = False
60.8347 	EXP 	responsefixationCrossDisplay: autoDraw = False
60.8514 	EXP 	responsefixationCrossDisplay: autoDraw = True
60.8514 	EXP 	responsefixationCrossDisplay: autoDraw = False
60.8681 	EXP 	responsefixationCrossDisplay: autoDraw = False
60.8847 	EXP 	responsefixationCrossDisplay: autoDraw = True
60.8847 	EXP 	responsefixationCrossDisplay: autoDraw = False
60.9014 	EXP 	responsefixationCrossDisplay: autoDraw = False
60.9181 	EXP 	responsefixationCrossDisplay: autoDraw = True
60.9181 	EXP 	responsefixationCrossDisplay: autoDraw = False
60.9347 	EXP 	responsefixationCrossDisplay: autoDraw = False
60.9514 	EXP 	responsefixationCrossDisplay: autoDraw = True
60.9514 	EXP 	responsefixationCrossDisplay: autoDraw = False
60.9681 	EXP 	responsefixationCrossDisplay: autoDraw = False
60.9848 	EXP 	responsefixationCrossDisplay: autoDraw = True
60.9848 	EXP 	responsefixationCrossDisplay: autoDraw = False
61.0014 	EXP 	responsefixationCrossDisplay: autoDraw = False
61.0180 	EXP 	responsefixationCrossDisplay: autoDraw = True
61.0180 	EXP 	responsefixationCrossDisplay: autoDraw = False
61.0347 	EXP 	responsefixationCrossDisplay: autoDraw = False
61.0516 	EXP 	responsefixationCrossDisplay: autoDraw = True
61.0516 	EXP 	responsefixationCrossDisplay: autoDraw = False
61.0681 	EXP 	responsefixationCrossDisplay: autoDraw = False
61.0847 	EXP 	responsefixationCrossDisplay: autoDraw = True
61.0847 	EXP 	responsefixationCrossDisplay: autoDraw = False
61.1013 	EXP 	responsefixationCrossDisplay: autoDraw = False
61.1180 	EXP 	responsefixationCrossDisplay: autoDraw = True
61.1180 	EXP 	responsefixationCrossDisplay: autoDraw = False
61.1346 	EXP 	responsefixationCrossDisplay: autoDraw = False
61.1513 	EXP 	responsefixationCrossDisplay: autoDraw = True
61.1513 	EXP 	responsefixationCrossDisplay: autoDraw = False
61.1680 	EXP 	responsefixationCrossDisplay: autoDraw = False
61.1846 	EXP 	responsefixationCrossDisplay: autoDraw = True
61.1846 	EXP 	responsefixationCrossDisplay: autoDraw = False
61.2013 	EXP 	responsefixationCrossDisplay: autoDraw = False
61.2180 	EXP 	responsefixationCrossDisplay: autoDraw = True
61.2180 	EXP 	responsefixationCrossDisplay: autoDraw = False
61.2347 	EXP 	responsefixationCrossDisplay: autoDraw = False
61.2513 	EXP 	responsefixationCrossDisplay: autoDraw = True
61.2513 	EXP 	responsefixationCrossDisplay: autoDraw = False
61.2680 	EXP 	responsefixationCrossDisplay: autoDraw = False
61.2847 	EXP 	responsefixationCrossDisplay: autoDraw = True
61.2847 	EXP 	responsefixationCrossDisplay: autoDraw = False
61.3013 	EXP 	responsefixationCrossDisplay: autoDraw = False
61.3180 	EXP 	responsefixationCrossDisplay: autoDraw = True
61.3180 	EXP 	responsefixationCrossDisplay: autoDraw = False
61.3347 	EXP 	responsefixationCrossDisplay: autoDraw = False
61.3514 	EXP 	responsefixationCrossDisplay: autoDraw = True
61.3514 	EXP 	responsefixationCrossDisplay: autoDraw = False
61.3683 	EXP 	responsefixationCrossDisplay: autoDraw = False
61.3850 	EXP 	responsefixationCrossDisplay: autoDraw = True
61.3850 	EXP 	responsefixationCrossDisplay: autoDraw = False
61.4016 	EXP 	responsefixationCrossDisplay: autoDraw = False
61.4180 	EXP 	responsefixationCrossDisplay: autoDraw = True
61.4180 	EXP 	responsefixationCrossDisplay: autoDraw = False
61.4347 	EXP 	responsefixationCrossDisplay: autoDraw = False
61.4513 	EXP 	responsefixationCrossDisplay: autoDraw = True
61.4513 	EXP 	responsefixationCrossDisplay: autoDraw = False
61.4681 	EXP 	responsefixationCrossDisplay: autoDraw = False
61.4847 	EXP 	responsefixationCrossDisplay: autoDraw = True
61.4847 	EXP 	responsefixationCrossDisplay: autoDraw = False
61.5014 	EXP 	responsefixationCrossDisplay: autoDraw = False
61.5180 	EXP 	responsefixationCrossDisplay: autoDraw = True
61.5180 	EXP 	responsefixationCrossDisplay: autoDraw = False
61.5347 	EXP 	responsefixationCrossDisplay: autoDraw = False
61.5514 	EXP 	responsefixationCrossDisplay: autoDraw = True
61.5514 	EXP 	responsefixationCrossDisplay: autoDraw = False
61.5681 	EXP 	responsefixationCrossDisplay: autoDraw = False
61.5846 	EXP 	responsefixationCrossDisplay: autoDraw = True
61.5846 	EXP 	responsefixationCrossDisplay: autoDraw = False
61.6014 	EXP 	responsefixationCrossDisplay: autoDraw = False
61.6180 	EXP 	responsefixationCrossDisplay: autoDraw = True
61.6180 	EXP 	responsefixationCrossDisplay: autoDraw = False
61.6347 	EXP 	responsefixationCrossDisplay: autoDraw = False
61.6514 	EXP 	responsefixationCrossDisplay: autoDraw = True
61.6514 	EXP 	responsefixationCrossDisplay: autoDraw = False
61.6681 	EXP 	responsefixationCrossDisplay: autoDraw = False
61.6849 	EXP 	responsefixationCrossDisplay: autoDraw = True
61.6849 	EXP 	responsefixationCrossDisplay: autoDraw = False
61.7013 	EXP 	responsefixationCrossDisplay: autoDraw = False
61.7180 	EXP 	responsefixationCrossDisplay: autoDraw = True
61.7180 	EXP 	responsefixationCrossDisplay: autoDraw = False
61.7347 	EXP 	responsefixationCrossDisplay: autoDraw = False
61.7514 	EXP 	responsefixationCrossDisplay: autoDraw = True
61.7514 	EXP 	responsefixationCrossDisplay: autoDraw = False
61.7680 	EXP 	responsefixationCrossDisplay: autoDraw = False
61.7846 	EXP 	responsefixationCrossDisplay: autoDraw = True
61.7846 	EXP 	responsefixationCrossDisplay: autoDraw = False
61.8014 	EXP 	responsefixationCrossDisplay: autoDraw = False
61.8180 	EXP 	responsefixationCrossDisplay: autoDraw = True
61.8180 	EXP 	responsefixationCrossDisplay: autoDraw = False
61.8347 	EXP 	responsefixationCrossDisplay: autoDraw = False
61.8513 	EXP 	responsefixationCrossDisplay: autoDraw = True
61.8513 	EXP 	responsefixationCrossDisplay: autoDraw = False
61.8680 	EXP 	responsefixationCrossDisplay: autoDraw = False
61.8846 	EXP 	responsefixationCrossDisplay: autoDraw = True
61.8846 	EXP 	responsefixationCrossDisplay: autoDraw = False
61.9013 	EXP 	responsefixationCrossDisplay: autoDraw = False
61.9179 	EXP 	responsefixationCrossDisplay: autoDraw = True
61.9179 	EXP 	responsefixationCrossDisplay: autoDraw = False
61.9346 	EXP 	responsefixationCrossDisplay: autoDraw = False
61.9512 	EXP 	responsefixationCrossDisplay: autoDraw = True
61.9512 	EXP 	responsefixationCrossDisplay: autoDraw = False
61.9681 	EXP 	responsefixationCrossDisplay: autoDraw = False
61.9845 	EXP 	responsefixationCrossDisplay: autoDraw = True
61.9845 	EXP 	responsefixationCrossDisplay: autoDraw = False
62.0015 	EXP 	responsefixationCrossDisplay: autoDraw = False
62.0184 	EXP 	responsefixationCrossDisplay: autoDraw = True
62.0184 	EXP 	responsefixationCrossDisplay: autoDraw = False
62.0345 	EXP 	responsefixationCrossDisplay: autoDraw = False
62.0512 	EXP 	responsefixationCrossDisplay: autoDraw = True
62.0512 	EXP 	responsefixationCrossDisplay: autoDraw = False
62.0679 	EXP 	responsefixationCrossDisplay: autoDraw = False
62.0846 	EXP 	responsefixationCrossDisplay: autoDraw = True
62.0846 	EXP 	responsefixationCrossDisplay: autoDraw = False
62.1012 	EXP 	responsefixationCrossDisplay: autoDraw = False
62.1179 	EXP 	responsefixationCrossDisplay: autoDraw = True
62.1179 	EXP 	responsefixationCrossDisplay: autoDraw = False
62.1345 	EXP 	responsefixationCrossDisplay: autoDraw = False
62.1512 	EXP 	responsefixationCrossDisplay: autoDraw = True
62.1512 	EXP 	responsefixationCrossDisplay: autoDraw = False
62.1678 	EXP 	responsefixationCrossDisplay: autoDraw = False
62.1845 	EXP 	responsefixationCrossDisplay: autoDraw = True
62.1845 	EXP 	responsefixationCrossDisplay: autoDraw = False
62.2011 	EXP 	responsefixationCrossDisplay: autoDraw = False
62.2179 	EXP 	responsefixationCrossDisplay: autoDraw = True
62.2179 	EXP 	responsefixationCrossDisplay: autoDraw = False
62.2345 	EXP 	responsefixationCrossDisplay: autoDraw = False
62.2511 	EXP 	responsefixationCrossDisplay: autoDraw = True
62.2511 	EXP 	responsefixationCrossDisplay: autoDraw = False
62.2679 	EXP 	responsefixationCrossDisplay: autoDraw = False
62.2845 	EXP 	responsefixationCrossDisplay: autoDraw = True
62.2845 	EXP 	responsefixationCrossDisplay: autoDraw = False
62.3012 	EXP 	responsefixationCrossDisplay: autoDraw = False
62.3180 	EXP 	responsefixationCrossDisplay: autoDraw = True
62.3180 	EXP 	responsefixationCrossDisplay: autoDraw = False
62.3345 	EXP 	responsefixationCrossDisplay: autoDraw = False
62.3532 	EXP 	responsefixationCrossDisplay: autoDraw = True
62.3532 	EXP 	responsefixationCrossDisplay: autoDraw = False
62.3678 	EXP 	responsefixationCrossDisplay: autoDraw = False
62.3845 	EXP 	responsefixationCrossDisplay: autoDraw = True
62.3845 	EXP 	responsefixationCrossDisplay: autoDraw = False
62.4012 	EXP 	responsefixationCrossDisplay: autoDraw = False
62.4179 	EXP 	responsefixationCrossDisplay: autoDraw = True
62.4179 	EXP 	responsefixationCrossDisplay: autoDraw = False
62.4345 	EXP 	responsefixationCrossDisplay: autoDraw = False
62.4512 	EXP 	responsefixationCrossDisplay: autoDraw = True
62.4512 	EXP 	responsefixationCrossDisplay: autoDraw = False
62.4679 	EXP 	responsefixationCrossDisplay: autoDraw = False
62.4845 	EXP 	responsefixationCrossDisplay: autoDraw = True
62.4845 	EXP 	responsefixationCrossDisplay: autoDraw = False
62.5012 	EXP 	responsefixationCrossDisplay: autoDraw = False
62.5179 	EXP 	responsefixationCrossDisplay: autoDraw = True
62.5179 	EXP 	responsefixationCrossDisplay: autoDraw = False
62.5345 	EXP 	responsefixationCrossDisplay: autoDraw = False
62.5512 	EXP 	responsefixationCrossDisplay: autoDraw = True
62.5512 	EXP 	responsefixationCrossDisplay: autoDraw = False
62.5678 	EXP 	responsefixationCrossDisplay: autoDraw = False
62.5844 	EXP 	responsefixationCrossDisplay: autoDraw = True
62.5844 	EXP 	responsefixationCrossDisplay: autoDraw = False
62.6011 	EXP 	responsefixationCrossDisplay: autoDraw = False
62.6178 	EXP 	responsefixationCrossDisplay: autoDraw = True
62.6178 	EXP 	responsefixationCrossDisplay: autoDraw = False
62.6345 	EXP 	responsefixationCrossDisplay: autoDraw = False
62.6511 	EXP 	responsefixationCrossDisplay: autoDraw = True
62.6511 	EXP 	responsefixationCrossDisplay: autoDraw = False
62.6681 	EXP 	responsefixationCrossDisplay: autoDraw = False
62.6844 	EXP 	responsefixationCrossDisplay: autoDraw = True
62.6844 	EXP 	responsefixationCrossDisplay: autoDraw = False
62.7011 	EXP 	responsefixationCrossDisplay: autoDraw = False
62.7178 	EXP 	responsefixationCrossDisplay: autoDraw = True
62.7178 	EXP 	responsefixationCrossDisplay: autoDraw = False
62.7345 	EXP 	responsefixationCrossDisplay: autoDraw = False
62.7511 	EXP 	responsefixationCrossDisplay: autoDraw = True
62.7511 	EXP 	responsefixationCrossDisplay: autoDraw = False
62.7678 	EXP 	responsefixationCrossDisplay: autoDraw = False
62.7847 	EXP 	responsefixationCrossDisplay: autoDraw = True
62.7847 	EXP 	responsefixationCrossDisplay: autoDraw = False
62.8012 	EXP 	responsefixationCrossDisplay: autoDraw = False
62.8179 	EXP 	responsefixationCrossDisplay: autoDraw = True
62.8179 	EXP 	responsefixationCrossDisplay: autoDraw = False
62.8345 	EXP 	responsefixationCrossDisplay: autoDraw = False
62.8512 	EXP 	responsefixationCrossDisplay: autoDraw = True
62.8512 	EXP 	responsefixationCrossDisplay: autoDraw = False
62.8678 	EXP 	responsefixationCrossDisplay: autoDraw = False
62.8845 	EXP 	responsefixationCrossDisplay: autoDraw = True
62.8845 	EXP 	responsefixationCrossDisplay: autoDraw = False
62.9012 	EXP 	responsefixationCrossDisplay: autoDraw = False
62.9178 	EXP 	responsefixationCrossDisplay: autoDraw = True
62.9178 	EXP 	responsefixationCrossDisplay: autoDraw = False
62.9345 	EXP 	responsefixationCrossDisplay: autoDraw = False
62.9512 	EXP 	responsefixationCrossDisplay: autoDraw = True
62.9512 	EXP 	responsefixationCrossDisplay: autoDraw = False
62.9678 	EXP 	responsefixationCrossDisplay: autoDraw = False
62.9844 	EXP 	responsefixationCrossDisplay: autoDraw = True
62.9844 	EXP 	responsefixationCrossDisplay: autoDraw = False
63.0013 	EXP 	responsefixationCrossDisplay: autoDraw = False
63.0178 	EXP 	responsefixationCrossDisplay: autoDraw = True
63.0178 	EXP 	responsefixationCrossDisplay: autoDraw = False
63.0344 	EXP 	responsefixationCrossDisplay: autoDraw = False
63.0510 	EXP 	responsefixationCrossDisplay: autoDraw = True
63.0510 	EXP 	responsefixationCrossDisplay: autoDraw = False
63.0677 	EXP 	responsefixationCrossDisplay: autoDraw = False
63.0844 	EXP 	responsefixationCrossDisplay: autoDraw = True
63.0844 	EXP 	responsefixationCrossDisplay: autoDraw = False
63.1011 	EXP 	responsefixationCrossDisplay: autoDraw = False
63.1178 	EXP 	responsefixationCrossDisplay: autoDraw = True
63.1178 	EXP 	responsefixationCrossDisplay: autoDraw = False
63.1344 	EXP 	responsefixationCrossDisplay: autoDraw = False
63.1511 	EXP 	responsefixationCrossDisplay: autoDraw = True
63.1511 	EXP 	responsefixationCrossDisplay: autoDraw = False
63.1677 	EXP 	responsefixationCrossDisplay: autoDraw = False
63.1849 	EXP 	responsefixationCrossDisplay: autoDraw = True
63.1849 	EXP 	responsefixationCrossDisplay: autoDraw = False
63.1881 	DATA 	Mouse: Right button down, pos=(231,215)
63.2011 	EXP 	responsefixationCrossDisplay: autoDraw = False
63.2011 	EXP 	StimuliText: autoDraw = False
63.2011 	EXP 	responsefixationCrossDisplay: autoDraw = True
63.2011 	EXP 	responsefixationCrossDisplay: foreColor = <psychopy.colors.Color: purple, alpha=1.0>
63.2730 	DATA 	Mouse:  Right button up, pos=(231,215)
64.3704 	EXP 	New trial (rep=0, index=14): <Trial 14 (14 in rep 0) data={'Block': 9, 'Stimuli_Type': 'LiterallyTrue', 'Stimuli': 'The repair included a new wheel.', 'One_subsubj_two_subObj': 'no_change', 'correct_answer': True, 'thisN': 14, 'thisTrialN': 14, 'thisRepN': 0}>
64.3842 	EXP 	StimuliText: autoDraw = False
64.3842 	EXP 	LeftResponseInstruction: autoDraw = False
64.3842 	EXP 	rightResponseInstruction: autoDraw = False
64.3842 	EXP 	responsefixationCrossDisplay: autoDraw = False
64.3842 	EXP 	responsefixationCrossDisplay: foreColor = <psychopy.colors.Color: black, alpha=1.0>
64.3842 	EXP 	StimuliText: height = np.float64(0.05)
64.3842 	EXP 	StimuliText: height = np.float64(0.05)
64.3842 	EXP 	StimuliText: height = np.float64(0.05)
64.3842 	EXP 	StimuliText: text = 'The repair included a new wheel.'
64.3842 	EXP 	StimuliText: autoDraw = True
64.3842 	EXP 	LeftResponseInstruction: autoDraw = True
64.3842 	EXP 	rightResponseInstruction: autoDraw = True
64.3842 	EXP 	responsefixationCrossDisplay: autoDraw = True
64.3842 	EXP 	responsefixationCrossDisplay: autoDraw = False
64.4012 	EXP 	responsefixationCrossDisplay: autoDraw = False
64.4176 	EXP 	responsefixationCrossDisplay: autoDraw = True
64.4176 	EXP 	responsefixationCrossDisplay: autoDraw = False
64.4343 	EXP 	responsefixationCrossDisplay: autoDraw = False
64.4509 	EXP 	responsefixationCrossDisplay: autoDraw = True
64.4509 	EXP 	responsefixationCrossDisplay: autoDraw = False
64.4675 	EXP 	responsefixationCrossDisplay: autoDraw = False
64.4842 	EXP 	responsefixationCrossDisplay: autoDraw = True
64.4842 	EXP 	responsefixationCrossDisplay: autoDraw = False
64.5009 	EXP 	responsefixationCrossDisplay: autoDraw = False
64.5176 	EXP 	responsefixationCrossDisplay: autoDraw = True
64.5176 	EXP 	responsefixationCrossDisplay: autoDraw = False
64.5342 	EXP 	responsefixationCrossDisplay: autoDraw = False
64.5509 	EXP 	responsefixationCrossDisplay: autoDraw = True
64.5509 	EXP 	responsefixationCrossDisplay: autoDraw = False
64.5675 	EXP 	responsefixationCrossDisplay: autoDraw = False
64.5841 	EXP 	responsefixationCrossDisplay: autoDraw = True
64.5841 	EXP 	responsefixationCrossDisplay: autoDraw = False
64.6009 	EXP 	responsefixationCrossDisplay: autoDraw = False
64.6175 	EXP 	responsefixationCrossDisplay: autoDraw = True
64.6175 	EXP 	responsefixationCrossDisplay: autoDraw = False
64.6341 	EXP 	responsefixationCrossDisplay: autoDraw = False
64.6508 	EXP 	responsefixationCrossDisplay: autoDraw = True
64.6508 	EXP 	responsefixationCrossDisplay: autoDraw = False
64.6675 	EXP 	responsefixationCrossDisplay: autoDraw = False
64.6842 	EXP 	responsefixationCrossDisplay: autoDraw = True
64.6842 	EXP 	responsefixationCrossDisplay: autoDraw = False
64.7008 	EXP 	responsefixationCrossDisplay: autoDraw = False
64.7175 	EXP 	responsefixationCrossDisplay: autoDraw = True
64.7175 	EXP 	responsefixationCrossDisplay: autoDraw = False
64.7341 	EXP 	responsefixationCrossDisplay: autoDraw = False
64.7508 	EXP 	responsefixationCrossDisplay: autoDraw = True
64.7508 	EXP 	responsefixationCrossDisplay: autoDraw = False
64.7675 	EXP 	responsefixationCrossDisplay: autoDraw = False
64.7841 	EXP 	responsefixationCrossDisplay: autoDraw = True
64.7841 	EXP 	responsefixationCrossDisplay: autoDraw = False
64.8008 	EXP 	responsefixationCrossDisplay: autoDraw = False
64.8175 	EXP 	responsefixationCrossDisplay: autoDraw = True
64.8175 	EXP 	responsefixationCrossDisplay: autoDraw = False
64.8341 	EXP 	responsefixationCrossDisplay: autoDraw = False
64.8508 	EXP 	responsefixationCrossDisplay: autoDraw = True
64.8508 	EXP 	responsefixationCrossDisplay: autoDraw = False
64.8676 	EXP 	responsefixationCrossDisplay: autoDraw = False
64.8841 	EXP 	responsefixationCrossDisplay: autoDraw = True
64.8841 	EXP 	responsefixationCrossDisplay: autoDraw = False
64.9029 	EXP 	responsefixationCrossDisplay: autoDraw = False
64.9174 	EXP 	responsefixationCrossDisplay: autoDraw = True
64.9174 	EXP 	responsefixationCrossDisplay: autoDraw = False
64.9341 	EXP 	responsefixationCrossDisplay: autoDraw = False
64.9507 	EXP 	responsefixationCrossDisplay: autoDraw = True
64.9507 	EXP 	responsefixationCrossDisplay: autoDraw = False
64.9676 	EXP 	responsefixationCrossDisplay: autoDraw = False
64.9841 	EXP 	responsefixationCrossDisplay: autoDraw = True
64.9841 	EXP 	responsefixationCrossDisplay: autoDraw = False
65.0007 	EXP 	responsefixationCrossDisplay: autoDraw = False
65.0177 	EXP 	responsefixationCrossDisplay: autoDraw = True
65.0177 	EXP 	responsefixationCrossDisplay: autoDraw = False
65.0340 	EXP 	responsefixationCrossDisplay: autoDraw = False
65.0509 	EXP 	responsefixationCrossDisplay: autoDraw = True
65.0509 	EXP 	responsefixationCrossDisplay: autoDraw = False
65.0674 	EXP 	responsefixationCrossDisplay: autoDraw = False
65.0841 	EXP 	responsefixationCrossDisplay: autoDraw = True
65.0841 	EXP 	responsefixationCrossDisplay: autoDraw = False
65.1009 	EXP 	responsefixationCrossDisplay: autoDraw = False
65.1176 	EXP 	responsefixationCrossDisplay: autoDraw = True
65.1176 	EXP 	responsefixationCrossDisplay: autoDraw = False
65.1341 	EXP 	responsefixationCrossDisplay: autoDraw = False
65.1508 	EXP 	responsefixationCrossDisplay: autoDraw = True
65.1508 	EXP 	responsefixationCrossDisplay: autoDraw = False
65.1675 	EXP 	responsefixationCrossDisplay: autoDraw = False
65.1840 	EXP 	responsefixationCrossDisplay: autoDraw = True
65.1840 	EXP 	responsefixationCrossDisplay: autoDraw = False
65.2008 	EXP 	responsefixationCrossDisplay: autoDraw = False
65.2174 	EXP 	responsefixationCrossDisplay: autoDraw = True
65.2174 	EXP 	responsefixationCrossDisplay: autoDraw = False
65.2342 	EXP 	responsefixationCrossDisplay: autoDraw = False
65.2508 	EXP 	responsefixationCrossDisplay: autoDraw = True
65.2508 	EXP 	responsefixationCrossDisplay: autoDraw = False
65.2675 	EXP 	responsefixationCrossDisplay: autoDraw = False
65.2841 	EXP 	responsefixationCrossDisplay: autoDraw = True
65.2841 	EXP 	responsefixationCrossDisplay: autoDraw = False
65.3008 	EXP 	responsefixationCrossDisplay: autoDraw = False
65.3174 	EXP 	responsefixationCrossDisplay: autoDraw = True
65.3174 	EXP 	responsefixationCrossDisplay: autoDraw = False
65.3341 	EXP 	responsefixationCrossDisplay: autoDraw = False
65.3508 	EXP 	responsefixationCrossDisplay: autoDraw = True
65.3508 	EXP 	responsefixationCrossDisplay: autoDraw = False
65.3674 	EXP 	responsefixationCrossDisplay: autoDraw = False
65.3841 	EXP 	responsefixationCrossDisplay: autoDraw = True
65.3841 	EXP 	responsefixationCrossDisplay: autoDraw = False
65.4007 	EXP 	responsefixationCrossDisplay: autoDraw = False
65.4174 	EXP 	responsefixationCrossDisplay: autoDraw = True
65.4174 	EXP 	responsefixationCrossDisplay: autoDraw = False
65.4341 	EXP 	responsefixationCrossDisplay: autoDraw = False
65.4508 	EXP 	responsefixationCrossDisplay: autoDraw = True
65.4508 	EXP 	responsefixationCrossDisplay: autoDraw = False
65.4675 	EXP 	responsefixationCrossDisplay: autoDraw = False
65.4842 	EXP 	responsefixationCrossDisplay: autoDraw = True
65.4842 	EXP 	responsefixationCrossDisplay: autoDraw = False
65.5008 	EXP 	responsefixationCrossDisplay: autoDraw = False
65.5174 	EXP 	responsefixationCrossDisplay: autoDraw = True
65.5174 	EXP 	responsefixationCrossDisplay: autoDraw = False
65.5340 	EXP 	responsefixationCrossDisplay: autoDraw = False
65.5507 	EXP 	responsefixationCrossDisplay: autoDraw = True
65.5507 	EXP 	responsefixationCrossDisplay: autoDraw = False
65.5674 	EXP 	responsefixationCrossDisplay: autoDraw = False
65.5841 	EXP 	responsefixationCrossDisplay: autoDraw = True
65.5841 	EXP 	responsefixationCrossDisplay: autoDraw = False
65.6006 	EXP 	responsefixationCrossDisplay: autoDraw = False
65.6173 	EXP 	responsefixationCrossDisplay: autoDraw = True
65.6173 	EXP 	responsefixationCrossDisplay: autoDraw = False
65.6340 	EXP 	responsefixationCrossDisplay: autoDraw = False
65.6508 	EXP 	responsefixationCrossDisplay: autoDraw = True
65.6508 	EXP 	responsefixationCrossDisplay: autoDraw = False
65.6674 	EXP 	responsefixationCrossDisplay: autoDraw = False
65.6840 	EXP 	responsefixationCrossDisplay: autoDraw = True
65.6840 	EXP 	responsefixationCrossDisplay: autoDraw = False
65.7007 	EXP 	responsefixationCrossDisplay: autoDraw = False
65.7174 	EXP 	responsefixationCrossDisplay: autoDraw = True
65.7174 	EXP 	responsefixationCrossDisplay: autoDraw = False
65.7340 	EXP 	responsefixationCrossDisplay: autoDraw = False
65.7507 	EXP 	responsefixationCrossDisplay: autoDraw = True
65.7507 	EXP 	responsefixationCrossDisplay: autoDraw = False
65.7674 	EXP 	responsefixationCrossDisplay: autoDraw = False
65.7840 	EXP 	responsefixationCrossDisplay: autoDraw = True
65.7840 	EXP 	responsefixationCrossDisplay: autoDraw = False
65.8008 	EXP 	responsefixationCrossDisplay: autoDraw = False
65.8173 	EXP 	responsefixationCrossDisplay: autoDraw = True
65.8173 	EXP 	responsefixationCrossDisplay: autoDraw = False
65.8339 	EXP 	responsefixationCrossDisplay: autoDraw = False
65.8506 	EXP 	responsefixationCrossDisplay: autoDraw = True
65.8506 	EXP 	responsefixationCrossDisplay: autoDraw = False
65.8673 	EXP 	responsefixationCrossDisplay: autoDraw = False
65.8840 	EXP 	responsefixationCrossDisplay: autoDraw = True
65.8840 	EXP 	responsefixationCrossDisplay: autoDraw = False
65.9007 	EXP 	responsefixationCrossDisplay: autoDraw = False
65.9173 	EXP 	responsefixationCrossDisplay: autoDraw = True
65.9173 	EXP 	responsefixationCrossDisplay: autoDraw = False
65.9339 	EXP 	responsefixationCrossDisplay: autoDraw = False
65.9507 	EXP 	responsefixationCrossDisplay: autoDraw = True
65.9507 	EXP 	responsefixationCrossDisplay: autoDraw = False
65.9674 	EXP 	responsefixationCrossDisplay: autoDraw = False
65.9840 	EXP 	responsefixationCrossDisplay: autoDraw = True
65.9840 	EXP 	responsefixationCrossDisplay: autoDraw = False
66.0007 	EXP 	responsefixationCrossDisplay: autoDraw = False
66.0173 	EXP 	responsefixationCrossDisplay: autoDraw = True
66.0173 	EXP 	responsefixationCrossDisplay: autoDraw = False
66.0339 	EXP 	responsefixationCrossDisplay: autoDraw = False
66.0506 	EXP 	responsefixationCrossDisplay: autoDraw = True
66.0506 	EXP 	responsefixationCrossDisplay: autoDraw = False
66.0673 	EXP 	responsefixationCrossDisplay: autoDraw = False
66.0840 	EXP 	responsefixationCrossDisplay: autoDraw = True
66.0840 	EXP 	responsefixationCrossDisplay: autoDraw = False
66.1007 	EXP 	responsefixationCrossDisplay: autoDraw = False
66.1175 	EXP 	responsefixationCrossDisplay: autoDraw = True
66.1175 	EXP 	responsefixationCrossDisplay: autoDraw = False
66.1342 	EXP 	responsefixationCrossDisplay: autoDraw = False
66.1506 	EXP 	responsefixationCrossDisplay: autoDraw = True
66.1506 	EXP 	responsefixationCrossDisplay: autoDraw = False
66.1673 	EXP 	responsefixationCrossDisplay: autoDraw = False
66.1840 	EXP 	responsefixationCrossDisplay: autoDraw = True
66.1840 	EXP 	responsefixationCrossDisplay: autoDraw = False
66.2010 	EXP 	responsefixationCrossDisplay: autoDraw = False
66.2173 	EXP 	responsefixationCrossDisplay: autoDraw = True
66.2173 	EXP 	responsefixationCrossDisplay: autoDraw = False
66.2340 	EXP 	responsefixationCrossDisplay: autoDraw = False
66.2507 	EXP 	responsefixationCrossDisplay: autoDraw = True
66.2507 	EXP 	responsefixationCrossDisplay: autoDraw = False
66.2673 	EXP 	responsefixationCrossDisplay: autoDraw = False
66.2839 	EXP 	responsefixationCrossDisplay: autoDraw = True
66.2839 	EXP 	responsefixationCrossDisplay: autoDraw = False
66.3006 	EXP 	responsefixationCrossDisplay: autoDraw = False
66.3172 	EXP 	responsefixationCrossDisplay: autoDraw = True
66.3172 	EXP 	responsefixationCrossDisplay: autoDraw = False
66.3343 	EXP 	responsefixationCrossDisplay: autoDraw = False
66.3506 	EXP 	responsefixationCrossDisplay: autoDraw = True
66.3506 	EXP 	responsefixationCrossDisplay: autoDraw = False
66.3672 	EXP 	responsefixationCrossDisplay: autoDraw = False
66.3839 	EXP 	responsefixationCrossDisplay: autoDraw = True
66.3839 	EXP 	responsefixationCrossDisplay: autoDraw = False
66.4005 	EXP 	responsefixationCrossDisplay: autoDraw = False
66.4174 	EXP 	responsefixationCrossDisplay: autoDraw = True
66.4174 	EXP 	responsefixationCrossDisplay: autoDraw = False
66.4340 	EXP 	responsefixationCrossDisplay: autoDraw = False
66.4507 	EXP 	responsefixationCrossDisplay: autoDraw = True
66.4507 	EXP 	responsefixationCrossDisplay: autoDraw = False
66.4671 	EXP 	responsefixationCrossDisplay: autoDraw = False
66.4839 	EXP 	responsefixationCrossDisplay: autoDraw = True
66.4839 	EXP 	responsefixationCrossDisplay: autoDraw = False
66.5005 	EXP 	responsefixationCrossDisplay: autoDraw = False
66.5172 	EXP 	responsefixationCrossDisplay: autoDraw = True
66.5172 	EXP 	responsefixationCrossDisplay: autoDraw = False
66.5339 	EXP 	responsefixationCrossDisplay: autoDraw = False
66.5505 	EXP 	responsefixationCrossDisplay: autoDraw = True
66.5505 	EXP 	responsefixationCrossDisplay: autoDraw = False
66.5672 	EXP 	responsefixationCrossDisplay: autoDraw = False
66.5838 	EXP 	responsefixationCrossDisplay: autoDraw = True
66.5838 	EXP 	responsefixationCrossDisplay: autoDraw = False
66.6006 	EXP 	responsefixationCrossDisplay: autoDraw = False
66.6171 	EXP 	responsefixationCrossDisplay: autoDraw = True
66.6171 	EXP 	responsefixationCrossDisplay: autoDraw = False
66.6338 	EXP 	responsefixationCrossDisplay: autoDraw = False
66.6505 	EXP 	responsefixationCrossDisplay: autoDraw = True
66.6505 	EXP 	responsefixationCrossDisplay: autoDraw = False
66.6672 	EXP 	responsefixationCrossDisplay: autoDraw = False
66.6838 	EXP 	responsefixationCrossDisplay: autoDraw = True
66.6838 	EXP 	responsefixationCrossDisplay: autoDraw = False
66.7005 	EXP 	responsefixationCrossDisplay: autoDraw = False
66.7172 	EXP 	responsefixationCrossDisplay: autoDraw = True
66.7172 	EXP 	responsefixationCrossDisplay: autoDraw = False
66.7340 	EXP 	responsefixationCrossDisplay: autoDraw = False
66.7505 	EXP 	responsefixationCrossDisplay: autoDraw = True
66.7505 	EXP 	responsefixationCrossDisplay: autoDraw = False
66.7673 	EXP 	responsefixationCrossDisplay: autoDraw = False
66.7837 	EXP 	responsefixationCrossDisplay: autoDraw = True
66.7837 	EXP 	responsefixationCrossDisplay: autoDraw = False
66.8026 	EXP 	responsefixationCrossDisplay: autoDraw = False
66.8187 	EXP 	responsefixationCrossDisplay: autoDraw = True
66.8187 	EXP 	responsefixationCrossDisplay: autoDraw = False
66.8338 	EXP 	responsefixationCrossDisplay: autoDraw = False
66.8505 	EXP 	responsefixationCrossDisplay: autoDraw = True
66.8505 	EXP 	responsefixationCrossDisplay: autoDraw = False
66.8672 	EXP 	responsefixationCrossDisplay: autoDraw = False
66.8838 	EXP 	responsefixationCrossDisplay: autoDraw = True
66.8838 	EXP 	responsefixationCrossDisplay: autoDraw = False
66.9006 	EXP 	responsefixationCrossDisplay: autoDraw = False
66.9177 	EXP 	responsefixationCrossDisplay: autoDraw = True
66.9177 	EXP 	responsefixationCrossDisplay: autoDraw = False
66.9341 	EXP 	responsefixationCrossDisplay: autoDraw = False
66.9506 	EXP 	responsefixationCrossDisplay: autoDraw = True
66.9506 	EXP 	responsefixationCrossDisplay: autoDraw = False
66.9671 	EXP 	responsefixationCrossDisplay: autoDraw = False
66.9840 	EXP 	responsefixationCrossDisplay: autoDraw = True
66.9840 	EXP 	responsefixationCrossDisplay: autoDraw = False
67.0007 	EXP 	responsefixationCrossDisplay: autoDraw = False
67.0171 	EXP 	responsefixationCrossDisplay: autoDraw = True
67.0171 	EXP 	responsefixationCrossDisplay: autoDraw = False
67.0338 	EXP 	responsefixationCrossDisplay: autoDraw = False
67.0509 	EXP 	responsefixationCrossDisplay: autoDraw = True
67.0509 	EXP 	responsefixationCrossDisplay: autoDraw = False
67.0672 	EXP 	responsefixationCrossDisplay: autoDraw = False
67.0839 	EXP 	responsefixationCrossDisplay: autoDraw = True
67.0839 	EXP 	responsefixationCrossDisplay: autoDraw = False
67.1005 	EXP 	responsefixationCrossDisplay: autoDraw = False
67.1173 	EXP 	responsefixationCrossDisplay: autoDraw = True
67.1173 	EXP 	responsefixationCrossDisplay: autoDraw = False
67.1338 	EXP 	responsefixationCrossDisplay: autoDraw = False
67.1506 	EXP 	responsefixationCrossDisplay: autoDraw = True
67.1506 	EXP 	responsefixationCrossDisplay: autoDraw = False
67.1671 	EXP 	responsefixationCrossDisplay: autoDraw = False
67.1839 	EXP 	responsefixationCrossDisplay: autoDraw = True
67.1839 	EXP 	responsefixationCrossDisplay: autoDraw = False
67.2005 	EXP 	responsefixationCrossDisplay: autoDraw = False
67.2171 	EXP 	responsefixationCrossDisplay: autoDraw = True
67.2171 	EXP 	responsefixationCrossDisplay: autoDraw = False
67.2338 	EXP 	responsefixationCrossDisplay: autoDraw = False
67.2507 	EXP 	responsefixationCrossDisplay: autoDraw = True
67.2507 	EXP 	responsefixationCrossDisplay: autoDraw = False
67.2540 	DATA 	Mouse: Left button down, pos=(231,215)
67.2669 	EXP 	responsefixationCrossDisplay: autoDraw = False
67.2669 	EXP 	StimuliText: autoDraw = False
67.2669 	EXP 	responsefixationCrossDisplay: autoDraw = True
67.2669 	EXP 	responsefixationCrossDisplay: foreColor = <psychopy.colors.Color: purple, alpha=1.0>
67.3599 	DATA 	Mouse:  Left button up, pos=(231,215)
68.8701 	EXP 	New trial (rep=0, index=15): <Trial 15 (15 in rep 0) data={'Block': 9, 'Stimuli_Type': 'LiterallyTrue', 'Stimuli': 'The little hammer was a gavel.', 'One_subsubj_two_subObj': 'no_change', 'correct_answer': True, 'thisN': 15, 'thisTrialN': 15, 'thisRepN': 0}>
68.8835 	EXP 	StimuliText: autoDraw = False
68.8835 	EXP 	LeftResponseInstruction: autoDraw = False
68.8835 	EXP 	rightResponseInstruction: autoDraw = False
68.8835 	EXP 	responsefixationCrossDisplay: autoDraw = False
68.8835 	EXP 	responsefixationCrossDisplay: foreColor = <psychopy.colors.Color: black, alpha=1.0>
68.8835 	EXP 	StimuliText: height = np.float64(0.05)
68.8835 	EXP 	StimuliText: height = np.float64(0.05)
68.8835 	EXP 	StimuliText: height = np.float64(0.05)
68.8835 	EXP 	StimuliText: text = 'The little hammer was a gavel.'
68.8835 	EXP 	StimuliText: autoDraw = True
68.8835 	EXP 	LeftResponseInstruction: autoDraw = True
68.8835 	EXP 	rightResponseInstruction: autoDraw = True
68.8835 	EXP 	responsefixationCrossDisplay: autoDraw = True
68.8835 	EXP 	responsefixationCrossDisplay: autoDraw = False
68.9002 	EXP 	responsefixationCrossDisplay: autoDraw = False
68.9171 	EXP 	responsefixationCrossDisplay: autoDraw = True
68.9171 	EXP 	responsefixationCrossDisplay: autoDraw = False
68.9334 	EXP 	responsefixationCrossDisplay: autoDraw = False
68.9502 	EXP 	responsefixationCrossDisplay: autoDraw = True
68.9502 	EXP 	responsefixationCrossDisplay: autoDraw = False
68.9669 	EXP 	responsefixationCrossDisplay: autoDraw = False
68.9835 	EXP 	responsefixationCrossDisplay: autoDraw = True
68.9835 	EXP 	responsefixationCrossDisplay: autoDraw = False
69.0002 	EXP 	responsefixationCrossDisplay: autoDraw = False
69.0169 	EXP 	responsefixationCrossDisplay: autoDraw = True
69.0169 	EXP 	responsefixationCrossDisplay: autoDraw = False
69.0341 	EXP 	responsefixationCrossDisplay: autoDraw = False
69.0500 	EXP 	responsefixationCrossDisplay: autoDraw = True
69.0500 	EXP 	responsefixationCrossDisplay: autoDraw = False
69.0669 	EXP 	responsefixationCrossDisplay: autoDraw = False
69.0836 	EXP 	responsefixationCrossDisplay: autoDraw = True
69.0836 	EXP 	responsefixationCrossDisplay: autoDraw = False
69.1003 	EXP 	responsefixationCrossDisplay: autoDraw = False
69.1189 	EXP 	responsefixationCrossDisplay: autoDraw = True
69.1189 	EXP 	responsefixationCrossDisplay: autoDraw = False
69.1335 	EXP 	responsefixationCrossDisplay: autoDraw = False
69.1501 	EXP 	responsefixationCrossDisplay: autoDraw = True
69.1501 	EXP 	responsefixationCrossDisplay: autoDraw = False
69.1668 	EXP 	responsefixationCrossDisplay: autoDraw = False
69.1835 	EXP 	responsefixationCrossDisplay: autoDraw = True
69.1835 	EXP 	responsefixationCrossDisplay: autoDraw = False
69.2001 	EXP 	responsefixationCrossDisplay: autoDraw = False
69.2168 	EXP 	responsefixationCrossDisplay: autoDraw = True
69.2168 	EXP 	responsefixationCrossDisplay: autoDraw = False
69.2335 	EXP 	responsefixationCrossDisplay: autoDraw = False
69.2502 	EXP 	responsefixationCrossDisplay: autoDraw = True
69.2502 	EXP 	responsefixationCrossDisplay: autoDraw = False
69.2669 	EXP 	responsefixationCrossDisplay: autoDraw = False
69.2836 	EXP 	responsefixationCrossDisplay: autoDraw = True
69.2836 	EXP 	responsefixationCrossDisplay: autoDraw = False
69.3001 	EXP 	responsefixationCrossDisplay: autoDraw = False
69.3168 	EXP 	responsefixationCrossDisplay: autoDraw = True
69.3168 	EXP 	responsefixationCrossDisplay: autoDraw = False
69.3335 	EXP 	responsefixationCrossDisplay: autoDraw = False
69.3502 	EXP 	responsefixationCrossDisplay: autoDraw = True
69.3502 	EXP 	responsefixationCrossDisplay: autoDraw = False
69.3668 	EXP 	responsefixationCrossDisplay: autoDraw = False
69.3835 	EXP 	responsefixationCrossDisplay: autoDraw = True
69.3835 	EXP 	responsefixationCrossDisplay: autoDraw = False
69.4001 	EXP 	responsefixationCrossDisplay: autoDraw = False
69.4168 	EXP 	responsefixationCrossDisplay: autoDraw = True
69.4168 	EXP 	responsefixationCrossDisplay: autoDraw = False
69.4334 	EXP 	responsefixationCrossDisplay: autoDraw = False
69.4501 	EXP 	responsefixationCrossDisplay: autoDraw = True
69.4501 	EXP 	responsefixationCrossDisplay: autoDraw = False
69.4667 	EXP 	responsefixationCrossDisplay: autoDraw = False
69.4834 	EXP 	responsefixationCrossDisplay: autoDraw = True
69.4834 	EXP 	responsefixationCrossDisplay: autoDraw = False
69.5001 	EXP 	responsefixationCrossDisplay: autoDraw = False
69.5168 	EXP 	responsefixationCrossDisplay: autoDraw = True
69.5168 	EXP 	responsefixationCrossDisplay: autoDraw = False
69.5335 	EXP 	responsefixationCrossDisplay: autoDraw = False
69.5501 	EXP 	responsefixationCrossDisplay: autoDraw = True
69.5501 	EXP 	responsefixationCrossDisplay: autoDraw = False
69.5669 	EXP 	responsefixationCrossDisplay: autoDraw = False
69.5833 	EXP 	responsefixationCrossDisplay: autoDraw = True
69.5833 	EXP 	responsefixationCrossDisplay: autoDraw = False
69.6000 	EXP 	responsefixationCrossDisplay: autoDraw = False
69.6168 	EXP 	responsefixationCrossDisplay: autoDraw = True
69.6168 	EXP 	responsefixationCrossDisplay: autoDraw = False
69.6334 	EXP 	responsefixationCrossDisplay: autoDraw = False
69.6501 	EXP 	responsefixationCrossDisplay: autoDraw = True
69.6501 	EXP 	responsefixationCrossDisplay: autoDraw = False
69.6669 	EXP 	responsefixationCrossDisplay: autoDraw = False
69.6834 	EXP 	responsefixationCrossDisplay: autoDraw = True
69.6834 	EXP 	responsefixationCrossDisplay: autoDraw = False
69.7001 	EXP 	responsefixationCrossDisplay: autoDraw = False
69.7168 	EXP 	responsefixationCrossDisplay: autoDraw = True
69.7168 	EXP 	responsefixationCrossDisplay: autoDraw = False
69.7335 	EXP 	responsefixationCrossDisplay: autoDraw = False
69.7501 	EXP 	responsefixationCrossDisplay: autoDraw = True
69.7501 	EXP 	responsefixationCrossDisplay: autoDraw = False
69.7667 	EXP 	responsefixationCrossDisplay: autoDraw = False
69.7835 	EXP 	responsefixationCrossDisplay: autoDraw = True
69.7835 	EXP 	responsefixationCrossDisplay: autoDraw = False
69.8001 	EXP 	responsefixationCrossDisplay: autoDraw = False
69.8167 	EXP 	responsefixationCrossDisplay: autoDraw = True
69.8167 	EXP 	responsefixationCrossDisplay: autoDraw = False
69.8334 	EXP 	responsefixationCrossDisplay: autoDraw = False
69.8500 	EXP 	responsefixationCrossDisplay: autoDraw = True
69.8500 	EXP 	responsefixationCrossDisplay: autoDraw = False
69.8666 	EXP 	responsefixationCrossDisplay: autoDraw = False
69.8833 	EXP 	responsefixationCrossDisplay: autoDraw = True
69.8833 	EXP 	responsefixationCrossDisplay: autoDraw = False
69.9000 	EXP 	responsefixationCrossDisplay: autoDraw = False
69.9168 	EXP 	responsefixationCrossDisplay: autoDraw = True
69.9168 	EXP 	responsefixationCrossDisplay: autoDraw = False
69.9334 	EXP 	responsefixationCrossDisplay: autoDraw = False
69.9500 	EXP 	responsefixationCrossDisplay: autoDraw = True
69.9500 	EXP 	responsefixationCrossDisplay: autoDraw = False
69.9669 	EXP 	responsefixationCrossDisplay: autoDraw = False
69.9834 	EXP 	responsefixationCrossDisplay: autoDraw = True
69.9834 	EXP 	responsefixationCrossDisplay: autoDraw = False
70.0002 	EXP 	responsefixationCrossDisplay: autoDraw = False
70.0167 	EXP 	responsefixationCrossDisplay: autoDraw = True
70.0167 	EXP 	responsefixationCrossDisplay: autoDraw = False
70.0333 	EXP 	responsefixationCrossDisplay: autoDraw = False
70.0501 	EXP 	responsefixationCrossDisplay: autoDraw = True
70.0501 	EXP 	responsefixationCrossDisplay: autoDraw = False
70.0668 	EXP 	responsefixationCrossDisplay: autoDraw = False
70.0834 	EXP 	responsefixationCrossDisplay: autoDraw = True
70.0834 	EXP 	responsefixationCrossDisplay: autoDraw = False
70.1000 	EXP 	responsefixationCrossDisplay: autoDraw = False
70.1167 	EXP 	responsefixationCrossDisplay: autoDraw = True
70.1167 	EXP 	responsefixationCrossDisplay: autoDraw = False
70.1333 	EXP 	responsefixationCrossDisplay: autoDraw = False
70.1501 	EXP 	responsefixationCrossDisplay: autoDraw = True
70.1501 	EXP 	responsefixationCrossDisplay: autoDraw = False
70.1668 	EXP 	responsefixationCrossDisplay: autoDraw = False
70.1834 	EXP 	responsefixationCrossDisplay: autoDraw = True
70.1834 	EXP 	responsefixationCrossDisplay: autoDraw = False
70.2000 	EXP 	responsefixationCrossDisplay: autoDraw = False
70.2166 	EXP 	responsefixationCrossDisplay: autoDraw = True
70.2166 	EXP 	responsefixationCrossDisplay: autoDraw = False
70.2333 	EXP 	responsefixationCrossDisplay: autoDraw = False
70.2500 	EXP 	responsefixationCrossDisplay: autoDraw = True
70.2500 	EXP 	responsefixationCrossDisplay: autoDraw = False
70.2666 	EXP 	responsefixationCrossDisplay: autoDraw = False
70.2833 	EXP 	responsefixationCrossDisplay: autoDraw = True
70.2833 	EXP 	responsefixationCrossDisplay: autoDraw = False
70.3001 	EXP 	responsefixationCrossDisplay: autoDraw = False
70.3167 	EXP 	responsefixationCrossDisplay: autoDraw = True
70.3167 	EXP 	responsefixationCrossDisplay: autoDraw = False
70.3334 	EXP 	responsefixationCrossDisplay: autoDraw = False
70.3503 	EXP 	responsefixationCrossDisplay: autoDraw = True
70.3503 	EXP 	responsefixationCrossDisplay: autoDraw = False
70.3667 	EXP 	responsefixationCrossDisplay: autoDraw = False
70.3833 	EXP 	responsefixationCrossDisplay: autoDraw = True
70.3833 	EXP 	responsefixationCrossDisplay: autoDraw = False
70.4001 	EXP 	responsefixationCrossDisplay: autoDraw = False
70.4166 	EXP 	responsefixationCrossDisplay: autoDraw = True
70.4166 	EXP 	responsefixationCrossDisplay: autoDraw = False
70.4333 	EXP 	responsefixationCrossDisplay: autoDraw = False
70.4499 	EXP 	responsefixationCrossDisplay: autoDraw = True
70.4499 	EXP 	responsefixationCrossDisplay: autoDraw = False
70.4669 	EXP 	responsefixationCrossDisplay: autoDraw = False
70.4832 	EXP 	responsefixationCrossDisplay: autoDraw = True
70.4832 	EXP 	responsefixationCrossDisplay: autoDraw = False
70.5000 	EXP 	responsefixationCrossDisplay: autoDraw = False
70.5166 	EXP 	responsefixationCrossDisplay: autoDraw = True
70.5166 	EXP 	responsefixationCrossDisplay: autoDraw = False
70.5334 	EXP 	responsefixationCrossDisplay: autoDraw = False
70.5499 	EXP 	responsefixationCrossDisplay: autoDraw = True
70.5499 	EXP 	responsefixationCrossDisplay: autoDraw = False
70.5666 	EXP 	responsefixationCrossDisplay: autoDraw = False
70.5834 	EXP 	responsefixationCrossDisplay: autoDraw = True
70.5834 	EXP 	responsefixationCrossDisplay: autoDraw = False
70.6000 	EXP 	responsefixationCrossDisplay: autoDraw = False
70.6167 	EXP 	responsefixationCrossDisplay: autoDraw = True
70.6167 	EXP 	responsefixationCrossDisplay: autoDraw = False
70.6333 	EXP 	responsefixationCrossDisplay: autoDraw = False
70.6499 	EXP 	responsefixationCrossDisplay: autoDraw = True
70.6499 	EXP 	responsefixationCrossDisplay: autoDraw = False
70.6666 	EXP 	responsefixationCrossDisplay: autoDraw = False
70.6832 	EXP 	responsefixationCrossDisplay: autoDraw = True
70.6832 	EXP 	responsefixationCrossDisplay: autoDraw = False
70.6999 	EXP 	responsefixationCrossDisplay: autoDraw = False
70.7166 	EXP 	responsefixationCrossDisplay: autoDraw = True
70.7166 	EXP 	responsefixationCrossDisplay: autoDraw = False
70.7332 	EXP 	responsefixationCrossDisplay: autoDraw = False
70.7499 	EXP 	responsefixationCrossDisplay: autoDraw = True
70.7499 	EXP 	responsefixationCrossDisplay: autoDraw = False
70.7665 	EXP 	responsefixationCrossDisplay: autoDraw = False
70.7832 	EXP 	responsefixationCrossDisplay: autoDraw = True
70.7832 	EXP 	responsefixationCrossDisplay: autoDraw = False
70.8000 	EXP 	responsefixationCrossDisplay: autoDraw = False
70.8166 	EXP 	responsefixationCrossDisplay: autoDraw = True
70.8166 	EXP 	responsefixationCrossDisplay: autoDraw = False
70.8332 	EXP 	responsefixationCrossDisplay: autoDraw = False
70.8499 	EXP 	responsefixationCrossDisplay: autoDraw = True
70.8499 	EXP 	responsefixationCrossDisplay: autoDraw = False
70.8666 	EXP 	responsefixationCrossDisplay: autoDraw = False
70.8832 	EXP 	responsefixationCrossDisplay: autoDraw = True
70.8832 	EXP 	responsefixationCrossDisplay: autoDraw = False
70.9000 	EXP 	responsefixationCrossDisplay: autoDraw = False
70.9167 	EXP 	responsefixationCrossDisplay: autoDraw = True
70.9167 	EXP 	responsefixationCrossDisplay: autoDraw = False
70.9333 	EXP 	responsefixationCrossDisplay: autoDraw = False
70.9499 	EXP 	responsefixationCrossDisplay: autoDraw = True
70.9499 	EXP 	responsefixationCrossDisplay: autoDraw = False
70.9667 	EXP 	responsefixationCrossDisplay: autoDraw = False
70.9833 	EXP 	responsefixationCrossDisplay: autoDraw = True
70.9833 	EXP 	responsefixationCrossDisplay: autoDraw = False
70.9999 	EXP 	responsefixationCrossDisplay: autoDraw = False
71.0167 	EXP 	responsefixationCrossDisplay: autoDraw = True
71.0167 	EXP 	responsefixationCrossDisplay: autoDraw = False
71.0332 	EXP 	responsefixationCrossDisplay: autoDraw = False
71.0499 	EXP 	responsefixationCrossDisplay: autoDraw = True
71.0499 	EXP 	responsefixationCrossDisplay: autoDraw = False
71.0665 	EXP 	responsefixationCrossDisplay: autoDraw = False
71.0832 	EXP 	responsefixationCrossDisplay: autoDraw = True
71.0832 	EXP 	responsefixationCrossDisplay: autoDraw = False
71.1000 	EXP 	responsefixationCrossDisplay: autoDraw = False
71.1165 	EXP 	responsefixationCrossDisplay: autoDraw = True
71.1165 	EXP 	responsefixationCrossDisplay: autoDraw = False
71.1332 	EXP 	responsefixationCrossDisplay: autoDraw = False
71.1498 	EXP 	responsefixationCrossDisplay: autoDraw = True
71.1498 	EXP 	responsefixationCrossDisplay: autoDraw = False
71.1665 	EXP 	responsefixationCrossDisplay: autoDraw = False
71.1831 	EXP 	responsefixationCrossDisplay: autoDraw = True
71.1831 	EXP 	responsefixationCrossDisplay: autoDraw = False
71.1998 	EXP 	responsefixationCrossDisplay: autoDraw = False
71.2165 	EXP 	responsefixationCrossDisplay: autoDraw = True
71.2165 	EXP 	responsefixationCrossDisplay: autoDraw = False
71.2331 	EXP 	responsefixationCrossDisplay: autoDraw = False
71.2498 	EXP 	responsefixationCrossDisplay: autoDraw = True
71.2498 	EXP 	responsefixationCrossDisplay: autoDraw = False
71.2664 	EXP 	responsefixationCrossDisplay: autoDraw = False
71.2832 	EXP 	responsefixationCrossDisplay: autoDraw = True
71.2832 	EXP 	responsefixationCrossDisplay: autoDraw = False
71.2998 	EXP 	responsefixationCrossDisplay: autoDraw = False
71.3168 	EXP 	responsefixationCrossDisplay: autoDraw = True
71.3168 	EXP 	responsefixationCrossDisplay: autoDraw = False
71.3332 	EXP 	responsefixationCrossDisplay: autoDraw = False
71.3498 	EXP 	responsefixationCrossDisplay: autoDraw = True
71.3498 	EXP 	responsefixationCrossDisplay: autoDraw = False
71.3665 	EXP 	responsefixationCrossDisplay: autoDraw = False
71.3831 	EXP 	responsefixationCrossDisplay: autoDraw = True
71.3831 	EXP 	responsefixationCrossDisplay: autoDraw = False
71.4001 	EXP 	responsefixationCrossDisplay: autoDraw = False
71.4165 	EXP 	responsefixationCrossDisplay: autoDraw = True
71.4165 	EXP 	responsefixationCrossDisplay: autoDraw = False
71.4331 	EXP 	responsefixationCrossDisplay: autoDraw = False
71.4498 	EXP 	responsefixationCrossDisplay: autoDraw = True
71.4498 	EXP 	responsefixationCrossDisplay: autoDraw = False
71.4665 	EXP 	responsefixationCrossDisplay: autoDraw = False
71.4832 	EXP 	responsefixationCrossDisplay: autoDraw = True
71.4832 	EXP 	responsefixationCrossDisplay: autoDraw = False
71.4999 	EXP 	responsefixationCrossDisplay: autoDraw = False
71.5165 	EXP 	responsefixationCrossDisplay: autoDraw = True
71.5165 	EXP 	responsefixationCrossDisplay: autoDraw = False
71.5355 	EXP 	responsefixationCrossDisplay: autoDraw = False
71.5592 	EXP 	responsefixationCrossDisplay: autoDraw = True
71.5592 	EXP 	responsefixationCrossDisplay: autoDraw = False
71.5826 	EXP 	responsefixationCrossDisplay: autoDraw = False
71.6016 	EXP 	responsefixationCrossDisplay: autoDraw = True
71.6016 	EXP 	responsefixationCrossDisplay: autoDraw = False
71.6175 	EXP 	responsefixationCrossDisplay: autoDraw = False
71.6332 	EXP 	responsefixationCrossDisplay: autoDraw = True
71.6332 	EXP 	responsefixationCrossDisplay: autoDraw = False
71.6502 	EXP 	responsefixationCrossDisplay: autoDraw = False
71.6666 	EXP 	responsefixationCrossDisplay: autoDraw = True
71.6666 	EXP 	responsefixationCrossDisplay: autoDraw = False
71.6834 	EXP 	responsefixationCrossDisplay: autoDraw = False
71.7000 	EXP 	responsefixationCrossDisplay: autoDraw = True
71.7000 	EXP 	responsefixationCrossDisplay: autoDraw = False
71.7165 	EXP 	responsefixationCrossDisplay: autoDraw = False
71.7332 	EXP 	responsefixationCrossDisplay: autoDraw = True
71.7332 	EXP 	responsefixationCrossDisplay: autoDraw = False
71.7499 	EXP 	responsefixationCrossDisplay: autoDraw = False
71.7666 	EXP 	responsefixationCrossDisplay: autoDraw = True
71.7666 	EXP 	responsefixationCrossDisplay: autoDraw = False
71.7833 	EXP 	responsefixationCrossDisplay: autoDraw = False
71.7998 	EXP 	responsefixationCrossDisplay: autoDraw = True
71.7998 	EXP 	responsefixationCrossDisplay: autoDraw = False
71.8166 	EXP 	responsefixationCrossDisplay: autoDraw = False
71.8333 	EXP 	responsefixationCrossDisplay: autoDraw = True
71.8333 	EXP 	responsefixationCrossDisplay: autoDraw = False
71.8392 	DATA 	Mouse: Left button down, pos=(231,215)
71.8499 	EXP 	responsefixationCrossDisplay: autoDraw = False
71.8499 	EXP 	StimuliText: autoDraw = False
71.8499 	EXP 	responsefixationCrossDisplay: autoDraw = True
71.8499 	EXP 	responsefixationCrossDisplay: foreColor = <psychopy.colors.Color: purple, alpha=1.0>
71.9875 	DATA 	Mouse:  Left button up, pos=(231,215)
73.5504 	INFO 	saved data to C:\Users\Frances\Desktop\lab\sdtWhole\data\818425_SentenceDecisionTaskWhole_TrueFalse_2026-02-09_16h06.38.877_trialLoop.csv
73.5654 	EXP 	StimuliText: autoDraw = False
73.5654 	EXP 	LeftResponseInstruction: autoDraw = False
73.5654 	EXP 	rightResponseInstruction: autoDraw = False
73.5654 	EXP 	responsefixationCrossDisplay: autoDraw = False
73.5654 	EXP 	responsefixationCrossDisplay: foreColor = <psychopy.colors.Color: black, alpha=1.0>
73.5654 	EXP 	text: autoDraw = True
79.4047 	EXP 	text: autoDraw = False
79.4047 	EXP 	Instruction_Break: autoDraw = False
79.4047 	EXP 	blockInstruction: height = np.float64(0.05)
79.4047 	EXP 	blockInstruction: height = np.float64(0.05)
79.4047 	EXP 	blockInstruction: height = np.float64(0.05)
79.4047 	EXP 	blockInstruction: text = 'You are about to start block 2 out of 10'
79.4047 	EXP 	blockInstruction: autoDraw = True
82.3938 	EXP 	New trial (rep=0, index=1): <Trial 1 (1 in rep 0) data={'condsFile': 'Block1.xlsx', 'thisN': 1, 'thisTrialN': 1, 'thisRepN': 0}>
82.4015 	DEBUG 	Read excel file with openpyxl: experiment_stimuli/Block1.xlsx
82.4034 	EXP 	Imported experiment_stimuli/Block1.xlsx as conditions, 16 conditions, 5 params
82.4039 	EXP 	New trial (rep=0, index=0): <Trial 0 (0 in rep 0) data={'Block': 1, 'Stimuli_Type': 'LiterallyTrue', 'Stimuli': 'The chase was a fast dash.', 'One_subsubj_two_subObj': 'no_change', 'correct_answer': True, 'thisN': 0, 'thisTrialN': 0, 'thisRepN': 0}>
82.4218 	EXP 	blockInstruction: autoDraw = False
82.4218 	EXP 	StimuliText: height = np.float64(0.05)
82.4218 	EXP 	StimuliText: height = np.float64(0.05)
82.4218 	EXP 	StimuliText: height = np.float64(0.05)
82.4218 	EXP 	StimuliText: text = 'The chase was a fast dash.'
82.4218 	EXP 	StimuliText: autoDraw = True
82.4218 	EXP 	LeftResponseInstruction: autoDraw = True
82.4218 	EXP 	rightResponseInstruction: autoDraw = True
82.4218 	EXP 	responsefixationCrossDisplay: autoDraw = True
82.4218 	EXP 	responsefixationCrossDisplay: autoDraw = False
82.4389 	EXP 	responsefixationCrossDisplay: autoDraw = False
82.4559 	EXP 	responsefixationCrossDisplay: autoDraw = True
82.4559 	EXP 	responsefixationCrossDisplay: autoDraw = False
82.4725 	EXP 	responsefixationCrossDisplay: autoDraw = False
82.4893 	EXP 	responsefixationCrossDisplay: autoDraw = True
82.4893 	EXP 	responsefixationCrossDisplay: autoDraw = False
82.5059 	EXP 	responsefixationCrossDisplay: autoDraw = False
82.5224 	EXP 	responsefixationCrossDisplay: autoDraw = True
82.5224 	EXP 	responsefixationCrossDisplay: autoDraw = False
82.5390 	EXP 	responsefixationCrossDisplay: autoDraw = False
82.5557 	EXP 	responsefixationCrossDisplay: autoDraw = True
82.5557 	EXP 	responsefixationCrossDisplay: autoDraw = False
82.5723 	EXP 	responsefixationCrossDisplay: autoDraw = False
82.5891 	EXP 	responsefixationCrossDisplay: autoDraw = True
82.5891 	EXP 	responsefixationCrossDisplay: autoDraw = False
82.6059 	EXP 	responsefixationCrossDisplay: autoDraw = False
82.6225 	EXP 	responsefixationCrossDisplay: autoDraw = True
82.6225 	EXP 	responsefixationCrossDisplay: autoDraw = False
82.6391 	EXP 	responsefixationCrossDisplay: autoDraw = False
82.6558 	EXP 	responsefixationCrossDisplay: autoDraw = True
82.6558 	EXP 	responsefixationCrossDisplay: autoDraw = False
82.6724 	EXP 	responsefixationCrossDisplay: autoDraw = False
82.6892 	EXP 	responsefixationCrossDisplay: autoDraw = True
82.6892 	EXP 	responsefixationCrossDisplay: autoDraw = False
82.7058 	EXP 	responsefixationCrossDisplay: autoDraw = False
82.7225 	EXP 	responsefixationCrossDisplay: autoDraw = True
82.7225 	EXP 	responsefixationCrossDisplay: autoDraw = False
82.7391 	EXP 	responsefixationCrossDisplay: autoDraw = False
82.7558 	EXP 	responsefixationCrossDisplay: autoDraw = True
82.7558 	EXP 	responsefixationCrossDisplay: autoDraw = False
82.7724 	EXP 	responsefixationCrossDisplay: autoDraw = False
82.7891 	EXP 	responsefixationCrossDisplay: autoDraw = True
82.7891 	EXP 	responsefixationCrossDisplay: autoDraw = False
82.8059 	EXP 	responsefixationCrossDisplay: autoDraw = False
82.8224 	EXP 	responsefixationCrossDisplay: autoDraw = True
82.8224 	EXP 	responsefixationCrossDisplay: autoDraw = False
82.8390 	EXP 	responsefixationCrossDisplay: autoDraw = False
82.8558 	EXP 	responsefixationCrossDisplay: autoDraw = True
82.8558 	EXP 	responsefixationCrossDisplay: autoDraw = False
82.8725 	EXP 	responsefixationCrossDisplay: autoDraw = False
82.8890 	EXP 	responsefixationCrossDisplay: autoDraw = True
82.8890 	EXP 	responsefixationCrossDisplay: autoDraw = False
82.9056 	EXP 	responsefixationCrossDisplay: autoDraw = False
82.9224 	EXP 	responsefixationCrossDisplay: autoDraw = True
82.9224 	EXP 	responsefixationCrossDisplay: autoDraw = False
82.9390 	EXP 	responsefixationCrossDisplay: autoDraw = False
82.9558 	EXP 	responsefixationCrossDisplay: autoDraw = True
82.9558 	EXP 	responsefixationCrossDisplay: autoDraw = False
82.9726 	EXP 	responsefixationCrossDisplay: autoDraw = False
82.9891 	EXP 	responsefixationCrossDisplay: autoDraw = True
82.9891 	EXP 	responsefixationCrossDisplay: autoDraw = False
83.0058 	EXP 	responsefixationCrossDisplay: autoDraw = False
83.0229 	EXP 	responsefixationCrossDisplay: autoDraw = True
83.0229 	EXP 	responsefixationCrossDisplay: autoDraw = False
83.0391 	EXP 	responsefixationCrossDisplay: autoDraw = False
83.0559 	EXP 	responsefixationCrossDisplay: autoDraw = True
83.0559 	EXP 	responsefixationCrossDisplay: autoDraw = False
83.0728 	EXP 	responsefixationCrossDisplay: autoDraw = False
83.0891 	EXP 	responsefixationCrossDisplay: autoDraw = True
83.0891 	EXP 	responsefixationCrossDisplay: autoDraw = False
83.1060 	EXP 	responsefixationCrossDisplay: autoDraw = False
83.1227 	EXP 	responsefixationCrossDisplay: autoDraw = True
83.1227 	EXP 	responsefixationCrossDisplay: autoDraw = False
83.1390 	EXP 	responsefixationCrossDisplay: autoDraw = False
83.1558 	EXP 	responsefixationCrossDisplay: autoDraw = True
83.1558 	EXP 	responsefixationCrossDisplay: autoDraw = False
83.1724 	EXP 	responsefixationCrossDisplay: autoDraw = False
83.1902 	EXP 	responsefixationCrossDisplay: autoDraw = True
83.1902 	EXP 	responsefixationCrossDisplay: autoDraw = False
83.2057 	EXP 	responsefixationCrossDisplay: autoDraw = False
83.2224 	EXP 	responsefixationCrossDisplay: autoDraw = True
83.2224 	EXP 	responsefixationCrossDisplay: autoDraw = False
83.2391 	EXP 	responsefixationCrossDisplay: autoDraw = False
83.2557 	EXP 	responsefixationCrossDisplay: autoDraw = True
83.2557 	EXP 	responsefixationCrossDisplay: autoDraw = False
83.2724 	EXP 	responsefixationCrossDisplay: autoDraw = False
83.2890 	EXP 	responsefixationCrossDisplay: autoDraw = True
83.2890 	EXP 	responsefixationCrossDisplay: autoDraw = False
83.3056 	EXP 	responsefixationCrossDisplay: autoDraw = False
83.3230 	EXP 	responsefixationCrossDisplay: autoDraw = True
83.3230 	EXP 	responsefixationCrossDisplay: autoDraw = False
83.3389 	EXP 	responsefixationCrossDisplay: autoDraw = False
83.3557 	EXP 	responsefixationCrossDisplay: autoDraw = True
83.3557 	EXP 	responsefixationCrossDisplay: autoDraw = False
83.3722 	EXP 	responsefixationCrossDisplay: autoDraw = False
83.3890 	EXP 	responsefixationCrossDisplay: autoDraw = True
83.3890 	EXP 	responsefixationCrossDisplay: autoDraw = False
83.4058 	EXP 	responsefixationCrossDisplay: autoDraw = False
83.4224 	EXP 	responsefixationCrossDisplay: autoDraw = True
83.4224 	EXP 	responsefixationCrossDisplay: autoDraw = False
83.4390 	EXP 	responsefixationCrossDisplay: autoDraw = False
83.4555 	EXP 	responsefixationCrossDisplay: autoDraw = True
83.4555 	EXP 	responsefixationCrossDisplay: autoDraw = False
83.4723 	EXP 	responsefixationCrossDisplay: autoDraw = False
83.4915 	EXP 	responsefixationCrossDisplay: autoDraw = True
83.4915 	EXP 	responsefixationCrossDisplay: autoDraw = False
83.5056 	EXP 	responsefixationCrossDisplay: autoDraw = False
83.5224 	EXP 	responsefixationCrossDisplay: autoDraw = True
83.5224 	EXP 	responsefixationCrossDisplay: autoDraw = False
83.5389 	EXP 	responsefixationCrossDisplay: autoDraw = False
83.5557 	EXP 	responsefixationCrossDisplay: autoDraw = True
83.5557 	EXP 	responsefixationCrossDisplay: autoDraw = False
83.5722 	EXP 	responsefixationCrossDisplay: autoDraw = False
83.5889 	EXP 	responsefixationCrossDisplay: autoDraw = True
83.5889 	EXP 	responsefixationCrossDisplay: autoDraw = False
83.6055 	EXP 	responsefixationCrossDisplay: autoDraw = False
83.6222 	EXP 	responsefixationCrossDisplay: autoDraw = True
83.6222 	EXP 	responsefixationCrossDisplay: autoDraw = False
83.6391 	EXP 	responsefixationCrossDisplay: autoDraw = False
83.6556 	EXP 	responsefixationCrossDisplay: autoDraw = True
83.6556 	EXP 	responsefixationCrossDisplay: autoDraw = False
83.6723 	EXP 	responsefixationCrossDisplay: autoDraw = False
83.6890 	EXP 	responsefixationCrossDisplay: autoDraw = True
83.6890 	EXP 	responsefixationCrossDisplay: autoDraw = False
83.7055 	EXP 	responsefixationCrossDisplay: autoDraw = False
83.7223 	EXP 	responsefixationCrossDisplay: autoDraw = True
83.7223 	EXP 	responsefixationCrossDisplay: autoDraw = False
83.7389 	EXP 	responsefixationCrossDisplay: autoDraw = False
83.7555 	EXP 	responsefixationCrossDisplay: autoDraw = True
83.7555 	EXP 	responsefixationCrossDisplay: autoDraw = False
83.7747 	EXP 	responsefixationCrossDisplay: autoDraw = False
83.7893 	EXP 	responsefixationCrossDisplay: autoDraw = True
83.7893 	EXP 	responsefixationCrossDisplay: autoDraw = False
83.8056 	EXP 	responsefixationCrossDisplay: autoDraw = False
83.8222 	EXP 	responsefixationCrossDisplay: autoDraw = True
83.8222 	EXP 	responsefixationCrossDisplay: autoDraw = False
83.8404 	EXP 	responsefixationCrossDisplay: autoDraw = False
83.8555 	EXP 	responsefixationCrossDisplay: autoDraw = True
83.8555 	EXP 	responsefixationCrossDisplay: autoDraw = False
83.8724 	EXP 	responsefixationCrossDisplay: autoDraw = False
83.8890 	EXP 	responsefixationCrossDisplay: autoDraw = True
83.8890 	EXP 	responsefixationCrossDisplay: autoDraw = False
83.9056 	EXP 	responsefixationCrossDisplay: autoDraw = False
83.9223 	EXP 	responsefixationCrossDisplay: autoDraw = True
83.9223 	EXP 	responsefixationCrossDisplay: autoDraw = False
83.9390 	EXP 	responsefixationCrossDisplay: autoDraw = False
83.9557 	EXP 	responsefixationCrossDisplay: autoDraw = True
83.9557 	EXP 	responsefixationCrossDisplay: autoDraw = False
83.9723 	EXP 	responsefixationCrossDisplay: autoDraw = False
83.9890 	EXP 	responsefixationCrossDisplay: autoDraw = True
83.9890 	EXP 	responsefixationCrossDisplay: autoDraw = False
84.0055 	EXP 	responsefixationCrossDisplay: autoDraw = False
84.0223 	EXP 	responsefixationCrossDisplay: autoDraw = True
84.0223 	EXP 	responsefixationCrossDisplay: autoDraw = False
84.0389 	EXP 	responsefixationCrossDisplay: autoDraw = False
84.0557 	EXP 	responsefixationCrossDisplay: autoDraw = True
84.0557 	EXP 	responsefixationCrossDisplay: autoDraw = False
84.0722 	EXP 	responsefixationCrossDisplay: autoDraw = False
84.0899 	EXP 	responsefixationCrossDisplay: autoDraw = True
84.0899 	EXP 	responsefixationCrossDisplay: autoDraw = False
84.1056 	EXP 	responsefixationCrossDisplay: autoDraw = False
84.1223 	EXP 	responsefixationCrossDisplay: autoDraw = True
84.1223 	EXP 	responsefixationCrossDisplay: autoDraw = False
84.1390 	EXP 	responsefixationCrossDisplay: autoDraw = False
84.1556 	EXP 	responsefixationCrossDisplay: autoDraw = True
84.1556 	EXP 	responsefixationCrossDisplay: autoDraw = False
84.1723 	EXP 	responsefixationCrossDisplay: autoDraw = False
84.1889 	EXP 	responsefixationCrossDisplay: autoDraw = True
84.1889 	EXP 	responsefixationCrossDisplay: autoDraw = False
84.2056 	EXP 	responsefixationCrossDisplay: autoDraw = False
84.2222 	EXP 	responsefixationCrossDisplay: autoDraw = True
84.2222 	EXP 	responsefixationCrossDisplay: autoDraw = False
84.2389 	EXP 	responsefixationCrossDisplay: autoDraw = False
84.2556 	EXP 	responsefixationCrossDisplay: autoDraw = True
84.2556 	EXP 	responsefixationCrossDisplay: autoDraw = False
84.2721 	EXP 	responsefixationCrossDisplay: autoDraw = False
84.2889 	EXP 	responsefixationCrossDisplay: autoDraw = True
84.2889 	EXP 	responsefixationCrossDisplay: autoDraw = False
84.3055 	EXP 	responsefixationCrossDisplay: autoDraw = False
84.3223 	EXP 	responsefixationCrossDisplay: autoDraw = True
84.3223 	EXP 	responsefixationCrossDisplay: autoDraw = False
84.3389 	EXP 	responsefixationCrossDisplay: autoDraw = False
84.3557 	EXP 	responsefixationCrossDisplay: autoDraw = True
84.3557 	EXP 	responsefixationCrossDisplay: autoDraw = False
84.3722 	EXP 	responsefixationCrossDisplay: autoDraw = False
84.3889 	EXP 	responsefixationCrossDisplay: autoDraw = True
84.3889 	EXP 	responsefixationCrossDisplay: autoDraw = False
84.4063 	EXP 	responsefixationCrossDisplay: autoDraw = False
84.4222 	EXP 	responsefixationCrossDisplay: autoDraw = True
84.4222 	EXP 	responsefixationCrossDisplay: autoDraw = False
84.4388 	EXP 	responsefixationCrossDisplay: autoDraw = False
84.4554 	EXP 	responsefixationCrossDisplay: autoDraw = True
84.4554 	EXP 	responsefixationCrossDisplay: autoDraw = False
84.4720 	EXP 	responsefixationCrossDisplay: autoDraw = False
84.4889 	EXP 	responsefixationCrossDisplay: autoDraw = True
84.4889 	EXP 	responsefixationCrossDisplay: autoDraw = False
84.5056 	EXP 	responsefixationCrossDisplay: autoDraw = False
84.5222 	EXP 	responsefixationCrossDisplay: autoDraw = True
84.5222 	EXP 	responsefixationCrossDisplay: autoDraw = False
84.5389 	EXP 	responsefixationCrossDisplay: autoDraw = False
84.5554 	EXP 	responsefixationCrossDisplay: autoDraw = True
84.5554 	EXP 	responsefixationCrossDisplay: autoDraw = False
84.5721 	EXP 	responsefixationCrossDisplay: autoDraw = False
84.5890 	EXP 	responsefixationCrossDisplay: autoDraw = True
84.5890 	EXP 	responsefixationCrossDisplay: autoDraw = False
84.6055 	EXP 	responsefixationCrossDisplay: autoDraw = False
84.6221 	EXP 	responsefixationCrossDisplay: autoDraw = True
84.6221 	EXP 	responsefixationCrossDisplay: autoDraw = False
84.6391 	EXP 	responsefixationCrossDisplay: autoDraw = False
84.6563 	EXP 	responsefixationCrossDisplay: autoDraw = True
84.6563 	EXP 	responsefixationCrossDisplay: autoDraw = False
84.6722 	EXP 	responsefixationCrossDisplay: autoDraw = False
84.6912 	EXP 	responsefixationCrossDisplay: autoDraw = True
84.6912 	EXP 	responsefixationCrossDisplay: autoDraw = False
84.7054 	EXP 	responsefixationCrossDisplay: autoDraw = False
84.7222 	EXP 	responsefixationCrossDisplay: autoDraw = True
84.7222 	EXP 	responsefixationCrossDisplay: autoDraw = False
84.7387 	EXP 	responsefixationCrossDisplay: autoDraw = False
84.7558 	EXP 	responsefixationCrossDisplay: autoDraw = True
84.7558 	EXP 	responsefixationCrossDisplay: autoDraw = False
84.7722 	EXP 	responsefixationCrossDisplay: autoDraw = False
84.7887 	EXP 	responsefixationCrossDisplay: autoDraw = True
84.7887 	EXP 	responsefixationCrossDisplay: autoDraw = False
84.8052 	EXP 	responsefixationCrossDisplay: autoDraw = False
84.8221 	EXP 	responsefixationCrossDisplay: autoDraw = True
84.8221 	EXP 	responsefixationCrossDisplay: autoDraw = False
84.8387 	EXP 	responsefixationCrossDisplay: autoDraw = False
84.8555 	EXP 	responsefixationCrossDisplay: autoDraw = True
84.8555 	EXP 	responsefixationCrossDisplay: autoDraw = False
84.8729 	EXP 	responsefixationCrossDisplay: autoDraw = False
84.8887 	EXP 	responsefixationCrossDisplay: autoDraw = True
84.8887 	EXP 	responsefixationCrossDisplay: autoDraw = False
84.9055 	EXP 	responsefixationCrossDisplay: autoDraw = False
84.9222 	EXP 	responsefixationCrossDisplay: autoDraw = True
84.9222 	EXP 	responsefixationCrossDisplay: autoDraw = False
84.9387 	EXP 	responsefixationCrossDisplay: autoDraw = False
84.9554 	EXP 	responsefixationCrossDisplay: autoDraw = True
84.9554 	EXP 	responsefixationCrossDisplay: autoDraw = False
84.9748 	EXP 	responsefixationCrossDisplay: autoDraw = False
84.9888 	EXP 	responsefixationCrossDisplay: autoDraw = True
84.9888 	EXP 	responsefixationCrossDisplay: autoDraw = False
85.0069 	EXP 	responsefixationCrossDisplay: autoDraw = False
85.0230 	EXP 	responsefixationCrossDisplay: autoDraw = True
85.0230 	EXP 	responsefixationCrossDisplay: autoDraw = False
85.0390 	EXP 	responsefixationCrossDisplay: autoDraw = False
85.0554 	EXP 	responsefixationCrossDisplay: autoDraw = True
85.0554 	EXP 	responsefixationCrossDisplay: autoDraw = False
85.0720 	EXP 	responsefixationCrossDisplay: autoDraw = False
85.0888 	EXP 	responsefixationCrossDisplay: autoDraw = True
85.0888 	EXP 	responsefixationCrossDisplay: autoDraw = False
85.1053 	EXP 	responsefixationCrossDisplay: autoDraw = False
85.1220 	EXP 	responsefixationCrossDisplay: autoDraw = True
85.1220 	EXP 	responsefixationCrossDisplay: autoDraw = False
85.1388 	EXP 	responsefixationCrossDisplay: autoDraw = False
85.1553 	EXP 	responsefixationCrossDisplay: autoDraw = True
85.1553 	EXP 	responsefixationCrossDisplay: autoDraw = False
85.1723 	EXP 	responsefixationCrossDisplay: autoDraw = False
85.1888 	EXP 	responsefixationCrossDisplay: autoDraw = True
85.1888 	EXP 	responsefixationCrossDisplay: autoDraw = False
85.2054 	EXP 	responsefixationCrossDisplay: autoDraw = False
85.2222 	EXP 	responsefixationCrossDisplay: autoDraw = True
85.2222 	EXP 	responsefixationCrossDisplay: autoDraw = False
85.2388 	EXP 	responsefixationCrossDisplay: autoDraw = False
85.2554 	EXP 	responsefixationCrossDisplay: autoDraw = True
85.2554 	EXP 	responsefixationCrossDisplay: autoDraw = False
85.2721 	EXP 	responsefixationCrossDisplay: autoDraw = False
85.2888 	EXP 	responsefixationCrossDisplay: autoDraw = True
85.2888 	EXP 	responsefixationCrossDisplay: autoDraw = False
85.3054 	EXP 	responsefixationCrossDisplay: autoDraw = False
85.3222 	EXP 	responsefixationCrossDisplay: autoDraw = True
85.3222 	EXP 	responsefixationCrossDisplay: autoDraw = False
85.3409 	EXP 	responsefixationCrossDisplay: autoDraw = False
85.3554 	EXP 	responsefixationCrossDisplay: autoDraw = True
85.3554 	EXP 	responsefixationCrossDisplay: autoDraw = False
85.3721 	EXP 	responsefixationCrossDisplay: autoDraw = False
85.3888 	EXP 	responsefixationCrossDisplay: autoDraw = True
85.3888 	EXP 	responsefixationCrossDisplay: autoDraw = False
85.4054 	EXP 	responsefixationCrossDisplay: autoDraw = False
85.4221 	EXP 	responsefixationCrossDisplay: autoDraw = True
85.4221 	EXP 	responsefixationCrossDisplay: autoDraw = False
85.4386 	EXP 	responsefixationCrossDisplay: autoDraw = False
85.4553 	EXP 	responsefixationCrossDisplay: autoDraw = True
85.4553 	EXP 	responsefixationCrossDisplay: autoDraw = False
85.4720 	EXP 	responsefixationCrossDisplay: autoDraw = False
85.4888 	EXP 	responsefixationCrossDisplay: autoDraw = True
85.4888 	EXP 	responsefixationCrossDisplay: autoDraw = False
85.5054 	EXP 	responsefixationCrossDisplay: autoDraw = False
85.5231 	EXP 	responsefixationCrossDisplay: autoDraw = True
85.5231 	EXP 	responsefixationCrossDisplay: autoDraw = False
85.5388 	EXP 	responsefixationCrossDisplay: autoDraw = False
85.5554 	EXP 	responsefixationCrossDisplay: autoDraw = True
85.5554 	EXP 	responsefixationCrossDisplay: autoDraw = False
85.5721 	EXP 	responsefixationCrossDisplay: autoDraw = False
85.5887 	EXP 	responsefixationCrossDisplay: autoDraw = True
85.5887 	EXP 	responsefixationCrossDisplay: autoDraw = False
85.6056 	EXP 	responsefixationCrossDisplay: autoDraw = False
85.6220 	EXP 	responsefixationCrossDisplay: autoDraw = True
85.6220 	EXP 	responsefixationCrossDisplay: autoDraw = False
85.6386 	EXP 	responsefixationCrossDisplay: autoDraw = False
85.6574 	EXP 	responsefixationCrossDisplay: autoDraw = True
85.6574 	EXP 	responsefixationCrossDisplay: autoDraw = False
85.6734 	EXP 	responsefixationCrossDisplay: autoDraw = False
85.6888 	EXP 	responsefixationCrossDisplay: autoDraw = True
85.6888 	EXP 	responsefixationCrossDisplay: autoDraw = False
85.7052 	EXP 	responsefixationCrossDisplay: autoDraw = False
85.7220 	EXP 	responsefixationCrossDisplay: autoDraw = True
85.7220 	EXP 	responsefixationCrossDisplay: autoDraw = False
85.7386 	EXP 	responsefixationCrossDisplay: autoDraw = False
85.7553 	EXP 	responsefixationCrossDisplay: autoDraw = True
85.7553 	EXP 	responsefixationCrossDisplay: autoDraw = False
85.7720 	EXP 	responsefixationCrossDisplay: autoDraw = False
85.7888 	EXP 	responsefixationCrossDisplay: autoDraw = True
85.7888 	EXP 	responsefixationCrossDisplay: autoDraw = False
85.8056 	EXP 	responsefixationCrossDisplay: autoDraw = False
85.8220 	EXP 	responsefixationCrossDisplay: autoDraw = True
85.8220 	EXP 	responsefixationCrossDisplay: autoDraw = False
85.8259 	DATA 	Mouse: Right button down, pos=(231,215)
85.8386 	EXP 	responsefixationCrossDisplay: autoDraw = False
85.8386 	EXP 	StimuliText: autoDraw = False
85.8386 	EXP 	responsefixationCrossDisplay: autoDraw = True
85.8386 	EXP 	responsefixationCrossDisplay: foreColor = <psychopy.colors.Color: purple, alpha=1.0>
85.9287 	DATA 	Mouse:  Right button up, pos=(231,215)
86.8774 	EXP 	New trial (rep=0, index=1): <Trial 1 (1 in rep 0) data={'Block': 1, 'Stimuli_Type': 'Metaphors', 'Stimuli': 'The opportunity was a career catapult.', 'One_subsubj_two_subObj': 'no_change', 'correct_answer': False, 'thisN': 1, 'thisTrialN': 1, 'thisRepN': 0}>
86.8884 	EXP 	StimuliText: autoDraw = False
86.8884 	EXP 	LeftResponseInstruction: autoDraw = False
86.8884 	EXP 	rightResponseInstruction: autoDraw = False
86.8884 	EXP 	responsefixationCrossDisplay: autoDraw = False
86.8884 	EXP 	responsefixationCrossDisplay: foreColor = <psychopy.colors.Color: black, alpha=1.0>
86.8884 	EXP 	StimuliText: height = np.float64(0.05)
86.8884 	EXP 	StimuliText: height = np.float64(0.05)
86.8884 	EXP 	StimuliText: height = np.float64(0.05)
86.8884 	EXP 	StimuliText: text = 'The opportunity was a career catapult.'
86.8884 	EXP 	StimuliText: autoDraw = True
86.8884 	EXP 	LeftResponseInstruction: autoDraw = True
86.8884 	EXP 	rightResponseInstruction: autoDraw = True
86.8884 	EXP 	responsefixationCrossDisplay: autoDraw = True
86.8884 	EXP 	responsefixationCrossDisplay: autoDraw = False
86.9051 	EXP 	responsefixationCrossDisplay: autoDraw = False
86.9217 	EXP 	responsefixationCrossDisplay: autoDraw = True
86.9217 	EXP 	responsefixationCrossDisplay: autoDraw = False
86.9384 	EXP 	responsefixationCrossDisplay: autoDraw = False
86.9550 	EXP 	responsefixationCrossDisplay: autoDraw = True
86.9550 	EXP 	responsefixationCrossDisplay: autoDraw = False
86.9717 	EXP 	responsefixationCrossDisplay: autoDraw = False
86.9884 	EXP 	responsefixationCrossDisplay: autoDraw = True
86.9884 	EXP 	responsefixationCrossDisplay: autoDraw = False
87.0050 	EXP 	responsefixationCrossDisplay: autoDraw = False
87.0216 	EXP 	responsefixationCrossDisplay: autoDraw = True
87.0216 	EXP 	responsefixationCrossDisplay: autoDraw = False
87.0390 	EXP 	responsefixationCrossDisplay: autoDraw = False
87.0575 	EXP 	responsefixationCrossDisplay: autoDraw = True
87.0575 	EXP 	responsefixationCrossDisplay: autoDraw = False
87.0745 	EXP 	responsefixationCrossDisplay: autoDraw = False
87.0890 	EXP 	responsefixationCrossDisplay: autoDraw = True
87.0890 	EXP 	responsefixationCrossDisplay: autoDraw = False
87.1059 	EXP 	responsefixationCrossDisplay: autoDraw = False
87.1226 	EXP 	responsefixationCrossDisplay: autoDraw = True
87.1226 	EXP 	responsefixationCrossDisplay: autoDraw = False
87.1388 	EXP 	responsefixationCrossDisplay: autoDraw = False
87.1561 	EXP 	responsefixationCrossDisplay: autoDraw = True
87.1561 	EXP 	responsefixationCrossDisplay: autoDraw = False
87.1741 	EXP 	responsefixationCrossDisplay: autoDraw = False
87.1909 	EXP 	responsefixationCrossDisplay: autoDraw = True
87.1909 	EXP 	responsefixationCrossDisplay: autoDraw = False
87.2049 	EXP 	responsefixationCrossDisplay: autoDraw = False
87.2217 	EXP 	responsefixationCrossDisplay: autoDraw = True
87.2217 	EXP 	responsefixationCrossDisplay: autoDraw = False
87.2383 	EXP 	responsefixationCrossDisplay: autoDraw = False
87.2552 	EXP 	responsefixationCrossDisplay: autoDraw = True
87.2552 	EXP 	responsefixationCrossDisplay: autoDraw = False
87.2718 	EXP 	responsefixationCrossDisplay: autoDraw = False
87.2885 	EXP 	responsefixationCrossDisplay: autoDraw = True
87.2885 	EXP 	responsefixationCrossDisplay: autoDraw = False
87.3054 	EXP 	responsefixationCrossDisplay: autoDraw = False
87.3232 	EXP 	responsefixationCrossDisplay: autoDraw = True
87.3232 	EXP 	responsefixationCrossDisplay: autoDraw = False
87.3391 	EXP 	responsefixationCrossDisplay: autoDraw = False
87.3574 	EXP 	responsefixationCrossDisplay: autoDraw = True
87.3574 	EXP 	responsefixationCrossDisplay: autoDraw = False
87.3723 	EXP 	responsefixationCrossDisplay: autoDraw = False
87.3911 	EXP 	responsefixationCrossDisplay: autoDraw = True
87.3911 	EXP 	responsefixationCrossDisplay: autoDraw = False
87.4060 	EXP 	responsefixationCrossDisplay: autoDraw = False
87.4225 	EXP 	responsefixationCrossDisplay: autoDraw = True
87.4225 	EXP 	responsefixationCrossDisplay: autoDraw = False
87.4396 	EXP 	responsefixationCrossDisplay: autoDraw = False
87.4558 	EXP 	responsefixationCrossDisplay: autoDraw = True
87.4558 	EXP 	responsefixationCrossDisplay: autoDraw = False
87.4717 	EXP 	responsefixationCrossDisplay: autoDraw = False
87.4883 	EXP 	responsefixationCrossDisplay: autoDraw = True
87.4883 	EXP 	responsefixationCrossDisplay: autoDraw = False
87.5050 	EXP 	responsefixationCrossDisplay: autoDraw = False
87.5218 	EXP 	responsefixationCrossDisplay: autoDraw = True
87.5218 	EXP 	responsefixationCrossDisplay: autoDraw = False
87.5386 	EXP 	responsefixationCrossDisplay: autoDraw = False
87.5551 	EXP 	responsefixationCrossDisplay: autoDraw = True
87.5551 	EXP 	responsefixationCrossDisplay: autoDraw = False
87.5721 	EXP 	responsefixationCrossDisplay: autoDraw = False
87.5885 	EXP 	responsefixationCrossDisplay: autoDraw = True
87.5885 	EXP 	responsefixationCrossDisplay: autoDraw = False
87.6051 	EXP 	responsefixationCrossDisplay: autoDraw = False
87.6220 	EXP 	responsefixationCrossDisplay: autoDraw = True
87.6220 	EXP 	responsefixationCrossDisplay: autoDraw = False
87.6384 	EXP 	responsefixationCrossDisplay: autoDraw = False
87.6574 	EXP 	responsefixationCrossDisplay: autoDraw = True
87.6574 	EXP 	responsefixationCrossDisplay: autoDraw = False
87.6722 	EXP 	responsefixationCrossDisplay: autoDraw = False
87.6889 	EXP 	responsefixationCrossDisplay: autoDraw = True
87.6889 	EXP 	responsefixationCrossDisplay: autoDraw = False
87.7062 	EXP 	responsefixationCrossDisplay: autoDraw = False
87.7217 	EXP 	responsefixationCrossDisplay: autoDraw = True
87.7217 	EXP 	responsefixationCrossDisplay: autoDraw = False
87.7385 	EXP 	responsefixationCrossDisplay: autoDraw = False
87.7553 	EXP 	responsefixationCrossDisplay: autoDraw = True
87.7553 	EXP 	responsefixationCrossDisplay: autoDraw = False
87.7717 	EXP 	responsefixationCrossDisplay: autoDraw = False
87.7912 	EXP 	responsefixationCrossDisplay: autoDraw = True
87.7912 	EXP 	responsefixationCrossDisplay: autoDraw = False
87.8055 	EXP 	responsefixationCrossDisplay: autoDraw = False
87.8220 	EXP 	responsefixationCrossDisplay: autoDraw = True
87.8220 	EXP 	responsefixationCrossDisplay: autoDraw = False
87.8384 	EXP 	responsefixationCrossDisplay: autoDraw = False
87.8552 	EXP 	responsefixationCrossDisplay: autoDraw = True
87.8552 	EXP 	responsefixationCrossDisplay: autoDraw = False
87.8722 	EXP 	responsefixationCrossDisplay: autoDraw = False
87.8914 	EXP 	responsefixationCrossDisplay: autoDraw = True
87.8914 	EXP 	responsefixationCrossDisplay: autoDraw = False
87.9055 	EXP 	responsefixationCrossDisplay: autoDraw = False
87.9222 	EXP 	responsefixationCrossDisplay: autoDraw = True
87.9222 	EXP 	responsefixationCrossDisplay: autoDraw = False
87.9384 	EXP 	responsefixationCrossDisplay: autoDraw = False
87.9552 	EXP 	responsefixationCrossDisplay: autoDraw = True
87.9552 	EXP 	responsefixationCrossDisplay: autoDraw = False
87.9717 	EXP 	responsefixationCrossDisplay: autoDraw = False
87.9884 	EXP 	responsefixationCrossDisplay: autoDraw = True
87.9884 	EXP 	responsefixationCrossDisplay: autoDraw = False
88.0050 	EXP 	responsefixationCrossDisplay: autoDraw = False
88.0217 	EXP 	responsefixationCrossDisplay: autoDraw = True
88.0217 	EXP 	responsefixationCrossDisplay: autoDraw = False
88.0384 	EXP 	responsefixationCrossDisplay: autoDraw = False
88.0551 	EXP 	responsefixationCrossDisplay: autoDraw = True
88.0551 	EXP 	responsefixationCrossDisplay: autoDraw = False
88.0724 	EXP 	responsefixationCrossDisplay: autoDraw = False
88.0905 	EXP 	responsefixationCrossDisplay: autoDraw = True
88.0905 	EXP 	responsefixationCrossDisplay: autoDraw = False
88.1062 	EXP 	responsefixationCrossDisplay: autoDraw = False
88.1231 	EXP 	responsefixationCrossDisplay: autoDraw = True
88.1231 	EXP 	responsefixationCrossDisplay: autoDraw = False
88.1407 	EXP 	responsefixationCrossDisplay: autoDraw = False
88.1562 	EXP 	responsefixationCrossDisplay: autoDraw = True
88.1562 	EXP 	responsefixationCrossDisplay: autoDraw = False
88.1727 	EXP 	responsefixationCrossDisplay: autoDraw = False
88.1889 	EXP 	responsefixationCrossDisplay: autoDraw = True
88.1889 	EXP 	responsefixationCrossDisplay: autoDraw = False
88.2055 	EXP 	responsefixationCrossDisplay: autoDraw = False
88.2215 	EXP 	responsefixationCrossDisplay: autoDraw = True
88.2215 	EXP 	responsefixationCrossDisplay: autoDraw = False
88.2384 	EXP 	responsefixationCrossDisplay: autoDraw = False
88.2548 	EXP 	responsefixationCrossDisplay: autoDraw = True
88.2548 	EXP 	responsefixationCrossDisplay: autoDraw = False
88.2716 	EXP 	responsefixationCrossDisplay: autoDraw = False
88.2883 	EXP 	responsefixationCrossDisplay: autoDraw = True
88.2883 	EXP 	responsefixationCrossDisplay: autoDraw = False
88.3050 	EXP 	responsefixationCrossDisplay: autoDraw = False
88.3216 	EXP 	responsefixationCrossDisplay: autoDraw = True
88.3216 	EXP 	responsefixationCrossDisplay: autoDraw = False
88.3384 	EXP 	responsefixationCrossDisplay: autoDraw = False
88.3550 	EXP 	responsefixationCrossDisplay: autoDraw = True
88.3550 	EXP 	responsefixationCrossDisplay: autoDraw = False
88.3716 	EXP 	responsefixationCrossDisplay: autoDraw = False
88.3883 	EXP 	responsefixationCrossDisplay: autoDraw = True
88.3883 	EXP 	responsefixationCrossDisplay: autoDraw = False
88.4050 	EXP 	responsefixationCrossDisplay: autoDraw = False
88.4220 	EXP 	responsefixationCrossDisplay: autoDraw = True
88.4220 	EXP 	responsefixationCrossDisplay: autoDraw = False
88.4385 	EXP 	responsefixationCrossDisplay: autoDraw = False
88.4572 	EXP 	responsefixationCrossDisplay: autoDraw = True
88.4572 	EXP 	responsefixationCrossDisplay: autoDraw = False
88.4737 	EXP 	responsefixationCrossDisplay: autoDraw = False
88.4910 	EXP 	responsefixationCrossDisplay: autoDraw = True
88.4910 	EXP 	responsefixationCrossDisplay: autoDraw = False
88.5065 	EXP 	responsefixationCrossDisplay: autoDraw = False
88.5239 	EXP 	responsefixationCrossDisplay: autoDraw = True
88.5239 	EXP 	responsefixationCrossDisplay: autoDraw = False
88.5394 	EXP 	responsefixationCrossDisplay: autoDraw = False
88.5553 	EXP 	responsefixationCrossDisplay: autoDraw = True
88.5553 	EXP 	responsefixationCrossDisplay: autoDraw = False
88.5717 	EXP 	responsefixationCrossDisplay: autoDraw = False
88.5885 	EXP 	responsefixationCrossDisplay: autoDraw = True
88.5885 	EXP 	responsefixationCrossDisplay: autoDraw = False
88.6053 	EXP 	responsefixationCrossDisplay: autoDraw = False
88.6222 	EXP 	responsefixationCrossDisplay: autoDraw = True
88.6222 	EXP 	responsefixationCrossDisplay: autoDraw = False
88.6381 	EXP 	responsefixationCrossDisplay: autoDraw = False
88.6550 	EXP 	responsefixationCrossDisplay: autoDraw = True
88.6550 	EXP 	responsefixationCrossDisplay: autoDraw = False
88.6717 	EXP 	responsefixationCrossDisplay: autoDraw = False
88.6882 	EXP 	responsefixationCrossDisplay: autoDraw = True
88.6882 	EXP 	responsefixationCrossDisplay: autoDraw = False
88.7048 	EXP 	responsefixationCrossDisplay: autoDraw = False
88.7242 	EXP 	responsefixationCrossDisplay: autoDraw = True
88.7242 	EXP 	responsefixationCrossDisplay: autoDraw = False
88.7406 	EXP 	responsefixationCrossDisplay: autoDraw = False
88.7558 	EXP 	responsefixationCrossDisplay: autoDraw = True
88.7558 	EXP 	responsefixationCrossDisplay: autoDraw = False
88.7726 	EXP 	responsefixationCrossDisplay: autoDraw = False
88.7890 	EXP 	responsefixationCrossDisplay: autoDraw = True
88.7890 	EXP 	responsefixationCrossDisplay: autoDraw = False
88.8077 	EXP 	responsefixationCrossDisplay: autoDraw = False
88.8223 	EXP 	responsefixationCrossDisplay: autoDraw = True
88.8223 	EXP 	responsefixationCrossDisplay: autoDraw = False
88.8386 	EXP 	responsefixationCrossDisplay: autoDraw = False
88.8552 	EXP 	responsefixationCrossDisplay: autoDraw = True
88.8552 	EXP 	responsefixationCrossDisplay: autoDraw = False
88.8720 	EXP 	responsefixationCrossDisplay: autoDraw = False
88.8890 	EXP 	responsefixationCrossDisplay: autoDraw = True
88.8890 	EXP 	responsefixationCrossDisplay: autoDraw = False
88.9046 	EXP 	responsefixationCrossDisplay: autoDraw = False
88.9213 	EXP 	responsefixationCrossDisplay: autoDraw = True
88.9213 	EXP 	responsefixationCrossDisplay: autoDraw = False
88.9381 	EXP 	responsefixationCrossDisplay: autoDraw = False
88.9547 	EXP 	responsefixationCrossDisplay: autoDraw = True
88.9547 	EXP 	responsefixationCrossDisplay: autoDraw = False
88.9714 	EXP 	responsefixationCrossDisplay: autoDraw = False
88.9882 	EXP 	responsefixationCrossDisplay: autoDraw = True
88.9882 	EXP 	responsefixationCrossDisplay: autoDraw = False
89.0048 	EXP 	responsefixationCrossDisplay: autoDraw = False
89.0215 	EXP 	responsefixationCrossDisplay: autoDraw = True
89.0215 	EXP 	responsefixationCrossDisplay: autoDraw = False
89.0405 	EXP 	responsefixationCrossDisplay: autoDraw = False
89.0547 	EXP 	responsefixationCrossDisplay: autoDraw = True
89.0547 	EXP 	responsefixationCrossDisplay: autoDraw = False
89.0715 	EXP 	responsefixationCrossDisplay: autoDraw = False
89.0885 	EXP 	responsefixationCrossDisplay: autoDraw = True
89.0885 	EXP 	responsefixationCrossDisplay: autoDraw = False
89.1051 	EXP 	responsefixationCrossDisplay: autoDraw = False
89.1242 	EXP 	responsefixationCrossDisplay: autoDraw = True
89.1242 	EXP 	responsefixationCrossDisplay: autoDraw = False
89.1388 	EXP 	responsefixationCrossDisplay: autoDraw = False
89.1576 	EXP 	responsefixationCrossDisplay: autoDraw = True
89.1576 	EXP 	responsefixationCrossDisplay: autoDraw = False
89.1717 	EXP 	responsefixationCrossDisplay: autoDraw = False
89.1887 	EXP 	responsefixationCrossDisplay: autoDraw = True
89.1887 	EXP 	responsefixationCrossDisplay: autoDraw = False
89.2051 	EXP 	responsefixationCrossDisplay: autoDraw = False
89.2220 	EXP 	responsefixationCrossDisplay: autoDraw = True
89.2220 	EXP 	responsefixationCrossDisplay: autoDraw = False
89.2383 	EXP 	responsefixationCrossDisplay: autoDraw = False
89.2551 	EXP 	responsefixationCrossDisplay: autoDraw = True
89.2551 	EXP 	responsefixationCrossDisplay: autoDraw = False
89.2716 	EXP 	responsefixationCrossDisplay: autoDraw = False
89.2890 	EXP 	responsefixationCrossDisplay: autoDraw = True
89.2890 	EXP 	responsefixationCrossDisplay: autoDraw = False
89.3050 	EXP 	responsefixationCrossDisplay: autoDraw = False
89.3213 	EXP 	responsefixationCrossDisplay: autoDraw = True
89.3213 	EXP 	responsefixationCrossDisplay: autoDraw = False
89.3381 	EXP 	responsefixationCrossDisplay: autoDraw = False
89.3547 	EXP 	responsefixationCrossDisplay: autoDraw = True
89.3547 	EXP 	responsefixationCrossDisplay: autoDraw = False
89.3713 	EXP 	responsefixationCrossDisplay: autoDraw = False
89.3881 	EXP 	responsefixationCrossDisplay: autoDraw = True
89.3881 	EXP 	responsefixationCrossDisplay: autoDraw = False
89.4047 	EXP 	responsefixationCrossDisplay: autoDraw = False
89.4214 	EXP 	responsefixationCrossDisplay: autoDraw = True
89.4214 	EXP 	responsefixationCrossDisplay: autoDraw = False
89.4380 	EXP 	responsefixationCrossDisplay: autoDraw = False
89.4546 	EXP 	responsefixationCrossDisplay: autoDraw = True
89.4546 	EXP 	responsefixationCrossDisplay: autoDraw = False
89.4714 	EXP 	responsefixationCrossDisplay: autoDraw = False
89.4880 	EXP 	responsefixationCrossDisplay: autoDraw = True
89.4880 	EXP 	responsefixationCrossDisplay: autoDraw = False
89.5048 	EXP 	responsefixationCrossDisplay: autoDraw = False
89.5219 	EXP 	responsefixationCrossDisplay: autoDraw = True
89.5219 	EXP 	responsefixationCrossDisplay: autoDraw = False
89.5380 	EXP 	responsefixationCrossDisplay: autoDraw = False
89.5573 	EXP 	responsefixationCrossDisplay: autoDraw = True
89.5573 	EXP 	responsefixationCrossDisplay: autoDraw = False
89.5718 	EXP 	responsefixationCrossDisplay: autoDraw = False
89.5883 	EXP 	responsefixationCrossDisplay: autoDraw = True
89.5883 	EXP 	responsefixationCrossDisplay: autoDraw = False
89.6049 	EXP 	responsefixationCrossDisplay: autoDraw = False
89.6214 	EXP 	responsefixationCrossDisplay: autoDraw = True
89.6214 	EXP 	responsefixationCrossDisplay: autoDraw = False
89.6382 	EXP 	responsefixationCrossDisplay: autoDraw = False
89.6555 	EXP 	responsefixationCrossDisplay: autoDraw = True
89.6555 	EXP 	responsefixationCrossDisplay: autoDraw = False
89.6723 	EXP 	responsefixationCrossDisplay: autoDraw = False
89.6881 	EXP 	responsefixationCrossDisplay: autoDraw = True
89.6881 	EXP 	responsefixationCrossDisplay: autoDraw = False
89.7051 	EXP 	responsefixationCrossDisplay: autoDraw = False
89.7216 	EXP 	responsefixationCrossDisplay: autoDraw = True
89.7216 	EXP 	responsefixationCrossDisplay: autoDraw = False
89.7387 	EXP 	responsefixationCrossDisplay: autoDraw = False
89.7551 	EXP 	responsefixationCrossDisplay: autoDraw = True
89.7551 	EXP 	responsefixationCrossDisplay: autoDraw = False
89.7715 	EXP 	responsefixationCrossDisplay: autoDraw = False
89.7884 	EXP 	responsefixationCrossDisplay: autoDraw = True
89.7884 	EXP 	responsefixationCrossDisplay: autoDraw = False
89.8070 	EXP 	responsefixationCrossDisplay: autoDraw = False
89.8214 	EXP 	responsefixationCrossDisplay: autoDraw = True
89.8214 	EXP 	responsefixationCrossDisplay: autoDraw = False
89.8379 	EXP 	responsefixationCrossDisplay: autoDraw = False
89.8545 	EXP 	responsefixationCrossDisplay: autoDraw = True
89.8545 	EXP 	responsefixationCrossDisplay: autoDraw = False
89.8715 	EXP 	responsefixationCrossDisplay: autoDraw = False
89.8879 	EXP 	responsefixationCrossDisplay: autoDraw = True
89.8879 	EXP 	responsefixationCrossDisplay: autoDraw = False
89.9047 	EXP 	responsefixationCrossDisplay: autoDraw = False
89.9218 	EXP 	responsefixationCrossDisplay: autoDraw = True
89.9218 	EXP 	responsefixationCrossDisplay: autoDraw = False
89.9379 	EXP 	responsefixationCrossDisplay: autoDraw = False
89.9547 	EXP 	responsefixationCrossDisplay: autoDraw = True
89.9547 	EXP 	responsefixationCrossDisplay: autoDraw = False
89.9713 	EXP 	responsefixationCrossDisplay: autoDraw = False
89.9883 	EXP 	responsefixationCrossDisplay: autoDraw = True
89.9883 	EXP 	responsefixationCrossDisplay: autoDraw = False
90.0049 	EXP 	responsefixationCrossDisplay: autoDraw = False
90.0215 	EXP 	responsefixationCrossDisplay: autoDraw = True
90.0215 	EXP 	responsefixationCrossDisplay: autoDraw = False
90.0383 	EXP 	responsefixationCrossDisplay: autoDraw = False
90.0574 	EXP 	responsefixationCrossDisplay: autoDraw = True
90.0574 	EXP 	responsefixationCrossDisplay: autoDraw = False
90.0715 	EXP 	responsefixationCrossDisplay: autoDraw = False
90.0902 	EXP 	responsefixationCrossDisplay: autoDraw = True
90.0902 	EXP 	responsefixationCrossDisplay: autoDraw = False
90.1064 	EXP 	responsefixationCrossDisplay: autoDraw = False
90.1215 	EXP 	responsefixationCrossDisplay: autoDraw = True
90.1215 	EXP 	responsefixationCrossDisplay: autoDraw = False
90.1382 	EXP 	responsefixationCrossDisplay: autoDraw = False
90.1575 	EXP 	responsefixationCrossDisplay: autoDraw = True
90.1575 	EXP 	responsefixationCrossDisplay: autoDraw = False
90.1715 	EXP 	responsefixationCrossDisplay: autoDraw = False
90.1885 	EXP 	responsefixationCrossDisplay: autoDraw = True
90.1885 	EXP 	responsefixationCrossDisplay: autoDraw = False
90.2053 	EXP 	responsefixationCrossDisplay: autoDraw = False
90.2242 	EXP 	responsefixationCrossDisplay: autoDraw = True
90.2242 	EXP 	responsefixationCrossDisplay: autoDraw = False
90.2381 	EXP 	responsefixationCrossDisplay: autoDraw = False
90.2558 	EXP 	responsefixationCrossDisplay: autoDraw = True
90.2558 	EXP 	responsefixationCrossDisplay: autoDraw = False
90.2741 	EXP 	responsefixationCrossDisplay: autoDraw = False
90.2901 	EXP 	responsefixationCrossDisplay: autoDraw = True
90.2901 	EXP 	responsefixationCrossDisplay: autoDraw = False
90.3048 	EXP 	responsefixationCrossDisplay: autoDraw = False
90.3214 	EXP 	responsefixationCrossDisplay: autoDraw = True
90.3214 	EXP 	responsefixationCrossDisplay: autoDraw = False
90.3380 	EXP 	responsefixationCrossDisplay: autoDraw = False
90.3546 	EXP 	responsefixationCrossDisplay: autoDraw = True
90.3546 	EXP 	responsefixationCrossDisplay: autoDraw = False
90.3713 	EXP 	responsefixationCrossDisplay: autoDraw = False
90.3879 	EXP 	responsefixationCrossDisplay: autoDraw = True
90.3879 	EXP 	responsefixationCrossDisplay: autoDraw = False
90.4047 	EXP 	responsefixationCrossDisplay: autoDraw = False
90.4213 	EXP 	responsefixationCrossDisplay: autoDraw = True
90.4213 	EXP 	responsefixationCrossDisplay: autoDraw = False
90.4382 	EXP 	responsefixationCrossDisplay: autoDraw = False
90.4546 	EXP 	responsefixationCrossDisplay: autoDraw = True
90.4546 	EXP 	responsefixationCrossDisplay: autoDraw = False
90.4712 	EXP 	responsefixationCrossDisplay: autoDraw = False
90.4881 	EXP 	responsefixationCrossDisplay: autoDraw = True
90.4881 	EXP 	responsefixationCrossDisplay: autoDraw = False
90.5048 	EXP 	responsefixationCrossDisplay: autoDraw = False
90.5213 	EXP 	responsefixationCrossDisplay: autoDraw = True
90.5213 	EXP 	responsefixationCrossDisplay: autoDraw = False
90.5378 	EXP 	responsefixationCrossDisplay: autoDraw = False
90.5546 	EXP 	responsefixationCrossDisplay: autoDraw = True
90.5546 	EXP 	responsefixationCrossDisplay: autoDraw = False
90.5714 	EXP 	responsefixationCrossDisplay: autoDraw = False
90.5889 	EXP 	responsefixationCrossDisplay: autoDraw = True
90.5889 	EXP 	responsefixationCrossDisplay: autoDraw = False
90.6048 	EXP 	responsefixationCrossDisplay: autoDraw = False
90.6221 	EXP 	responsefixationCrossDisplay: autoDraw = True
90.6221 	EXP 	responsefixationCrossDisplay: autoDraw = False
90.6405 	EXP 	responsefixationCrossDisplay: autoDraw = False
90.6552 	EXP 	responsefixationCrossDisplay: autoDraw = True
90.6552 	EXP 	responsefixationCrossDisplay: autoDraw = False
90.6713 	EXP 	responsefixationCrossDisplay: autoDraw = False
90.6881 	EXP 	responsefixationCrossDisplay: autoDraw = True
90.6881 	EXP 	responsefixationCrossDisplay: autoDraw = False
90.7047 	EXP 	responsefixationCrossDisplay: autoDraw = False
90.7240 	EXP 	responsefixationCrossDisplay: autoDraw = True
90.7240 	EXP 	responsefixationCrossDisplay: autoDraw = False
90.7381 	EXP 	responsefixationCrossDisplay: autoDraw = False
90.7551 	EXP 	responsefixationCrossDisplay: autoDraw = True
90.7551 	EXP 	responsefixationCrossDisplay: autoDraw = False
90.7716 	EXP 	responsefixationCrossDisplay: autoDraw = False
90.7881 	EXP 	responsefixationCrossDisplay: autoDraw = True
90.7881 	EXP 	responsefixationCrossDisplay: autoDraw = False
90.8048 	EXP 	responsefixationCrossDisplay: autoDraw = False
90.8217 	EXP 	responsefixationCrossDisplay: autoDraw = True
90.8217 	EXP 	responsefixationCrossDisplay: autoDraw = False
90.8385 	EXP 	responsefixationCrossDisplay: autoDraw = False
90.8549 	EXP 	responsefixationCrossDisplay: autoDraw = True
90.8549 	EXP 	responsefixationCrossDisplay: autoDraw = False
90.8735 	EXP 	responsefixationCrossDisplay: autoDraw = False
90.8882 	EXP 	responsefixationCrossDisplay: autoDraw = True
90.8882 	EXP 	responsefixationCrossDisplay: autoDraw = False
90.9045 	EXP 	responsefixationCrossDisplay: autoDraw = False
90.9213 	EXP 	responsefixationCrossDisplay: autoDraw = True
90.9213 	EXP 	responsefixationCrossDisplay: autoDraw = False
90.9378 	EXP 	responsefixationCrossDisplay: autoDraw = False
90.9545 	EXP 	responsefixationCrossDisplay: autoDraw = True
90.9545 	EXP 	responsefixationCrossDisplay: autoDraw = False
90.9714 	EXP 	responsefixationCrossDisplay: autoDraw = False
90.9878 	EXP 	responsefixationCrossDisplay: autoDraw = True
90.9878 	EXP 	responsefixationCrossDisplay: autoDraw = False
91.0047 	EXP 	responsefixationCrossDisplay: autoDraw = False
91.0212 	EXP 	responsefixationCrossDisplay: autoDraw = True
91.0212 	EXP 	responsefixationCrossDisplay: autoDraw = False
91.0381 	EXP 	responsefixationCrossDisplay: autoDraw = False
91.0544 	EXP 	responsefixationCrossDisplay: autoDraw = True
91.0544 	EXP 	responsefixationCrossDisplay: autoDraw = False
91.0712 	EXP 	responsefixationCrossDisplay: autoDraw = False
91.0879 	EXP 	responsefixationCrossDisplay: autoDraw = True
91.0879 	EXP 	responsefixationCrossDisplay: autoDraw = False
91.1045 	EXP 	responsefixationCrossDisplay: autoDraw = False
91.1212 	EXP 	responsefixationCrossDisplay: autoDraw = True
91.1212 	EXP 	responsefixationCrossDisplay: autoDraw = False
91.1380 	EXP 	responsefixationCrossDisplay: autoDraw = False
91.1545 	EXP 	responsefixationCrossDisplay: autoDraw = True
91.1545 	EXP 	responsefixationCrossDisplay: autoDraw = False
91.1581 	DATA 	Mouse: Left button down, pos=(231,215)
91.1711 	EXP 	responsefixationCrossDisplay: autoDraw = False
91.1711 	EXP 	StimuliText: autoDraw = False
91.1711 	EXP 	responsefixationCrossDisplay: autoDraw = True
91.1711 	EXP 	responsefixationCrossDisplay: foreColor = <psychopy.colors.Color: purple, alpha=1.0>
91.3622 	DATA 	Mouse:  Left button up, pos=(231,215)
91.3775 	EXP 	New trial (rep=0, index=2): <Trial 2 (2 in rep 0) data={'Block': 1, 'Stimuli_Type': 'Metaphors', 'Stimuli': 'The mural was a colorful explosion.', 'One_subsubj_two_subObj': 'no_change', 'correct_answer': False, 'thisN': 2, 'thisTrialN': 2, 'thisRepN': 0}>
91.4062 	EXP 	StimuliText: autoDraw = False
91.4062 	EXP 	LeftResponseInstruction: autoDraw = False
91.4062 	EXP 	rightResponseInstruction: autoDraw = False
91.4062 	EXP 	responsefixationCrossDisplay: autoDraw = False
91.4062 	EXP 	responsefixationCrossDisplay: foreColor = <psychopy.colors.Color: black, alpha=1.0>
91.4062 	EXP 	StimuliText: height = np.float64(0.05)
91.4062 	EXP 	StimuliText: height = np.float64(0.05)
91.4062 	EXP 	StimuliText: height = np.float64(0.05)
91.4062 	EXP 	StimuliText: text = 'The mural was a colorful explosion.'
91.4062 	EXP 	StimuliText: autoDraw = True
91.4062 	EXP 	LeftResponseInstruction: autoDraw = True
91.4062 	EXP 	rightResponseInstruction: autoDraw = True
91.4062 	EXP 	responsefixationCrossDisplay: autoDraw = True
91.4062 	EXP 	responsefixationCrossDisplay: autoDraw = False
91.4210 	EXP 	responsefixationCrossDisplay: autoDraw = False
91.4381 	EXP 	responsefixationCrossDisplay: autoDraw = True
91.4381 	EXP 	responsefixationCrossDisplay: autoDraw = False
91.4551 	EXP 	responsefixationCrossDisplay: autoDraw = False
91.4716 	EXP 	responsefixationCrossDisplay: autoDraw = True
91.4716 	EXP 	responsefixationCrossDisplay: autoDraw = False
91.4876 	EXP 	responsefixationCrossDisplay: autoDraw = False
91.5046 	EXP 	responsefixationCrossDisplay: autoDraw = True
91.5046 	EXP 	responsefixationCrossDisplay: autoDraw = False
91.5210 	EXP 	responsefixationCrossDisplay: autoDraw = False
91.5377 	EXP 	responsefixationCrossDisplay: autoDraw = True
91.5377 	EXP 	responsefixationCrossDisplay: autoDraw = False
91.5547 	EXP 	responsefixationCrossDisplay: autoDraw = False
91.5711 	EXP 	responsefixationCrossDisplay: autoDraw = True
91.5711 	EXP 	responsefixationCrossDisplay: autoDraw = False
91.5877 	EXP 	responsefixationCrossDisplay: autoDraw = False
91.6045 	EXP 	responsefixationCrossDisplay: autoDraw = True
91.6045 	EXP 	responsefixationCrossDisplay: autoDraw = False
91.6210 	EXP 	responsefixationCrossDisplay: autoDraw = False
91.6377 	EXP 	responsefixationCrossDisplay: autoDraw = True
91.6377 	EXP 	responsefixationCrossDisplay: autoDraw = False
91.6544 	EXP 	responsefixationCrossDisplay: autoDraw = False
91.6710 	EXP 	responsefixationCrossDisplay: autoDraw = True
91.6710 	EXP 	responsefixationCrossDisplay: autoDraw = False
91.6876 	EXP 	responsefixationCrossDisplay: autoDraw = False
91.7043 	EXP 	responsefixationCrossDisplay: autoDraw = True
91.7043 	EXP 	responsefixationCrossDisplay: autoDraw = False
91.7210 	EXP 	responsefixationCrossDisplay: autoDraw = False
91.7377 	EXP 	responsefixationCrossDisplay: autoDraw = True
91.7377 	EXP 	responsefixationCrossDisplay: autoDraw = False
91.7543 	EXP 	responsefixationCrossDisplay: autoDraw = False
91.7710 	EXP 	responsefixationCrossDisplay: autoDraw = True
91.7710 	EXP 	responsefixationCrossDisplay: autoDraw = False
91.7876 	EXP 	responsefixationCrossDisplay: autoDraw = False
91.8043 	EXP 	responsefixationCrossDisplay: autoDraw = True
91.8043 	EXP 	responsefixationCrossDisplay: autoDraw = False
91.8210 	EXP 	responsefixationCrossDisplay: autoDraw = False
91.8376 	EXP 	responsefixationCrossDisplay: autoDraw = True
91.8376 	EXP 	responsefixationCrossDisplay: autoDraw = False
91.8543 	EXP 	responsefixationCrossDisplay: autoDraw = False
91.8713 	EXP 	responsefixationCrossDisplay: autoDraw = True
91.8713 	EXP 	responsefixationCrossDisplay: autoDraw = False
91.8875 	EXP 	responsefixationCrossDisplay: autoDraw = False
91.9042 	EXP 	responsefixationCrossDisplay: autoDraw = True
91.9042 	EXP 	responsefixationCrossDisplay: autoDraw = False
91.9213 	EXP 	responsefixationCrossDisplay: autoDraw = False
91.9376 	EXP 	responsefixationCrossDisplay: autoDraw = True
91.9376 	EXP 	responsefixationCrossDisplay: autoDraw = False
91.9542 	EXP 	responsefixationCrossDisplay: autoDraw = False
91.9708 	EXP 	responsefixationCrossDisplay: autoDraw = True
91.9708 	EXP 	responsefixationCrossDisplay: autoDraw = False
91.9883 	EXP 	responsefixationCrossDisplay: autoDraw = False
92.0054 	EXP 	responsefixationCrossDisplay: autoDraw = True
92.0054 	EXP 	responsefixationCrossDisplay: autoDraw = False
92.0215 	EXP 	responsefixationCrossDisplay: autoDraw = False
92.0378 	EXP 	responsefixationCrossDisplay: autoDraw = True
92.0378 	EXP 	responsefixationCrossDisplay: autoDraw = False
92.0544 	EXP 	responsefixationCrossDisplay: autoDraw = False
92.0709 	EXP 	responsefixationCrossDisplay: autoDraw = True
92.0709 	EXP 	responsefixationCrossDisplay: autoDraw = False
92.0875 	EXP 	responsefixationCrossDisplay: autoDraw = False
92.1043 	EXP 	responsefixationCrossDisplay: autoDraw = True
92.1043 	EXP 	responsefixationCrossDisplay: autoDraw = False
92.1209 	EXP 	responsefixationCrossDisplay: autoDraw = False
92.1377 	EXP 	responsefixationCrossDisplay: autoDraw = True
92.1377 	EXP 	responsefixationCrossDisplay: autoDraw = False
92.1543 	EXP 	responsefixationCrossDisplay: autoDraw = False
92.1713 	EXP 	responsefixationCrossDisplay: autoDraw = True
92.1713 	EXP 	responsefixationCrossDisplay: autoDraw = False
92.1879 	EXP 	responsefixationCrossDisplay: autoDraw = False
92.2043 	EXP 	responsefixationCrossDisplay: autoDraw = True
92.2043 	EXP 	responsefixationCrossDisplay: autoDraw = False
92.2209 	EXP 	responsefixationCrossDisplay: autoDraw = False
92.2376 	EXP 	responsefixationCrossDisplay: autoDraw = True
92.2376 	EXP 	responsefixationCrossDisplay: autoDraw = False
92.2542 	EXP 	responsefixationCrossDisplay: autoDraw = False
92.2709 	EXP 	responsefixationCrossDisplay: autoDraw = True
92.2709 	EXP 	responsefixationCrossDisplay: autoDraw = False
92.2876 	EXP 	responsefixationCrossDisplay: autoDraw = False
92.3042 	EXP 	responsefixationCrossDisplay: autoDraw = True
92.3042 	EXP 	responsefixationCrossDisplay: autoDraw = False
92.3209 	EXP 	responsefixationCrossDisplay: autoDraw = False
92.3374 	EXP 	responsefixationCrossDisplay: autoDraw = True
92.3374 	EXP 	responsefixationCrossDisplay: autoDraw = False
92.3542 	EXP 	responsefixationCrossDisplay: autoDraw = False
92.3709 	EXP 	responsefixationCrossDisplay: autoDraw = True
92.3709 	EXP 	responsefixationCrossDisplay: autoDraw = False
92.3875 	EXP 	responsefixationCrossDisplay: autoDraw = False
92.4041 	EXP 	responsefixationCrossDisplay: autoDraw = True
92.4041 	EXP 	responsefixationCrossDisplay: autoDraw = False
92.4208 	EXP 	responsefixationCrossDisplay: autoDraw = False
92.4374 	EXP 	responsefixationCrossDisplay: autoDraw = True
92.4374 	EXP 	responsefixationCrossDisplay: autoDraw = False
92.4541 	EXP 	responsefixationCrossDisplay: autoDraw = False
92.4709 	EXP 	responsefixationCrossDisplay: autoDraw = True
92.4709 	EXP 	responsefixationCrossDisplay: autoDraw = False
92.4875 	EXP 	responsefixationCrossDisplay: autoDraw = False
92.5042 	EXP 	responsefixationCrossDisplay: autoDraw = True
92.5042 	EXP 	responsefixationCrossDisplay: autoDraw = False
92.5208 	EXP 	responsefixationCrossDisplay: autoDraw = False
92.5375 	EXP 	responsefixationCrossDisplay: autoDraw = True
92.5375 	EXP 	responsefixationCrossDisplay: autoDraw = False
92.5545 	EXP 	responsefixationCrossDisplay: autoDraw = False
92.5707 	EXP 	responsefixationCrossDisplay: autoDraw = True
92.5707 	EXP 	responsefixationCrossDisplay: autoDraw = False
92.5874 	EXP 	responsefixationCrossDisplay: autoDraw = False
92.6041 	EXP 	responsefixationCrossDisplay: autoDraw = True
92.6041 	EXP 	responsefixationCrossDisplay: autoDraw = False
92.6207 	EXP 	responsefixationCrossDisplay: autoDraw = False
92.6374 	EXP 	responsefixationCrossDisplay: autoDraw = True
92.6374 	EXP 	responsefixationCrossDisplay: autoDraw = False
92.6542 	EXP 	responsefixationCrossDisplay: autoDraw = False
92.6708 	EXP 	responsefixationCrossDisplay: autoDraw = True
92.6708 	EXP 	responsefixationCrossDisplay: autoDraw = False
92.6874 	EXP 	responsefixationCrossDisplay: autoDraw = False
92.7042 	EXP 	responsefixationCrossDisplay: autoDraw = True
92.7042 	EXP 	responsefixationCrossDisplay: autoDraw = False
92.7207 	EXP 	responsefixationCrossDisplay: autoDraw = False
92.7375 	EXP 	responsefixationCrossDisplay: autoDraw = True
92.7375 	EXP 	responsefixationCrossDisplay: autoDraw = False
92.7541 	EXP 	responsefixationCrossDisplay: autoDraw = False
92.7708 	EXP 	responsefixationCrossDisplay: autoDraw = True
92.7708 	EXP 	responsefixationCrossDisplay: autoDraw = False
92.7874 	EXP 	responsefixationCrossDisplay: autoDraw = False
92.8041 	EXP 	responsefixationCrossDisplay: autoDraw = True
92.8041 	EXP 	responsefixationCrossDisplay: autoDraw = False
92.8207 	EXP 	responsefixationCrossDisplay: autoDraw = False
92.8374 	EXP 	responsefixationCrossDisplay: autoDraw = True
92.8374 	EXP 	responsefixationCrossDisplay: autoDraw = False
92.8541 	EXP 	responsefixationCrossDisplay: autoDraw = False
92.8707 	EXP 	responsefixationCrossDisplay: autoDraw = True
92.8707 	EXP 	responsefixationCrossDisplay: autoDraw = False
92.8874 	EXP 	responsefixationCrossDisplay: autoDraw = False
92.9041 	EXP 	responsefixationCrossDisplay: autoDraw = True
92.9041 	EXP 	responsefixationCrossDisplay: autoDraw = False
92.9207 	EXP 	responsefixationCrossDisplay: autoDraw = False
92.9373 	EXP 	responsefixationCrossDisplay: autoDraw = True
92.9373 	EXP 	responsefixationCrossDisplay: autoDraw = False
92.9540 	EXP 	responsefixationCrossDisplay: autoDraw = False
92.9706 	EXP 	responsefixationCrossDisplay: autoDraw = True
92.9706 	EXP 	responsefixationCrossDisplay: autoDraw = False
92.9874 	EXP 	responsefixationCrossDisplay: autoDraw = False
93.0040 	EXP 	responsefixationCrossDisplay: autoDraw = True
93.0040 	EXP 	responsefixationCrossDisplay: autoDraw = False
93.0206 	EXP 	responsefixationCrossDisplay: autoDraw = False
93.0374 	EXP 	responsefixationCrossDisplay: autoDraw = True
93.0374 	EXP 	responsefixationCrossDisplay: autoDraw = False
93.0541 	EXP 	responsefixationCrossDisplay: autoDraw = False
93.0706 	EXP 	responsefixationCrossDisplay: autoDraw = True
93.0706 	EXP 	responsefixationCrossDisplay: autoDraw = False
93.0873 	EXP 	responsefixationCrossDisplay: autoDraw = False
93.1040 	EXP 	responsefixationCrossDisplay: autoDraw = True
93.1040 	EXP 	responsefixationCrossDisplay: autoDraw = False
93.1206 	EXP 	responsefixationCrossDisplay: autoDraw = False
93.1373 	EXP 	responsefixationCrossDisplay: autoDraw = True
93.1373 	EXP 	responsefixationCrossDisplay: autoDraw = False
93.1541 	EXP 	responsefixationCrossDisplay: autoDraw = False
93.1708 	EXP 	responsefixationCrossDisplay: autoDraw = True
93.1708 	EXP 	responsefixationCrossDisplay: autoDraw = False
93.1873 	EXP 	responsefixationCrossDisplay: autoDraw = False
93.2039 	EXP 	responsefixationCrossDisplay: autoDraw = True
93.2039 	EXP 	responsefixationCrossDisplay: autoDraw = False
93.2206 	EXP 	responsefixationCrossDisplay: autoDraw = False
93.2373 	EXP 	responsefixationCrossDisplay: autoDraw = True
93.2373 	EXP 	responsefixationCrossDisplay: autoDraw = False
93.2539 	EXP 	responsefixationCrossDisplay: autoDraw = False
93.2706 	EXP 	responsefixationCrossDisplay: autoDraw = True
93.2706 	EXP 	responsefixationCrossDisplay: autoDraw = False
93.2872 	EXP 	responsefixationCrossDisplay: autoDraw = False
93.3039 	EXP 	responsefixationCrossDisplay: autoDraw = True
93.3039 	EXP 	responsefixationCrossDisplay: autoDraw = False
93.3206 	EXP 	responsefixationCrossDisplay: autoDraw = False
93.3373 	EXP 	responsefixationCrossDisplay: autoDraw = True
93.3373 	EXP 	responsefixationCrossDisplay: autoDraw = False
93.3539 	EXP 	responsefixationCrossDisplay: autoDraw = False
93.3706 	EXP 	responsefixationCrossDisplay: autoDraw = True
93.3706 	EXP 	responsefixationCrossDisplay: autoDraw = False
93.3873 	EXP 	responsefixationCrossDisplay: autoDraw = False
93.4039 	EXP 	responsefixationCrossDisplay: autoDraw = True
93.4039 	EXP 	responsefixationCrossDisplay: autoDraw = False
93.4206 	EXP 	responsefixationCrossDisplay: autoDraw = False
93.4372 	EXP 	responsefixationCrossDisplay: autoDraw = True
93.4372 	EXP 	responsefixationCrossDisplay: autoDraw = False
93.4539 	EXP 	responsefixationCrossDisplay: autoDraw = False
93.4706 	EXP 	responsefixationCrossDisplay: autoDraw = True
93.4706 	EXP 	responsefixationCrossDisplay: autoDraw = False
93.4872 	EXP 	responsefixationCrossDisplay: autoDraw = False
93.5045 	EXP 	responsefixationCrossDisplay: autoDraw = True
93.5045 	EXP 	responsefixationCrossDisplay: autoDraw = False
93.5207 	EXP 	responsefixationCrossDisplay: autoDraw = False
93.5374 	EXP 	responsefixationCrossDisplay: autoDraw = True
93.5374 	EXP 	responsefixationCrossDisplay: autoDraw = False
93.5540 	EXP 	responsefixationCrossDisplay: autoDraw = False
93.5707 	EXP 	responsefixationCrossDisplay: autoDraw = True
93.5707 	EXP 	responsefixationCrossDisplay: autoDraw = False
93.5872 	EXP 	responsefixationCrossDisplay: autoDraw = False
93.6041 	EXP 	responsefixationCrossDisplay: autoDraw = True
93.6041 	EXP 	responsefixationCrossDisplay: autoDraw = False
93.6206 	EXP 	responsefixationCrossDisplay: autoDraw = False
93.6373 	EXP 	responsefixationCrossDisplay: autoDraw = True
93.6373 	EXP 	responsefixationCrossDisplay: autoDraw = False
93.6539 	EXP 	responsefixationCrossDisplay: autoDraw = False
93.6706 	EXP 	responsefixationCrossDisplay: autoDraw = True
93.6706 	EXP 	responsefixationCrossDisplay: autoDraw = False
93.6873 	EXP 	responsefixationCrossDisplay: autoDraw = False
93.7041 	EXP 	responsefixationCrossDisplay: autoDraw = True
93.7041 	EXP 	responsefixationCrossDisplay: autoDraw = False
93.7206 	EXP 	responsefixationCrossDisplay: autoDraw = False
93.7373 	EXP 	responsefixationCrossDisplay: autoDraw = True
93.7373 	EXP 	responsefixationCrossDisplay: autoDraw = False
93.7540 	EXP 	responsefixationCrossDisplay: autoDraw = False
93.7706 	EXP 	responsefixationCrossDisplay: autoDraw = True
93.7706 	EXP 	responsefixationCrossDisplay: autoDraw = False
93.7873 	EXP 	responsefixationCrossDisplay: autoDraw = False
93.8042 	EXP 	responsefixationCrossDisplay: autoDraw = True
93.8042 	EXP 	responsefixationCrossDisplay: autoDraw = False
93.8206 	EXP 	responsefixationCrossDisplay: autoDraw = False
93.8372 	EXP 	responsefixationCrossDisplay: autoDraw = True
93.8372 	EXP 	responsefixationCrossDisplay: autoDraw = False
93.8402 	DATA 	Mouse: Left button down, pos=(231,215)
93.8538 	EXP 	responsefixationCrossDisplay: autoDraw = False
93.8538 	EXP 	StimuliText: autoDraw = False
93.8538 	EXP 	responsefixationCrossDisplay: autoDraw = True
93.8538 	EXP 	responsefixationCrossDisplay: foreColor = <psychopy.colors.Color: purple, alpha=1.0>
94.0085 	DATA 	Mouse:  Left button up, pos=(231,215)
95.8898 	EXP 	New trial (rep=0, index=3): <Trial 3 (3 in rep 0) data={'Block': 1, 'Stimuli_Type': 'LiterallyTrue', 'Stimuli': 'His aside was a rude chuckle.', 'One_subsubj_two_subObj': 'no_change', 'correct_answer': True, 'thisN': 3, 'thisTrialN': 3, 'thisRepN': 0}>
95.9036 	EXP 	StimuliText: autoDraw = False
95.9036 	EXP 	LeftResponseInstruction: autoDraw = False
95.9036 	EXP 	rightResponseInstruction: autoDraw = False
95.9036 	EXP 	responsefixationCrossDisplay: autoDraw = False
95.9036 	EXP 	responsefixationCrossDisplay: foreColor = <psychopy.colors.Color: black, alpha=1.0>
95.9036 	EXP 	StimuliText: height = np.float64(0.05)
95.9036 	EXP 	StimuliText: height = np.float64(0.05)
95.9036 	EXP 	StimuliText: height = np.float64(0.05)
95.9036 	EXP 	StimuliText: text = 'His aside was a rude chuckle.'
95.9036 	EXP 	StimuliText: autoDraw = True
95.9036 	EXP 	LeftResponseInstruction: autoDraw = True
95.9036 	EXP 	rightResponseInstruction: autoDraw = True
95.9036 	EXP 	responsefixationCrossDisplay: autoDraw = True
95.9036 	EXP 	responsefixationCrossDisplay: autoDraw = False
95.9203 	EXP 	responsefixationCrossDisplay: autoDraw = False
95.9369 	EXP 	responsefixationCrossDisplay: autoDraw = True
95.9369 	EXP 	responsefixationCrossDisplay: autoDraw = False
95.9535 	EXP 	responsefixationCrossDisplay: autoDraw = False
95.9703 	EXP 	responsefixationCrossDisplay: autoDraw = True
95.9703 	EXP 	responsefixationCrossDisplay: autoDraw = False
95.9870 	EXP 	responsefixationCrossDisplay: autoDraw = False
96.0036 	EXP 	responsefixationCrossDisplay: autoDraw = True
96.0036 	EXP 	responsefixationCrossDisplay: autoDraw = False
96.0204 	EXP 	responsefixationCrossDisplay: autoDraw = False
96.0369 	EXP 	responsefixationCrossDisplay: autoDraw = True
96.0369 	EXP 	responsefixationCrossDisplay: autoDraw = False
96.0539 	EXP 	responsefixationCrossDisplay: autoDraw = False
96.0703 	EXP 	responsefixationCrossDisplay: autoDraw = True
96.0703 	EXP 	responsefixationCrossDisplay: autoDraw = False
96.0870 	EXP 	responsefixationCrossDisplay: autoDraw = False
96.1035 	EXP 	responsefixationCrossDisplay: autoDraw = True
96.1035 	EXP 	responsefixationCrossDisplay: autoDraw = False
96.1201 	EXP 	responsefixationCrossDisplay: autoDraw = False
96.1368 	EXP 	responsefixationCrossDisplay: autoDraw = True
96.1368 	EXP 	responsefixationCrossDisplay: autoDraw = False
96.1536 	EXP 	responsefixationCrossDisplay: autoDraw = False
96.1702 	EXP 	responsefixationCrossDisplay: autoDraw = True
96.1702 	EXP 	responsefixationCrossDisplay: autoDraw = False
96.1869 	EXP 	responsefixationCrossDisplay: autoDraw = False
96.2035 	EXP 	responsefixationCrossDisplay: autoDraw = True
96.2035 	EXP 	responsefixationCrossDisplay: autoDraw = False
96.2206 	EXP 	responsefixationCrossDisplay: autoDraw = False
96.2368 	EXP 	responsefixationCrossDisplay: autoDraw = True
96.2368 	EXP 	responsefixationCrossDisplay: autoDraw = False
96.2535 	EXP 	responsefixationCrossDisplay: autoDraw = False
96.2701 	EXP 	responsefixationCrossDisplay: autoDraw = True
96.2701 	EXP 	responsefixationCrossDisplay: autoDraw = False
96.2870 	EXP 	responsefixationCrossDisplay: autoDraw = False
96.3035 	EXP 	responsefixationCrossDisplay: autoDraw = True
96.3035 	EXP 	responsefixationCrossDisplay: autoDraw = False
96.3201 	EXP 	responsefixationCrossDisplay: autoDraw = False
96.3370 	EXP 	responsefixationCrossDisplay: autoDraw = True
96.3370 	EXP 	responsefixationCrossDisplay: autoDraw = False
96.3538 	EXP 	responsefixationCrossDisplay: autoDraw = False
96.3703 	EXP 	responsefixationCrossDisplay: autoDraw = True
96.3703 	EXP 	responsefixationCrossDisplay: autoDraw = False
96.3868 	EXP 	responsefixationCrossDisplay: autoDraw = False
96.4039 	EXP 	responsefixationCrossDisplay: autoDraw = True
96.4039 	EXP 	responsefixationCrossDisplay: autoDraw = False
96.4202 	EXP 	responsefixationCrossDisplay: autoDraw = False
96.4368 	EXP 	responsefixationCrossDisplay: autoDraw = True
96.4368 	EXP 	responsefixationCrossDisplay: autoDraw = False
96.4534 	EXP 	responsefixationCrossDisplay: autoDraw = False
96.4703 	EXP 	responsefixationCrossDisplay: autoDraw = True
96.4703 	EXP 	responsefixationCrossDisplay: autoDraw = False
96.4868 	EXP 	responsefixationCrossDisplay: autoDraw = False
96.5036 	EXP 	responsefixationCrossDisplay: autoDraw = True
96.5036 	EXP 	responsefixationCrossDisplay: autoDraw = False
96.5200 	EXP 	responsefixationCrossDisplay: autoDraw = False
96.5369 	EXP 	responsefixationCrossDisplay: autoDraw = True
96.5369 	EXP 	responsefixationCrossDisplay: autoDraw = False
96.5534 	EXP 	responsefixationCrossDisplay: autoDraw = False
96.5701 	EXP 	responsefixationCrossDisplay: autoDraw = True
96.5701 	EXP 	responsefixationCrossDisplay: autoDraw = False
96.5867 	EXP 	responsefixationCrossDisplay: autoDraw = False
96.6036 	EXP 	responsefixationCrossDisplay: autoDraw = True
96.6036 	EXP 	responsefixationCrossDisplay: autoDraw = False
96.6201 	EXP 	responsefixationCrossDisplay: autoDraw = False
96.6369 	EXP 	responsefixationCrossDisplay: autoDraw = True
96.6369 	EXP 	responsefixationCrossDisplay: autoDraw = False
96.6536 	EXP 	responsefixationCrossDisplay: autoDraw = False
96.6701 	EXP 	responsefixationCrossDisplay: autoDraw = True
96.6701 	EXP 	responsefixationCrossDisplay: autoDraw = False
96.6868 	EXP 	responsefixationCrossDisplay: autoDraw = False
96.7035 	EXP 	responsefixationCrossDisplay: autoDraw = True
96.7035 	EXP 	responsefixationCrossDisplay: autoDraw = False
96.7203 	EXP 	responsefixationCrossDisplay: autoDraw = False
96.7368 	EXP 	responsefixationCrossDisplay: autoDraw = True
96.7368 	EXP 	responsefixationCrossDisplay: autoDraw = False
96.7534 	EXP 	responsefixationCrossDisplay: autoDraw = False
96.7700 	EXP 	responsefixationCrossDisplay: autoDraw = True
96.7700 	EXP 	responsefixationCrossDisplay: autoDraw = False
96.7869 	EXP 	responsefixationCrossDisplay: autoDraw = False
96.8035 	EXP 	responsefixationCrossDisplay: autoDraw = True
96.8035 	EXP 	responsefixationCrossDisplay: autoDraw = False
96.8201 	EXP 	responsefixationCrossDisplay: autoDraw = False
96.8369 	EXP 	responsefixationCrossDisplay: autoDraw = True
96.8369 	EXP 	responsefixationCrossDisplay: autoDraw = False
96.8534 	EXP 	responsefixationCrossDisplay: autoDraw = False
96.8702 	EXP 	responsefixationCrossDisplay: autoDraw = True
96.8702 	EXP 	responsefixationCrossDisplay: autoDraw = False
96.8868 	EXP 	responsefixationCrossDisplay: autoDraw = False
96.9035 	EXP 	responsefixationCrossDisplay: autoDraw = True
96.9035 	EXP 	responsefixationCrossDisplay: autoDraw = False
96.9202 	EXP 	responsefixationCrossDisplay: autoDraw = False
96.9368 	EXP 	responsefixationCrossDisplay: autoDraw = True
96.9368 	EXP 	responsefixationCrossDisplay: autoDraw = False
96.9535 	EXP 	responsefixationCrossDisplay: autoDraw = False
96.9704 	EXP 	responsefixationCrossDisplay: autoDraw = True
96.9704 	EXP 	responsefixationCrossDisplay: autoDraw = False
96.9867 	EXP 	responsefixationCrossDisplay: autoDraw = False
97.0036 	EXP 	responsefixationCrossDisplay: autoDraw = True
97.0036 	EXP 	responsefixationCrossDisplay: autoDraw = False
97.0201 	EXP 	responsefixationCrossDisplay: autoDraw = False
97.0370 	EXP 	responsefixationCrossDisplay: autoDraw = True
97.0370 	EXP 	responsefixationCrossDisplay: autoDraw = False
97.0536 	EXP 	responsefixationCrossDisplay: autoDraw = False
97.0701 	EXP 	responsefixationCrossDisplay: autoDraw = True
97.0701 	EXP 	responsefixationCrossDisplay: autoDraw = False
97.0866 	EXP 	responsefixationCrossDisplay: autoDraw = False
97.1035 	EXP 	responsefixationCrossDisplay: autoDraw = True
97.1035 	EXP 	responsefixationCrossDisplay: autoDraw = False
97.1201 	EXP 	responsefixationCrossDisplay: autoDraw = False
97.1366 	EXP 	responsefixationCrossDisplay: autoDraw = True
97.1366 	EXP 	responsefixationCrossDisplay: autoDraw = False
97.1533 	EXP 	responsefixationCrossDisplay: autoDraw = False
97.1699 	EXP 	responsefixationCrossDisplay: autoDraw = True
97.1699 	EXP 	responsefixationCrossDisplay: autoDraw = False
97.1867 	EXP 	responsefixationCrossDisplay: autoDraw = False
97.2034 	EXP 	responsefixationCrossDisplay: autoDraw = True
97.2034 	EXP 	responsefixationCrossDisplay: autoDraw = False
97.2200 	EXP 	responsefixationCrossDisplay: autoDraw = False
97.2369 	EXP 	responsefixationCrossDisplay: autoDraw = True
97.2369 	EXP 	responsefixationCrossDisplay: autoDraw = False
97.2533 	EXP 	responsefixationCrossDisplay: autoDraw = False
97.2700 	EXP 	responsefixationCrossDisplay: autoDraw = True
97.2700 	EXP 	responsefixationCrossDisplay: autoDraw = False
97.2867 	EXP 	responsefixationCrossDisplay: autoDraw = False
97.3033 	EXP 	responsefixationCrossDisplay: autoDraw = True
97.3033 	EXP 	responsefixationCrossDisplay: autoDraw = False
97.3200 	EXP 	responsefixationCrossDisplay: autoDraw = False
97.3368 	EXP 	responsefixationCrossDisplay: autoDraw = True
97.3368 	EXP 	responsefixationCrossDisplay: autoDraw = False
97.3535 	EXP 	responsefixationCrossDisplay: autoDraw = False
97.3702 	EXP 	responsefixationCrossDisplay: autoDraw = True
97.3702 	EXP 	responsefixationCrossDisplay: autoDraw = False
97.3866 	EXP 	responsefixationCrossDisplay: autoDraw = False
97.4033 	EXP 	responsefixationCrossDisplay: autoDraw = True
97.4033 	EXP 	responsefixationCrossDisplay: autoDraw = False
97.4200 	EXP 	responsefixationCrossDisplay: autoDraw = False
97.4367 	EXP 	responsefixationCrossDisplay: autoDraw = True
97.4367 	EXP 	responsefixationCrossDisplay: autoDraw = False
97.4533 	EXP 	responsefixationCrossDisplay: autoDraw = False
97.4700 	EXP 	responsefixationCrossDisplay: autoDraw = True
97.4700 	EXP 	responsefixationCrossDisplay: autoDraw = False
97.4866 	EXP 	responsefixationCrossDisplay: autoDraw = False
97.5034 	EXP 	responsefixationCrossDisplay: autoDraw = True
97.5034 	EXP 	responsefixationCrossDisplay: autoDraw = False
97.5200 	EXP 	responsefixationCrossDisplay: autoDraw = False
97.5366 	EXP 	responsefixationCrossDisplay: autoDraw = True
97.5366 	EXP 	responsefixationCrossDisplay: autoDraw = False
97.5534 	EXP 	responsefixationCrossDisplay: autoDraw = False
97.5700 	EXP 	responsefixationCrossDisplay: autoDraw = True
97.5700 	EXP 	responsefixationCrossDisplay: autoDraw = False
97.5866 	EXP 	responsefixationCrossDisplay: autoDraw = False
97.6033 	EXP 	responsefixationCrossDisplay: autoDraw = True
97.6033 	EXP 	responsefixationCrossDisplay: autoDraw = False
97.6202 	EXP 	responsefixationCrossDisplay: autoDraw = False
97.6367 	EXP 	responsefixationCrossDisplay: autoDraw = True
97.6367 	EXP 	responsefixationCrossDisplay: autoDraw = False
97.6533 	EXP 	responsefixationCrossDisplay: autoDraw = False
97.6700 	EXP 	responsefixationCrossDisplay: autoDraw = True
97.6700 	EXP 	responsefixationCrossDisplay: autoDraw = False
97.6866 	EXP 	responsefixationCrossDisplay: autoDraw = False
97.7033 	EXP 	responsefixationCrossDisplay: autoDraw = True
97.7033 	EXP 	responsefixationCrossDisplay: autoDraw = False
97.7200 	EXP 	responsefixationCrossDisplay: autoDraw = False
97.7366 	EXP 	responsefixationCrossDisplay: autoDraw = True
97.7366 	EXP 	responsefixationCrossDisplay: autoDraw = False
97.7533 	EXP 	responsefixationCrossDisplay: autoDraw = False
97.7700 	EXP 	responsefixationCrossDisplay: autoDraw = True
97.7700 	EXP 	responsefixationCrossDisplay: autoDraw = False
97.7865 	EXP 	responsefixationCrossDisplay: autoDraw = False
97.8034 	EXP 	responsefixationCrossDisplay: autoDraw = True
97.8034 	EXP 	responsefixationCrossDisplay: autoDraw = False
97.8199 	EXP 	responsefixationCrossDisplay: autoDraw = False
97.8366 	EXP 	responsefixationCrossDisplay: autoDraw = True
97.8366 	EXP 	responsefixationCrossDisplay: autoDraw = False
97.8533 	EXP 	responsefixationCrossDisplay: autoDraw = False
97.8700 	EXP 	responsefixationCrossDisplay: autoDraw = True
97.8700 	EXP 	responsefixationCrossDisplay: autoDraw = False
97.8866 	EXP 	responsefixationCrossDisplay: autoDraw = False
97.9033 	EXP 	responsefixationCrossDisplay: autoDraw = True
97.9033 	EXP 	responsefixationCrossDisplay: autoDraw = False
97.9200 	EXP 	responsefixationCrossDisplay: autoDraw = False
97.9365 	EXP 	responsefixationCrossDisplay: autoDraw = True
97.9365 	EXP 	responsefixationCrossDisplay: autoDraw = False
97.9533 	EXP 	responsefixationCrossDisplay: autoDraw = False
97.9700 	EXP 	responsefixationCrossDisplay: autoDraw = True
97.9700 	EXP 	responsefixationCrossDisplay: autoDraw = False
97.9868 	EXP 	responsefixationCrossDisplay: autoDraw = False
98.0032 	EXP 	responsefixationCrossDisplay: autoDraw = True
98.0032 	EXP 	responsefixationCrossDisplay: autoDraw = False
98.0199 	EXP 	responsefixationCrossDisplay: autoDraw = False
98.0366 	EXP 	responsefixationCrossDisplay: autoDraw = True
98.0366 	EXP 	responsefixationCrossDisplay: autoDraw = False
98.0532 	EXP 	responsefixationCrossDisplay: autoDraw = False
98.0699 	EXP 	responsefixationCrossDisplay: autoDraw = True
98.0699 	EXP 	responsefixationCrossDisplay: autoDraw = False
98.0866 	EXP 	responsefixationCrossDisplay: autoDraw = False
98.1035 	EXP 	responsefixationCrossDisplay: autoDraw = True
98.1035 	EXP 	responsefixationCrossDisplay: autoDraw = False
98.1199 	EXP 	responsefixationCrossDisplay: autoDraw = False
98.1366 	EXP 	responsefixationCrossDisplay: autoDraw = True
98.1366 	EXP 	responsefixationCrossDisplay: autoDraw = False
98.1533 	EXP 	responsefixationCrossDisplay: autoDraw = False
98.1699 	EXP 	responsefixationCrossDisplay: autoDraw = True
98.1699 	EXP 	responsefixationCrossDisplay: autoDraw = False
98.1866 	EXP 	responsefixationCrossDisplay: autoDraw = False
98.2033 	EXP 	responsefixationCrossDisplay: autoDraw = True
98.2033 	EXP 	responsefixationCrossDisplay: autoDraw = False
98.2200 	EXP 	responsefixationCrossDisplay: autoDraw = False
98.2366 	EXP 	responsefixationCrossDisplay: autoDraw = True
98.2366 	EXP 	responsefixationCrossDisplay: autoDraw = False
98.2533 	EXP 	responsefixationCrossDisplay: autoDraw = False
98.2700 	EXP 	responsefixationCrossDisplay: autoDraw = True
98.2700 	EXP 	responsefixationCrossDisplay: autoDraw = False
98.2865 	EXP 	responsefixationCrossDisplay: autoDraw = False
98.3032 	EXP 	responsefixationCrossDisplay: autoDraw = True
98.3032 	EXP 	responsefixationCrossDisplay: autoDraw = False
98.3200 	EXP 	responsefixationCrossDisplay: autoDraw = False
98.3365 	EXP 	responsefixationCrossDisplay: autoDraw = True
98.3365 	EXP 	responsefixationCrossDisplay: autoDraw = False
98.3532 	EXP 	responsefixationCrossDisplay: autoDraw = False
98.3699 	EXP 	responsefixationCrossDisplay: autoDraw = True
98.3699 	EXP 	responsefixationCrossDisplay: autoDraw = False
98.3866 	EXP 	responsefixationCrossDisplay: autoDraw = False
98.4036 	EXP 	responsefixationCrossDisplay: autoDraw = True
98.4036 	EXP 	responsefixationCrossDisplay: autoDraw = False
98.4198 	EXP 	responsefixationCrossDisplay: autoDraw = False
98.4366 	EXP 	responsefixationCrossDisplay: autoDraw = True
98.4366 	EXP 	responsefixationCrossDisplay: autoDraw = False
98.4532 	EXP 	responsefixationCrossDisplay: autoDraw = False
98.4698 	EXP 	responsefixationCrossDisplay: autoDraw = True
98.4698 	EXP 	responsefixationCrossDisplay: autoDraw = False
98.4864 	EXP 	responsefixationCrossDisplay: autoDraw = False
98.5035 	EXP 	responsefixationCrossDisplay: autoDraw = True
98.5035 	EXP 	responsefixationCrossDisplay: autoDraw = False
98.5199 	EXP 	responsefixationCrossDisplay: autoDraw = False
98.5365 	EXP 	responsefixationCrossDisplay: autoDraw = True
98.5365 	EXP 	responsefixationCrossDisplay: autoDraw = False
98.5533 	EXP 	responsefixationCrossDisplay: autoDraw = False
98.5702 	EXP 	responsefixationCrossDisplay: autoDraw = True
98.5702 	EXP 	responsefixationCrossDisplay: autoDraw = False
98.5866 	EXP 	responsefixationCrossDisplay: autoDraw = False
98.6035 	EXP 	responsefixationCrossDisplay: autoDraw = True
98.6035 	EXP 	responsefixationCrossDisplay: autoDraw = False
98.6198 	EXP 	responsefixationCrossDisplay: autoDraw = False
98.6367 	EXP 	responsefixationCrossDisplay: autoDraw = True
98.6367 	EXP 	responsefixationCrossDisplay: autoDraw = False
98.6531 	EXP 	responsefixationCrossDisplay: autoDraw = False
98.6698 	EXP 	responsefixationCrossDisplay: autoDraw = True
98.6698 	EXP 	responsefixationCrossDisplay: autoDraw = False
98.6867 	EXP 	responsefixationCrossDisplay: autoDraw = False
98.7032 	EXP 	responsefixationCrossDisplay: autoDraw = True
98.7032 	EXP 	responsefixationCrossDisplay: autoDraw = False
98.7197 	EXP 	responsefixationCrossDisplay: autoDraw = False
98.7364 	EXP 	responsefixationCrossDisplay: autoDraw = True
98.7364 	EXP 	responsefixationCrossDisplay: autoDraw = False
98.7533 	EXP 	responsefixationCrossDisplay: autoDraw = False
98.7700 	EXP 	responsefixationCrossDisplay: autoDraw = True
98.7700 	EXP 	responsefixationCrossDisplay: autoDraw = False
98.7865 	EXP 	responsefixationCrossDisplay: autoDraw = False
98.8031 	EXP 	responsefixationCrossDisplay: autoDraw = True
98.8031 	EXP 	responsefixationCrossDisplay: autoDraw = False
98.8199 	EXP 	responsefixationCrossDisplay: autoDraw = False
98.8364 	EXP 	responsefixationCrossDisplay: autoDraw = True
98.8364 	EXP 	responsefixationCrossDisplay: autoDraw = False
98.8531 	EXP 	responsefixationCrossDisplay: autoDraw = False
98.8561 	DATA 	Mouse: Right button down, pos=(231,215)
98.8700 	EXP 	responsefixationCrossDisplay: autoDraw = True
98.8700 	EXP 	responsefixationCrossDisplay: autoDraw = False
98.8700 	EXP 	StimuliText: autoDraw = False
98.8700 	EXP 	responsefixationCrossDisplay: autoDraw = True
98.8700 	EXP 	responsefixationCrossDisplay: foreColor = <psychopy.colors.Color: purple, alpha=1.0>
99.0576 	DATA 	Mouse:  Right button up, pos=(231,215)
100.3890 	EXP 	New trial (rep=0, index=4): <Trial 4 (4 in rep 0) data={'Block': 1, 'Stimuli_Type': 'LiterallyFalse', 'Stimuli': 'The desert storm was a carrot.', 'One_subsubj_two_subObj': 2, 'correct_answer': False, 'thisN': 4, 'thisTrialN': 4, 'thisRepN': 0}>
100.4028 	EXP 	StimuliText: autoDraw = False
100.4028 	EXP 	LeftResponseInstruction: autoDraw = False
100.4028 	EXP 	rightResponseInstruction: autoDraw = False
100.4028 	EXP 	responsefixationCrossDisplay: autoDraw = False
100.4028 	EXP 	responsefixationCrossDisplay: foreColor = <psychopy.colors.Color: black, alpha=1.0>
100.4028 	EXP 	StimuliText: height = np.float64(0.05)
100.4028 	EXP 	StimuliText: height = np.float64(0.05)
100.4028 	EXP 	StimuliText: height = np.float64(0.05)
100.4028 	EXP 	StimuliText: text = 'The desert storm was a carrot.'
100.4028 	EXP 	StimuliText: autoDraw = True
100.4028 	EXP 	LeftResponseInstruction: autoDraw = True
100.4028 	EXP 	rightResponseInstruction: autoDraw = True
100.4028 	EXP 	responsefixationCrossDisplay: autoDraw = True
100.4028 	EXP 	responsefixationCrossDisplay: autoDraw = False
100.4196 	EXP 	responsefixationCrossDisplay: autoDraw = False
100.4363 	EXP 	responsefixationCrossDisplay: autoDraw = True
100.4363 	EXP 	responsefixationCrossDisplay: autoDraw = False
100.4528 	EXP 	responsefixationCrossDisplay: autoDraw = False
100.4696 	EXP 	responsefixationCrossDisplay: autoDraw = True
100.4696 	EXP 	responsefixationCrossDisplay: autoDraw = False
100.4862 	EXP 	responsefixationCrossDisplay: autoDraw = False
100.5031 	EXP 	responsefixationCrossDisplay: autoDraw = True
100.5031 	EXP 	responsefixationCrossDisplay: autoDraw = False
100.5198 	EXP 	responsefixationCrossDisplay: autoDraw = False
100.5362 	EXP 	responsefixationCrossDisplay: autoDraw = True
100.5362 	EXP 	responsefixationCrossDisplay: autoDraw = False
100.5529 	EXP 	responsefixationCrossDisplay: autoDraw = False
100.5696 	EXP 	responsefixationCrossDisplay: autoDraw = True
100.5696 	EXP 	responsefixationCrossDisplay: autoDraw = False
100.5863 	EXP 	responsefixationCrossDisplay: autoDraw = False
100.6030 	EXP 	responsefixationCrossDisplay: autoDraw = True
100.6030 	EXP 	responsefixationCrossDisplay: autoDraw = False
100.6194 	EXP 	responsefixationCrossDisplay: autoDraw = False
100.6362 	EXP 	responsefixationCrossDisplay: autoDraw = True
100.6362 	EXP 	responsefixationCrossDisplay: autoDraw = False
100.6528 	EXP 	responsefixationCrossDisplay: autoDraw = False
100.6694 	EXP 	responsefixationCrossDisplay: autoDraw = True
100.6694 	EXP 	responsefixationCrossDisplay: autoDraw = False
100.6862 	EXP 	responsefixationCrossDisplay: autoDraw = False
100.7029 	EXP 	responsefixationCrossDisplay: autoDraw = True
100.7029 	EXP 	responsefixationCrossDisplay: autoDraw = False
100.7194 	EXP 	responsefixationCrossDisplay: autoDraw = False
100.7361 	EXP 	responsefixationCrossDisplay: autoDraw = True
100.7361 	EXP 	responsefixationCrossDisplay: autoDraw = False
100.7526 	EXP 	responsefixationCrossDisplay: autoDraw = False
100.7694 	EXP 	responsefixationCrossDisplay: autoDraw = True
100.7694 	EXP 	responsefixationCrossDisplay: autoDraw = False
100.7863 	EXP 	responsefixationCrossDisplay: autoDraw = False
100.8027 	EXP 	responsefixationCrossDisplay: autoDraw = True
100.8027 	EXP 	responsefixationCrossDisplay: autoDraw = False
100.8195 	EXP 	responsefixationCrossDisplay: autoDraw = False
100.8365 	EXP 	responsefixationCrossDisplay: autoDraw = True
100.8365 	EXP 	responsefixationCrossDisplay: autoDraw = False
100.8529 	EXP 	responsefixationCrossDisplay: autoDraw = False
100.8694 	EXP 	responsefixationCrossDisplay: autoDraw = True
100.8694 	EXP 	responsefixationCrossDisplay: autoDraw = False
100.8861 	EXP 	responsefixationCrossDisplay: autoDraw = False
100.9029 	EXP 	responsefixationCrossDisplay: autoDraw = True
100.9029 	EXP 	responsefixationCrossDisplay: autoDraw = False
100.9197 	EXP 	responsefixationCrossDisplay: autoDraw = False
100.9383 	EXP 	responsefixationCrossDisplay: autoDraw = True
100.9383 	EXP 	responsefixationCrossDisplay: autoDraw = False
100.9528 	EXP 	responsefixationCrossDisplay: autoDraw = False
100.9697 	EXP 	responsefixationCrossDisplay: autoDraw = True
100.9697 	EXP 	responsefixationCrossDisplay: autoDraw = False
100.9862 	EXP 	responsefixationCrossDisplay: autoDraw = False
101.0027 	EXP 	responsefixationCrossDisplay: autoDraw = True
101.0027 	EXP 	responsefixationCrossDisplay: autoDraw = False
101.0195 	EXP 	responsefixationCrossDisplay: autoDraw = False
101.0363 	EXP 	responsefixationCrossDisplay: autoDraw = True
101.0363 	EXP 	responsefixationCrossDisplay: autoDraw = False
101.0529 	EXP 	responsefixationCrossDisplay: autoDraw = False
101.0694 	EXP 	responsefixationCrossDisplay: autoDraw = True
101.0694 	EXP 	responsefixationCrossDisplay: autoDraw = False
101.0861 	EXP 	responsefixationCrossDisplay: autoDraw = False
101.1030 	EXP 	responsefixationCrossDisplay: autoDraw = True
101.1030 	EXP 	responsefixationCrossDisplay: autoDraw = False
101.1195 	EXP 	responsefixationCrossDisplay: autoDraw = False
101.1362 	EXP 	responsefixationCrossDisplay: autoDraw = True
101.1362 	EXP 	responsefixationCrossDisplay: autoDraw = False
101.1529 	EXP 	responsefixationCrossDisplay: autoDraw = False
101.1697 	EXP 	responsefixationCrossDisplay: autoDraw = True
101.1697 	EXP 	responsefixationCrossDisplay: autoDraw = False
101.1862 	EXP 	responsefixationCrossDisplay: autoDraw = False
101.2027 	EXP 	responsefixationCrossDisplay: autoDraw = True
101.2027 	EXP 	responsefixationCrossDisplay: autoDraw = False
101.2194 	EXP 	responsefixationCrossDisplay: autoDraw = False
101.2363 	EXP 	responsefixationCrossDisplay: autoDraw = True
101.2363 	EXP 	responsefixationCrossDisplay: autoDraw = False
101.2527 	EXP 	responsefixationCrossDisplay: autoDraw = False
101.2694 	EXP 	responsefixationCrossDisplay: autoDraw = True
101.2694 	EXP 	responsefixationCrossDisplay: autoDraw = False
101.2863 	EXP 	responsefixationCrossDisplay: autoDraw = False
101.3033 	EXP 	responsefixationCrossDisplay: autoDraw = True
101.3033 	EXP 	responsefixationCrossDisplay: autoDraw = False
101.3193 	EXP 	responsefixationCrossDisplay: autoDraw = False
101.3360 	EXP 	responsefixationCrossDisplay: autoDraw = True
101.3360 	EXP 	responsefixationCrossDisplay: autoDraw = False
101.3529 	EXP 	responsefixationCrossDisplay: autoDraw = False
101.3694 	EXP 	responsefixationCrossDisplay: autoDraw = True
101.3694 	EXP 	responsefixationCrossDisplay: autoDraw = False
101.3860 	EXP 	responsefixationCrossDisplay: autoDraw = False
101.4027 	EXP 	responsefixationCrossDisplay: autoDraw = True
101.4027 	EXP 	responsefixationCrossDisplay: autoDraw = False
101.4196 	EXP 	responsefixationCrossDisplay: autoDraw = False
101.4361 	EXP 	responsefixationCrossDisplay: autoDraw = True
101.4361 	EXP 	responsefixationCrossDisplay: autoDraw = False
101.4527 	EXP 	responsefixationCrossDisplay: autoDraw = False
101.4693 	EXP 	responsefixationCrossDisplay: autoDraw = True
101.4693 	EXP 	responsefixationCrossDisplay: autoDraw = False
101.4863 	EXP 	responsefixationCrossDisplay: autoDraw = False
101.5029 	EXP 	responsefixationCrossDisplay: autoDraw = True
101.5029 	EXP 	responsefixationCrossDisplay: autoDraw = False
101.5195 	EXP 	responsefixationCrossDisplay: autoDraw = False
101.5361 	EXP 	responsefixationCrossDisplay: autoDraw = True
101.5361 	EXP 	responsefixationCrossDisplay: autoDraw = False
101.5529 	EXP 	responsefixationCrossDisplay: autoDraw = False
101.5694 	EXP 	responsefixationCrossDisplay: autoDraw = True
101.5694 	EXP 	responsefixationCrossDisplay: autoDraw = False
101.5860 	EXP 	responsefixationCrossDisplay: autoDraw = False
101.6029 	EXP 	responsefixationCrossDisplay: autoDraw = True
101.6029 	EXP 	responsefixationCrossDisplay: autoDraw = False
101.6196 	EXP 	responsefixationCrossDisplay: autoDraw = False
101.6361 	EXP 	responsefixationCrossDisplay: autoDraw = True
101.6361 	EXP 	responsefixationCrossDisplay: autoDraw = False
101.6526 	EXP 	responsefixationCrossDisplay: autoDraw = False
101.6695 	EXP 	responsefixationCrossDisplay: autoDraw = True
101.6695 	EXP 	responsefixationCrossDisplay: autoDraw = False
101.6860 	EXP 	responsefixationCrossDisplay: autoDraw = False
101.7026 	EXP 	responsefixationCrossDisplay: autoDraw = True
101.7026 	EXP 	responsefixationCrossDisplay: autoDraw = False
101.7193 	EXP 	responsefixationCrossDisplay: autoDraw = False
101.7362 	EXP 	responsefixationCrossDisplay: autoDraw = True
101.7362 	EXP 	responsefixationCrossDisplay: autoDraw = False
101.7526 	EXP 	responsefixationCrossDisplay: autoDraw = False
101.7693 	EXP 	responsefixationCrossDisplay: autoDraw = True
101.7693 	EXP 	responsefixationCrossDisplay: autoDraw = False
101.7859 	EXP 	responsefixationCrossDisplay: autoDraw = False
101.8029 	EXP 	responsefixationCrossDisplay: autoDraw = True
101.8029 	EXP 	responsefixationCrossDisplay: autoDraw = False
101.8194 	EXP 	responsefixationCrossDisplay: autoDraw = False
101.8367 	EXP 	responsefixationCrossDisplay: autoDraw = True
101.8367 	EXP 	responsefixationCrossDisplay: autoDraw = False
101.8527 	EXP 	responsefixationCrossDisplay: autoDraw = False
101.8695 	EXP 	responsefixationCrossDisplay: autoDraw = True
101.8695 	EXP 	responsefixationCrossDisplay: autoDraw = False
101.8860 	EXP 	responsefixationCrossDisplay: autoDraw = False
101.9026 	EXP 	responsefixationCrossDisplay: autoDraw = True
101.9026 	EXP 	responsefixationCrossDisplay: autoDraw = False
101.9195 	EXP 	responsefixationCrossDisplay: autoDraw = False
101.9360 	EXP 	responsefixationCrossDisplay: autoDraw = True
101.9360 	EXP 	responsefixationCrossDisplay: autoDraw = False
101.9526 	EXP 	responsefixationCrossDisplay: autoDraw = False
101.9693 	EXP 	responsefixationCrossDisplay: autoDraw = True
101.9693 	EXP 	responsefixationCrossDisplay: autoDraw = False
101.9862 	EXP 	responsefixationCrossDisplay: autoDraw = False
102.0026 	EXP 	responsefixationCrossDisplay: autoDraw = True
102.0026 	EXP 	responsefixationCrossDisplay: autoDraw = False
102.0193 	EXP 	responsefixationCrossDisplay: autoDraw = False
102.0359 	EXP 	responsefixationCrossDisplay: autoDraw = True
102.0359 	EXP 	responsefixationCrossDisplay: autoDraw = False
102.0526 	EXP 	responsefixationCrossDisplay: autoDraw = False
102.0697 	EXP 	responsefixationCrossDisplay: autoDraw = True
102.0697 	EXP 	responsefixationCrossDisplay: autoDraw = False
102.0861 	EXP 	responsefixationCrossDisplay: autoDraw = False
102.1027 	EXP 	responsefixationCrossDisplay: autoDraw = True
102.1027 	EXP 	responsefixationCrossDisplay: autoDraw = False
102.1195 	EXP 	responsefixationCrossDisplay: autoDraw = False
102.1362 	EXP 	responsefixationCrossDisplay: autoDraw = True
102.1362 	EXP 	responsefixationCrossDisplay: autoDraw = False
102.1530 	EXP 	responsefixationCrossDisplay: autoDraw = False
102.1692 	EXP 	responsefixationCrossDisplay: autoDraw = True
102.1692 	EXP 	responsefixationCrossDisplay: autoDraw = False
102.1866 	EXP 	responsefixationCrossDisplay: autoDraw = False
102.2026 	EXP 	responsefixationCrossDisplay: autoDraw = True
102.2026 	EXP 	responsefixationCrossDisplay: autoDraw = False
102.2192 	EXP 	responsefixationCrossDisplay: autoDraw = False
102.2359 	EXP 	responsefixationCrossDisplay: autoDraw = True
102.2359 	EXP 	responsefixationCrossDisplay: autoDraw = False
102.2528 	EXP 	responsefixationCrossDisplay: autoDraw = False
102.2693 	EXP 	responsefixationCrossDisplay: autoDraw = True
102.2693 	EXP 	responsefixationCrossDisplay: autoDraw = False
102.2859 	EXP 	responsefixationCrossDisplay: autoDraw = False
102.3027 	EXP 	responsefixationCrossDisplay: autoDraw = True
102.3027 	EXP 	responsefixationCrossDisplay: autoDraw = False
102.3194 	EXP 	responsefixationCrossDisplay: autoDraw = False
102.3359 	EXP 	responsefixationCrossDisplay: autoDraw = True
102.3359 	EXP 	responsefixationCrossDisplay: autoDraw = False
102.3525 	EXP 	responsefixationCrossDisplay: autoDraw = False
102.3695 	EXP 	responsefixationCrossDisplay: autoDraw = True
102.3695 	EXP 	responsefixationCrossDisplay: autoDraw = False
102.3859 	EXP 	responsefixationCrossDisplay: autoDraw = False
102.4025 	EXP 	responsefixationCrossDisplay: autoDraw = True
102.4025 	EXP 	responsefixationCrossDisplay: autoDraw = False
102.4192 	EXP 	responsefixationCrossDisplay: autoDraw = False
102.4361 	EXP 	responsefixationCrossDisplay: autoDraw = True
102.4361 	EXP 	responsefixationCrossDisplay: autoDraw = False
102.4526 	EXP 	responsefixationCrossDisplay: autoDraw = False
102.4692 	EXP 	responsefixationCrossDisplay: autoDraw = True
102.4692 	EXP 	responsefixationCrossDisplay: autoDraw = False
102.4864 	EXP 	responsefixationCrossDisplay: autoDraw = False
102.5026 	EXP 	responsefixationCrossDisplay: autoDraw = True
102.5026 	EXP 	responsefixationCrossDisplay: autoDraw = False
102.5193 	EXP 	responsefixationCrossDisplay: autoDraw = False
102.5358 	EXP 	responsefixationCrossDisplay: autoDraw = True
102.5358 	EXP 	responsefixationCrossDisplay: autoDraw = False
102.5525 	EXP 	responsefixationCrossDisplay: autoDraw = False
102.5692 	EXP 	responsefixationCrossDisplay: autoDraw = True
102.5692 	EXP 	responsefixationCrossDisplay: autoDraw = False
102.5859 	EXP 	responsefixationCrossDisplay: autoDraw = False
102.6025 	EXP 	responsefixationCrossDisplay: autoDraw = True
102.6025 	EXP 	responsefixationCrossDisplay: autoDraw = False
102.6195 	EXP 	responsefixationCrossDisplay: autoDraw = False
102.6360 	EXP 	responsefixationCrossDisplay: autoDraw = True
102.6360 	EXP 	responsefixationCrossDisplay: autoDraw = False
102.6525 	EXP 	responsefixationCrossDisplay: autoDraw = False
102.6692 	EXP 	responsefixationCrossDisplay: autoDraw = True
102.6692 	EXP 	responsefixationCrossDisplay: autoDraw = False
102.6859 	EXP 	responsefixationCrossDisplay: autoDraw = False
102.7026 	EXP 	responsefixationCrossDisplay: autoDraw = True
102.7026 	EXP 	responsefixationCrossDisplay: autoDraw = False
102.7192 	EXP 	responsefixationCrossDisplay: autoDraw = False
102.7361 	EXP 	responsefixationCrossDisplay: autoDraw = True
102.7361 	EXP 	responsefixationCrossDisplay: autoDraw = False
102.7528 	EXP 	responsefixationCrossDisplay: autoDraw = False
102.7692 	EXP 	responsefixationCrossDisplay: autoDraw = True
102.7692 	EXP 	responsefixationCrossDisplay: autoDraw = False
102.7859 	EXP 	responsefixationCrossDisplay: autoDraw = False
102.8024 	EXP 	responsefixationCrossDisplay: autoDraw = True
102.8024 	EXP 	responsefixationCrossDisplay: autoDraw = False
102.8196 	EXP 	responsefixationCrossDisplay: autoDraw = False
102.8358 	EXP 	responsefixationCrossDisplay: autoDraw = True
102.8358 	EXP 	responsefixationCrossDisplay: autoDraw = False
102.8524 	EXP 	responsefixationCrossDisplay: autoDraw = False
102.8692 	EXP 	responsefixationCrossDisplay: autoDraw = True
102.8692 	EXP 	responsefixationCrossDisplay: autoDraw = False
102.8860 	EXP 	responsefixationCrossDisplay: autoDraw = False
102.9025 	EXP 	responsefixationCrossDisplay: autoDraw = True
102.9025 	EXP 	responsefixationCrossDisplay: autoDraw = False
102.9191 	EXP 	responsefixationCrossDisplay: autoDraw = False
102.9360 	EXP 	responsefixationCrossDisplay: autoDraw = True
102.9360 	EXP 	responsefixationCrossDisplay: autoDraw = False
102.9527 	EXP 	responsefixationCrossDisplay: autoDraw = False
102.9692 	EXP 	responsefixationCrossDisplay: autoDraw = True
102.9692 	EXP 	responsefixationCrossDisplay: autoDraw = False
102.9858 	EXP 	responsefixationCrossDisplay: autoDraw = False
103.0027 	EXP 	responsefixationCrossDisplay: autoDraw = True
103.0027 	EXP 	responsefixationCrossDisplay: autoDraw = False
103.0192 	EXP 	responsefixationCrossDisplay: autoDraw = False
103.0357 	EXP 	responsefixationCrossDisplay: autoDraw = True
103.0357 	EXP 	responsefixationCrossDisplay: autoDraw = False
103.0524 	EXP 	responsefixationCrossDisplay: autoDraw = False
103.0694 	EXP 	responsefixationCrossDisplay: autoDraw = True
103.0694 	EXP 	responsefixationCrossDisplay: autoDraw = False
103.0859 	EXP 	responsefixationCrossDisplay: autoDraw = False
103.1026 	EXP 	responsefixationCrossDisplay: autoDraw = True
103.1026 	EXP 	responsefixationCrossDisplay: autoDraw = False
103.1216 	EXP 	responsefixationCrossDisplay: autoDraw = False
103.1359 	EXP 	responsefixationCrossDisplay: autoDraw = True
103.1359 	EXP 	responsefixationCrossDisplay: autoDraw = False
103.1525 	EXP 	responsefixationCrossDisplay: autoDraw = False
103.1691 	EXP 	responsefixationCrossDisplay: autoDraw = True
103.1691 	EXP 	responsefixationCrossDisplay: autoDraw = False
103.1857 	EXP 	responsefixationCrossDisplay: autoDraw = False
103.2025 	EXP 	responsefixationCrossDisplay: autoDraw = True
103.2025 	EXP 	responsefixationCrossDisplay: autoDraw = False
103.2193 	EXP 	responsefixationCrossDisplay: autoDraw = False
103.2357 	EXP 	responsefixationCrossDisplay: autoDraw = True
103.2357 	EXP 	responsefixationCrossDisplay: autoDraw = False
103.2527 	EXP 	responsefixationCrossDisplay: autoDraw = False
103.2692 	EXP 	responsefixationCrossDisplay: autoDraw = True
103.2692 	EXP 	responsefixationCrossDisplay: autoDraw = False
103.2859 	EXP 	responsefixationCrossDisplay: autoDraw = False
103.3025 	EXP 	responsefixationCrossDisplay: autoDraw = True
103.3025 	EXP 	responsefixationCrossDisplay: autoDraw = False
103.3192 	EXP 	responsefixationCrossDisplay: autoDraw = False
103.3358 	EXP 	responsefixationCrossDisplay: autoDraw = True
103.3358 	EXP 	responsefixationCrossDisplay: autoDraw = False
103.3526 	EXP 	responsefixationCrossDisplay: autoDraw = False
103.3691 	EXP 	responsefixationCrossDisplay: autoDraw = True
103.3691 	EXP 	responsefixationCrossDisplay: autoDraw = False
103.3859 	EXP 	responsefixationCrossDisplay: autoDraw = False
103.4028 	EXP 	responsefixationCrossDisplay: autoDraw = True
103.4028 	EXP 	responsefixationCrossDisplay: autoDraw = False
103.4193 	EXP 	responsefixationCrossDisplay: autoDraw = False
103.4366 	EXP 	responsefixationCrossDisplay: autoDraw = True
103.4366 	EXP 	responsefixationCrossDisplay: autoDraw = False
103.4526 	EXP 	responsefixationCrossDisplay: autoDraw = False
103.4692 	EXP 	responsefixationCrossDisplay: autoDraw = True
103.4692 	EXP 	responsefixationCrossDisplay: autoDraw = False
103.4858 	EXP 	responsefixationCrossDisplay: autoDraw = False
103.5025 	EXP 	responsefixationCrossDisplay: autoDraw = True
103.5025 	EXP 	responsefixationCrossDisplay: autoDraw = False
103.5192 	EXP 	responsefixationCrossDisplay: autoDraw = False
103.5358 	EXP 	responsefixationCrossDisplay: autoDraw = True
103.5358 	EXP 	responsefixationCrossDisplay: autoDraw = False
103.5524 	EXP 	responsefixationCrossDisplay: autoDraw = False
103.5692 	EXP 	responsefixationCrossDisplay: autoDraw = True
103.5692 	EXP 	responsefixationCrossDisplay: autoDraw = False
103.5859 	EXP 	responsefixationCrossDisplay: autoDraw = False
103.6025 	EXP 	responsefixationCrossDisplay: autoDraw = True
103.6025 	EXP 	responsefixationCrossDisplay: autoDraw = False
103.6190 	EXP 	responsefixationCrossDisplay: autoDraw = False
103.6358 	EXP 	responsefixationCrossDisplay: autoDraw = True
103.6358 	EXP 	responsefixationCrossDisplay: autoDraw = False
103.6526 	EXP 	responsefixationCrossDisplay: autoDraw = False
103.6691 	EXP 	responsefixationCrossDisplay: autoDraw = True
103.6691 	EXP 	responsefixationCrossDisplay: autoDraw = False
103.6858 	EXP 	responsefixationCrossDisplay: autoDraw = False
103.7025 	EXP 	responsefixationCrossDisplay: autoDraw = True
103.7025 	EXP 	responsefixationCrossDisplay: autoDraw = False
103.7192 	EXP 	responsefixationCrossDisplay: autoDraw = False
103.7356 	EXP 	responsefixationCrossDisplay: autoDraw = True
103.7356 	EXP 	responsefixationCrossDisplay: autoDraw = False
103.7524 	EXP 	responsefixationCrossDisplay: autoDraw = False
103.7691 	EXP 	responsefixationCrossDisplay: autoDraw = True
103.7691 	EXP 	responsefixationCrossDisplay: autoDraw = False
103.7858 	EXP 	responsefixationCrossDisplay: autoDraw = False
103.8024 	EXP 	responsefixationCrossDisplay: autoDraw = True
103.8024 	EXP 	responsefixationCrossDisplay: autoDraw = False
103.8190 	EXP 	responsefixationCrossDisplay: autoDraw = False
103.8359 	EXP 	responsefixationCrossDisplay: autoDraw = True
103.8359 	EXP 	responsefixationCrossDisplay: autoDraw = False
103.8524 	EXP 	responsefixationCrossDisplay: autoDraw = False
103.8690 	EXP 	responsefixationCrossDisplay: autoDraw = True
103.8690 	EXP 	responsefixationCrossDisplay: autoDraw = False
103.8858 	EXP 	responsefixationCrossDisplay: autoDraw = False
103.9024 	EXP 	responsefixationCrossDisplay: autoDraw = True
103.9024 	EXP 	responsefixationCrossDisplay: autoDraw = False
103.9190 	EXP 	responsefixationCrossDisplay: autoDraw = False
103.9357 	EXP 	responsefixationCrossDisplay: autoDraw = True
103.9357 	EXP 	responsefixationCrossDisplay: autoDraw = False
103.9526 	EXP 	responsefixationCrossDisplay: autoDraw = False
103.9692 	EXP 	responsefixationCrossDisplay: autoDraw = True
103.9692 	EXP 	responsefixationCrossDisplay: autoDraw = False
103.9856 	EXP 	responsefixationCrossDisplay: autoDraw = False
104.0024 	EXP 	responsefixationCrossDisplay: autoDraw = True
104.0024 	EXP 	responsefixationCrossDisplay: autoDraw = False
104.0191 	EXP 	responsefixationCrossDisplay: autoDraw = False
104.0357 	EXP 	responsefixationCrossDisplay: autoDraw = True
104.0357 	EXP 	responsefixationCrossDisplay: autoDraw = False
104.0523 	EXP 	responsefixationCrossDisplay: autoDraw = False
104.0690 	EXP 	responsefixationCrossDisplay: autoDraw = True
104.0690 	EXP 	responsefixationCrossDisplay: autoDraw = False
104.0858 	EXP 	responsefixationCrossDisplay: autoDraw = False
104.1023 	EXP 	responsefixationCrossDisplay: autoDraw = True
104.1023 	EXP 	responsefixationCrossDisplay: autoDraw = False
104.1191 	EXP 	responsefixationCrossDisplay: autoDraw = False
104.1357 	EXP 	responsefixationCrossDisplay: autoDraw = True
104.1357 	EXP 	responsefixationCrossDisplay: autoDraw = False
104.1526 	EXP 	responsefixationCrossDisplay: autoDraw = False
104.1691 	EXP 	responsefixationCrossDisplay: autoDraw = True
104.1691 	EXP 	responsefixationCrossDisplay: autoDraw = False
104.1857 	EXP 	responsefixationCrossDisplay: autoDraw = False
104.2023 	EXP 	responsefixationCrossDisplay: autoDraw = True
104.2023 	EXP 	responsefixationCrossDisplay: autoDraw = False
104.2192 	EXP 	responsefixationCrossDisplay: autoDraw = False
104.2356 	EXP 	responsefixationCrossDisplay: autoDraw = True
104.2356 	EXP 	responsefixationCrossDisplay: autoDraw = False
104.2522 	EXP 	responsefixationCrossDisplay: autoDraw = False
104.2691 	EXP 	responsefixationCrossDisplay: autoDraw = True
104.2691 	EXP 	responsefixationCrossDisplay: autoDraw = False
104.2859 	EXP 	responsefixationCrossDisplay: autoDraw = False
104.3023 	EXP 	responsefixationCrossDisplay: autoDraw = True
104.3023 	EXP 	responsefixationCrossDisplay: autoDraw = False
104.3190 	EXP 	responsefixationCrossDisplay: autoDraw = False
104.3357 	EXP 	responsefixationCrossDisplay: autoDraw = True
104.3357 	EXP 	responsefixationCrossDisplay: autoDraw = False
104.3523 	EXP 	responsefixationCrossDisplay: autoDraw = False
104.3689 	EXP 	responsefixationCrossDisplay: autoDraw = True
104.3689 	EXP 	responsefixationCrossDisplay: autoDraw = False
104.3856 	EXP 	responsefixationCrossDisplay: autoDraw = False
104.4022 	EXP 	responsefixationCrossDisplay: autoDraw = True
104.4022 	EXP 	responsefixationCrossDisplay: autoDraw = False
104.4188 	EXP 	responsefixationCrossDisplay: autoDraw = False
104.4356 	EXP 	responsefixationCrossDisplay: autoDraw = True
104.4356 	EXP 	responsefixationCrossDisplay: autoDraw = False
104.4387 	DATA 	Mouse: Right button down, pos=(231,215)
104.4522 	EXP 	responsefixationCrossDisplay: autoDraw = False
104.4522 	EXP 	StimuliText: autoDraw = False
104.4522 	EXP 	responsefixationCrossDisplay: autoDraw = True
104.4522 	EXP 	responsefixationCrossDisplay: foreColor = <psychopy.colors.Color: purple, alpha=1.0>
104.7236 	DATA 	Mouse:  Right button up, pos=(231,215)
104.8887 	EXP 	New trial (rep=0, index=5): <Trial 5 (5 in rep 0) data={'Block': 1, 'Stimuli_Type': 'LiterallyFalse', 'Stimuli': 'The forgotten item was purple mustard.', 'One_subsubj_two_subObj': 2, 'correct_answer': False, 'thisN': 5, 'thisTrialN': 5, 'thisRepN': 0}>
104.9023 	EXP 	StimuliText: autoDraw = False
104.9023 	EXP 	LeftResponseInstruction: autoDraw = False
104.9023 	EXP 	rightResponseInstruction: autoDraw = False
104.9023 	EXP 	responsefixationCrossDisplay: autoDraw = False
104.9023 	EXP 	responsefixationCrossDisplay: foreColor = <psychopy.colors.Color: black, alpha=1.0>
104.9023 	EXP 	StimuliText: height = np.float64(0.05)
104.9023 	EXP 	StimuliText: height = np.float64(0.05)
104.9023 	EXP 	StimuliText: height = np.float64(0.05)
104.9023 	EXP 	StimuliText: text = 'The forgotten item was purple mustard.'
104.9023 	EXP 	StimuliText: autoDraw = True
104.9023 	EXP 	LeftResponseInstruction: autoDraw = True
104.9023 	EXP 	rightResponseInstruction: autoDraw = True
104.9023 	EXP 	responsefixationCrossDisplay: autoDraw = True
104.9023 	EXP 	responsefixationCrossDisplay: autoDraw = False
104.9191 	EXP 	responsefixationCrossDisplay: autoDraw = False
104.9355 	EXP 	responsefixationCrossDisplay: autoDraw = True
104.9355 	EXP 	responsefixationCrossDisplay: autoDraw = False
104.9521 	EXP 	responsefixationCrossDisplay: autoDraw = False
104.9691 	EXP 	responsefixationCrossDisplay: autoDraw = True
104.9691 	EXP 	responsefixationCrossDisplay: autoDraw = False
104.9858 	EXP 	responsefixationCrossDisplay: autoDraw = False
105.0021 	EXP 	responsefixationCrossDisplay: autoDraw = True
105.0021 	EXP 	responsefixationCrossDisplay: autoDraw = False
105.0189 	EXP 	responsefixationCrossDisplay: autoDraw = False
105.0356 	EXP 	responsefixationCrossDisplay: autoDraw = True
105.0356 	EXP 	responsefixationCrossDisplay: autoDraw = False
105.0522 	EXP 	responsefixationCrossDisplay: autoDraw = False
105.0688 	EXP 	responsefixationCrossDisplay: autoDraw = True
105.0688 	EXP 	responsefixationCrossDisplay: autoDraw = False
105.0856 	EXP 	responsefixationCrossDisplay: autoDraw = False
105.1023 	EXP 	responsefixationCrossDisplay: autoDraw = True
105.1023 	EXP 	responsefixationCrossDisplay: autoDraw = False
105.1189 	EXP 	responsefixationCrossDisplay: autoDraw = False
105.1356 	EXP 	responsefixationCrossDisplay: autoDraw = True
105.1356 	EXP 	responsefixationCrossDisplay: autoDraw = False
105.1522 	EXP 	responsefixationCrossDisplay: autoDraw = False
105.1689 	EXP 	responsefixationCrossDisplay: autoDraw = True
105.1689 	EXP 	responsefixationCrossDisplay: autoDraw = False
105.1855 	EXP 	responsefixationCrossDisplay: autoDraw = False
105.2022 	EXP 	responsefixationCrossDisplay: autoDraw = True
105.2022 	EXP 	responsefixationCrossDisplay: autoDraw = False
105.2190 	EXP 	responsefixationCrossDisplay: autoDraw = False
105.2356 	EXP 	responsefixationCrossDisplay: autoDraw = True
105.2356 	EXP 	responsefixationCrossDisplay: autoDraw = False
105.2522 	EXP 	responsefixationCrossDisplay: autoDraw = False
105.2689 	EXP 	responsefixationCrossDisplay: autoDraw = True
105.2689 	EXP 	responsefixationCrossDisplay: autoDraw = False
105.2855 	EXP 	responsefixationCrossDisplay: autoDraw = False
105.3026 	EXP 	responsefixationCrossDisplay: autoDraw = True
105.3026 	EXP 	responsefixationCrossDisplay: autoDraw = False
105.3189 	EXP 	responsefixationCrossDisplay: autoDraw = False
105.3359 	EXP 	responsefixationCrossDisplay: autoDraw = True
105.3359 	EXP 	responsefixationCrossDisplay: autoDraw = False
105.3522 	EXP 	responsefixationCrossDisplay: autoDraw = False
105.3688 	EXP 	responsefixationCrossDisplay: autoDraw = True
105.3688 	EXP 	responsefixationCrossDisplay: autoDraw = False
105.3855 	EXP 	responsefixationCrossDisplay: autoDraw = False
105.4022 	EXP 	responsefixationCrossDisplay: autoDraw = True
105.4022 	EXP 	responsefixationCrossDisplay: autoDraw = False
105.4191 	EXP 	responsefixationCrossDisplay: autoDraw = False
105.4356 	EXP 	responsefixationCrossDisplay: autoDraw = True
105.4356 	EXP 	responsefixationCrossDisplay: autoDraw = False
105.4522 	EXP 	responsefixationCrossDisplay: autoDraw = False
105.4688 	EXP 	responsefixationCrossDisplay: autoDraw = True
105.4688 	EXP 	responsefixationCrossDisplay: autoDraw = False
105.4855 	EXP 	responsefixationCrossDisplay: autoDraw = False
105.5022 	EXP 	responsefixationCrossDisplay: autoDraw = True
105.5022 	EXP 	responsefixationCrossDisplay: autoDraw = False
105.5188 	EXP 	responsefixationCrossDisplay: autoDraw = False
105.5356 	EXP 	responsefixationCrossDisplay: autoDraw = True
105.5356 	EXP 	responsefixationCrossDisplay: autoDraw = False
105.5522 	EXP 	responsefixationCrossDisplay: autoDraw = False
105.5689 	EXP 	responsefixationCrossDisplay: autoDraw = True
105.5689 	EXP 	responsefixationCrossDisplay: autoDraw = False
105.5855 	EXP 	responsefixationCrossDisplay: autoDraw = False
105.6023 	EXP 	responsefixationCrossDisplay: autoDraw = True
105.6023 	EXP 	responsefixationCrossDisplay: autoDraw = False
105.6191 	EXP 	responsefixationCrossDisplay: autoDraw = False
105.6354 	EXP 	responsefixationCrossDisplay: autoDraw = True
105.6354 	EXP 	responsefixationCrossDisplay: autoDraw = False
105.6520 	EXP 	responsefixationCrossDisplay: autoDraw = False
105.6689 	EXP 	responsefixationCrossDisplay: autoDraw = True
105.6689 	EXP 	responsefixationCrossDisplay: autoDraw = False
105.6856 	EXP 	responsefixationCrossDisplay: autoDraw = False
105.7021 	EXP 	responsefixationCrossDisplay: autoDraw = True
105.7021 	EXP 	responsefixationCrossDisplay: autoDraw = False
105.7188 	EXP 	responsefixationCrossDisplay: autoDraw = False
105.7355 	EXP 	responsefixationCrossDisplay: autoDraw = True
105.7355 	EXP 	responsefixationCrossDisplay: autoDraw = False
105.7522 	EXP 	responsefixationCrossDisplay: autoDraw = False
105.7689 	EXP 	responsefixationCrossDisplay: autoDraw = True
105.7689 	EXP 	responsefixationCrossDisplay: autoDraw = False
105.7855 	EXP 	responsefixationCrossDisplay: autoDraw = False
105.8021 	EXP 	responsefixationCrossDisplay: autoDraw = True
105.8021 	EXP 	responsefixationCrossDisplay: autoDraw = False
105.8187 	EXP 	responsefixationCrossDisplay: autoDraw = False
105.8355 	EXP 	responsefixationCrossDisplay: autoDraw = True
105.8355 	EXP 	responsefixationCrossDisplay: autoDraw = False
105.8521 	EXP 	responsefixationCrossDisplay: autoDraw = False
105.8691 	EXP 	responsefixationCrossDisplay: autoDraw = True
105.8691 	EXP 	responsefixationCrossDisplay: autoDraw = False
105.8854 	EXP 	responsefixationCrossDisplay: autoDraw = False
105.9020 	EXP 	responsefixationCrossDisplay: autoDraw = True
105.9020 	EXP 	responsefixationCrossDisplay: autoDraw = False
105.9193 	EXP 	responsefixationCrossDisplay: autoDraw = False
105.9380 	EXP 	responsefixationCrossDisplay: autoDraw = True
105.9380 	EXP 	responsefixationCrossDisplay: autoDraw = False
105.9522 	EXP 	responsefixationCrossDisplay: autoDraw = False
105.9689 	EXP 	responsefixationCrossDisplay: autoDraw = True
105.9689 	EXP 	responsefixationCrossDisplay: autoDraw = False
105.9855 	EXP 	responsefixationCrossDisplay: autoDraw = False
106.0026 	EXP 	responsefixationCrossDisplay: autoDraw = True
106.0026 	EXP 	responsefixationCrossDisplay: autoDraw = False
106.0187 	EXP 	responsefixationCrossDisplay: autoDraw = False
106.0354 	EXP 	responsefixationCrossDisplay: autoDraw = True
106.0354 	EXP 	responsefixationCrossDisplay: autoDraw = False
106.0521 	EXP 	responsefixationCrossDisplay: autoDraw = False
106.0686 	EXP 	responsefixationCrossDisplay: autoDraw = True
106.0686 	EXP 	responsefixationCrossDisplay: autoDraw = False
106.0854 	EXP 	responsefixationCrossDisplay: autoDraw = False
106.1020 	EXP 	responsefixationCrossDisplay: autoDraw = True
106.1020 	EXP 	responsefixationCrossDisplay: autoDraw = False
106.1187 	EXP 	responsefixationCrossDisplay: autoDraw = False
106.1356 	EXP 	responsefixationCrossDisplay: autoDraw = True
106.1356 	EXP 	responsefixationCrossDisplay: autoDraw = False
106.1521 	EXP 	responsefixationCrossDisplay: autoDraw = False
106.1710 	EXP 	responsefixationCrossDisplay: autoDraw = True
106.1710 	EXP 	responsefixationCrossDisplay: autoDraw = False
106.1853 	EXP 	responsefixationCrossDisplay: autoDraw = False
106.2021 	EXP 	responsefixationCrossDisplay: autoDraw = True
106.2021 	EXP 	responsefixationCrossDisplay: autoDraw = False
106.2192 	EXP 	responsefixationCrossDisplay: autoDraw = False
106.2356 	EXP 	responsefixationCrossDisplay: autoDraw = True
106.2356 	EXP 	responsefixationCrossDisplay: autoDraw = False
106.2523 	EXP 	responsefixationCrossDisplay: autoDraw = False
106.2686 	EXP 	responsefixationCrossDisplay: autoDraw = True
106.2686 	EXP 	responsefixationCrossDisplay: autoDraw = False
106.2854 	EXP 	responsefixationCrossDisplay: autoDraw = False
106.3021 	EXP 	responsefixationCrossDisplay: autoDraw = True
106.3021 	EXP 	responsefixationCrossDisplay: autoDraw = False
106.3188 	EXP 	responsefixationCrossDisplay: autoDraw = False
106.3354 	EXP 	responsefixationCrossDisplay: autoDraw = True
106.3354 	EXP 	responsefixationCrossDisplay: autoDraw = False
106.3521 	EXP 	responsefixationCrossDisplay: autoDraw = False
106.3687 	EXP 	responsefixationCrossDisplay: autoDraw = True
106.3687 	EXP 	responsefixationCrossDisplay: autoDraw = False
106.3854 	EXP 	responsefixationCrossDisplay: autoDraw = False
106.4021 	EXP 	responsefixationCrossDisplay: autoDraw = True
106.4021 	EXP 	responsefixationCrossDisplay: autoDraw = False
106.4187 	EXP 	responsefixationCrossDisplay: autoDraw = False
106.4354 	EXP 	responsefixationCrossDisplay: autoDraw = True
106.4354 	EXP 	responsefixationCrossDisplay: autoDraw = False
106.4521 	EXP 	responsefixationCrossDisplay: autoDraw = False
106.4688 	EXP 	responsefixationCrossDisplay: autoDraw = True
106.4688 	EXP 	responsefixationCrossDisplay: autoDraw = False
106.4853 	EXP 	responsefixationCrossDisplay: autoDraw = False
106.5020 	EXP 	responsefixationCrossDisplay: autoDraw = True
106.5020 	EXP 	responsefixationCrossDisplay: autoDraw = False
106.5187 	EXP 	responsefixationCrossDisplay: autoDraw = False
106.5354 	EXP 	responsefixationCrossDisplay: autoDraw = True
106.5354 	EXP 	responsefixationCrossDisplay: autoDraw = False
106.5521 	EXP 	responsefixationCrossDisplay: autoDraw = False
106.5686 	EXP 	responsefixationCrossDisplay: autoDraw = True
106.5686 	EXP 	responsefixationCrossDisplay: autoDraw = False
106.5854 	EXP 	responsefixationCrossDisplay: autoDraw = False
106.6020 	EXP 	responsefixationCrossDisplay: autoDraw = True
106.6020 	EXP 	responsefixationCrossDisplay: autoDraw = False
106.6186 	EXP 	responsefixationCrossDisplay: autoDraw = False
106.6355 	EXP 	responsefixationCrossDisplay: autoDraw = True
106.6355 	EXP 	responsefixationCrossDisplay: autoDraw = False
106.6519 	EXP 	responsefixationCrossDisplay: autoDraw = False
106.6686 	EXP 	responsefixationCrossDisplay: autoDraw = True
106.6686 	EXP 	responsefixationCrossDisplay: autoDraw = False
106.6853 	EXP 	responsefixationCrossDisplay: autoDraw = False
106.7020 	EXP 	responsefixationCrossDisplay: autoDraw = True
106.7020 	EXP 	responsefixationCrossDisplay: autoDraw = False
106.7186 	EXP 	responsefixationCrossDisplay: autoDraw = False
106.7352 	EXP 	responsefixationCrossDisplay: autoDraw = True
106.7352 	EXP 	responsefixationCrossDisplay: autoDraw = False
106.7520 	EXP 	responsefixationCrossDisplay: autoDraw = False
106.7687 	EXP 	responsefixationCrossDisplay: autoDraw = True
106.7687 	EXP 	responsefixationCrossDisplay: autoDraw = False
106.7854 	EXP 	responsefixationCrossDisplay: autoDraw = False
106.8019 	EXP 	responsefixationCrossDisplay: autoDraw = True
106.8019 	EXP 	responsefixationCrossDisplay: autoDraw = False
106.8186 	EXP 	responsefixationCrossDisplay: autoDraw = False
106.8354 	EXP 	responsefixationCrossDisplay: autoDraw = True
106.8354 	EXP 	responsefixationCrossDisplay: autoDraw = False
106.8521 	EXP 	responsefixationCrossDisplay: autoDraw = False
106.8686 	EXP 	responsefixationCrossDisplay: autoDraw = True
106.8686 	EXP 	responsefixationCrossDisplay: autoDraw = False
106.8857 	EXP 	responsefixationCrossDisplay: autoDraw = False
106.8887 	DATA 	Mouse: Right button down, pos=(231,215)
106.9020 	EXP 	responsefixationCrossDisplay: autoDraw = True
106.9020 	EXP 	responsefixationCrossDisplay: autoDraw = False
106.9020 	EXP 	StimuliText: autoDraw = False
106.9020 	EXP 	responsefixationCrossDisplay: autoDraw = True
106.9020 	EXP 	responsefixationCrossDisplay: foreColor = <psychopy.colors.Color: purple, alpha=1.0>
107.0906 	DATA 	Mouse:  Right button up, pos=(231,215)
109.3879 	EXP 	New trial (rep=0, index=6): <Trial 6 (6 in rep 0) data={'Block': 1, 'Stimuli_Type': 'LiterallyTrue', 'Stimuli': 'The response was a shocked gasp.', 'One_subsubj_two_subObj': 'no_change', 'correct_answer': True, 'thisN': 6, 'thisTrialN': 6, 'thisRepN': 0}>
109.4018 	EXP 	StimuliText: autoDraw = False
109.4018 	EXP 	LeftResponseInstruction: autoDraw = False
109.4018 	EXP 	rightResponseInstruction: autoDraw = False
109.4018 	EXP 	responsefixationCrossDisplay: autoDraw = False
109.4018 	EXP 	responsefixationCrossDisplay: foreColor = <psychopy.colors.Color: black, alpha=1.0>
109.4018 	EXP 	StimuliText: height = np.float64(0.05)
109.4018 	EXP 	StimuliText: height = np.float64(0.05)
109.4018 	EXP 	StimuliText: height = np.float64(0.05)
109.4018 	EXP 	StimuliText: text = 'The response was a shocked gasp.'
109.4018 	EXP 	StimuliText: autoDraw = True
109.4018 	EXP 	LeftResponseInstruction: autoDraw = True
109.4018 	EXP 	rightResponseInstruction: autoDraw = True
109.4018 	EXP 	responsefixationCrossDisplay: autoDraw = True
109.4018 	EXP 	responsefixationCrossDisplay: autoDraw = False
109.4183 	EXP 	responsefixationCrossDisplay: autoDraw = False
109.4349 	EXP 	responsefixationCrossDisplay: autoDraw = True
109.4349 	EXP 	responsefixationCrossDisplay: autoDraw = False
109.4517 	EXP 	responsefixationCrossDisplay: autoDraw = False
109.4682 	EXP 	responsefixationCrossDisplay: autoDraw = True
109.4682 	EXP 	responsefixationCrossDisplay: autoDraw = False
109.4849 	EXP 	responsefixationCrossDisplay: autoDraw = False
109.5015 	EXP 	responsefixationCrossDisplay: autoDraw = True
109.5015 	EXP 	responsefixationCrossDisplay: autoDraw = False
109.5182 	EXP 	responsefixationCrossDisplay: autoDraw = False
109.5349 	EXP 	responsefixationCrossDisplay: autoDraw = True
109.5349 	EXP 	responsefixationCrossDisplay: autoDraw = False
109.5515 	EXP 	responsefixationCrossDisplay: autoDraw = False
109.5682 	EXP 	responsefixationCrossDisplay: autoDraw = True
109.5682 	EXP 	responsefixationCrossDisplay: autoDraw = False
109.5849 	EXP 	responsefixationCrossDisplay: autoDraw = False
109.6016 	EXP 	responsefixationCrossDisplay: autoDraw = True
109.6016 	EXP 	responsefixationCrossDisplay: autoDraw = False
109.6181 	EXP 	responsefixationCrossDisplay: autoDraw = False
109.6349 	EXP 	responsefixationCrossDisplay: autoDraw = True
109.6349 	EXP 	responsefixationCrossDisplay: autoDraw = False
109.6514 	EXP 	responsefixationCrossDisplay: autoDraw = False
109.6683 	EXP 	responsefixationCrossDisplay: autoDraw = True
109.6683 	EXP 	responsefixationCrossDisplay: autoDraw = False
109.6847 	EXP 	responsefixationCrossDisplay: autoDraw = False
109.7019 	EXP 	responsefixationCrossDisplay: autoDraw = True
109.7019 	EXP 	responsefixationCrossDisplay: autoDraw = False
109.7182 	EXP 	responsefixationCrossDisplay: autoDraw = False
109.7351 	EXP 	responsefixationCrossDisplay: autoDraw = True
109.7351 	EXP 	responsefixationCrossDisplay: autoDraw = False
109.7514 	EXP 	responsefixationCrossDisplay: autoDraw = False
109.7684 	EXP 	responsefixationCrossDisplay: autoDraw = True
109.7684 	EXP 	responsefixationCrossDisplay: autoDraw = False
109.7847 	EXP 	responsefixationCrossDisplay: autoDraw = False
109.8014 	EXP 	responsefixationCrossDisplay: autoDraw = True
109.8014 	EXP 	responsefixationCrossDisplay: autoDraw = False
109.8181 	EXP 	responsefixationCrossDisplay: autoDraw = False
109.8347 	EXP 	responsefixationCrossDisplay: autoDraw = True
109.8347 	EXP 	responsefixationCrossDisplay: autoDraw = False
109.8514 	EXP 	responsefixationCrossDisplay: autoDraw = False
109.8681 	EXP 	responsefixationCrossDisplay: autoDraw = True
109.8681 	EXP 	responsefixationCrossDisplay: autoDraw = False
109.8846 	EXP 	responsefixationCrossDisplay: autoDraw = False
109.9024 	EXP 	responsefixationCrossDisplay: autoDraw = True
109.9024 	EXP 	responsefixationCrossDisplay: autoDraw = False
109.9180 	EXP 	responsefixationCrossDisplay: autoDraw = False
109.9348 	EXP 	responsefixationCrossDisplay: autoDraw = True
109.9348 	EXP 	responsefixationCrossDisplay: autoDraw = False
109.9514 	EXP 	responsefixationCrossDisplay: autoDraw = False
109.9682 	EXP 	responsefixationCrossDisplay: autoDraw = True
109.9682 	EXP 	responsefixationCrossDisplay: autoDraw = False
109.9849 	EXP 	responsefixationCrossDisplay: autoDraw = False
110.0016 	EXP 	responsefixationCrossDisplay: autoDraw = True
110.0016 	EXP 	responsefixationCrossDisplay: autoDraw = False
110.0180 	EXP 	responsefixationCrossDisplay: autoDraw = False
110.0347 	EXP 	responsefixationCrossDisplay: autoDraw = True
110.0347 	EXP 	responsefixationCrossDisplay: autoDraw = False
110.0515 	EXP 	responsefixationCrossDisplay: autoDraw = False
110.0682 	EXP 	responsefixationCrossDisplay: autoDraw = True
110.0682 	EXP 	responsefixationCrossDisplay: autoDraw = False
110.0850 	EXP 	responsefixationCrossDisplay: autoDraw = False
110.1013 	EXP 	responsefixationCrossDisplay: autoDraw = True
110.1013 	EXP 	responsefixationCrossDisplay: autoDraw = False
110.1181 	EXP 	responsefixationCrossDisplay: autoDraw = False
110.1347 	EXP 	responsefixationCrossDisplay: autoDraw = True
110.1347 	EXP 	responsefixationCrossDisplay: autoDraw = False
110.1514 	EXP 	responsefixationCrossDisplay: autoDraw = False
110.1681 	EXP 	responsefixationCrossDisplay: autoDraw = True
110.1681 	EXP 	responsefixationCrossDisplay: autoDraw = False
110.1848 	EXP 	responsefixationCrossDisplay: autoDraw = False
110.2014 	EXP 	responsefixationCrossDisplay: autoDraw = True
110.2014 	EXP 	responsefixationCrossDisplay: autoDraw = False
110.2180 	EXP 	responsefixationCrossDisplay: autoDraw = False
110.2347 	EXP 	responsefixationCrossDisplay: autoDraw = True
110.2347 	EXP 	responsefixationCrossDisplay: autoDraw = False
110.2514 	EXP 	responsefixationCrossDisplay: autoDraw = False
110.2680 	EXP 	responsefixationCrossDisplay: autoDraw = True
110.2680 	EXP 	responsefixationCrossDisplay: autoDraw = False
110.2847 	EXP 	responsefixationCrossDisplay: autoDraw = False
110.3013 	EXP 	responsefixationCrossDisplay: autoDraw = True
110.3013 	EXP 	responsefixationCrossDisplay: autoDraw = False
110.3183 	EXP 	responsefixationCrossDisplay: autoDraw = False
110.3347 	EXP 	responsefixationCrossDisplay: autoDraw = True
110.3347 	EXP 	responsefixationCrossDisplay: autoDraw = False
110.3514 	EXP 	responsefixationCrossDisplay: autoDraw = False
110.3680 	EXP 	responsefixationCrossDisplay: autoDraw = True
110.3680 	EXP 	responsefixationCrossDisplay: autoDraw = False
110.3848 	EXP 	responsefixationCrossDisplay: autoDraw = False
110.4013 	EXP 	responsefixationCrossDisplay: autoDraw = True
110.4013 	EXP 	responsefixationCrossDisplay: autoDraw = False
110.4180 	EXP 	responsefixationCrossDisplay: autoDraw = False
110.4348 	EXP 	responsefixationCrossDisplay: autoDraw = True
110.4348 	EXP 	responsefixationCrossDisplay: autoDraw = False
110.4514 	EXP 	responsefixationCrossDisplay: autoDraw = False
110.4681 	EXP 	responsefixationCrossDisplay: autoDraw = True
110.4681 	EXP 	responsefixationCrossDisplay: autoDraw = False
110.4846 	EXP 	responsefixationCrossDisplay: autoDraw = False
110.5015 	EXP 	responsefixationCrossDisplay: autoDraw = True
110.5015 	EXP 	responsefixationCrossDisplay: autoDraw = False
110.5180 	EXP 	responsefixationCrossDisplay: autoDraw = False
110.5346 	EXP 	responsefixationCrossDisplay: autoDraw = True
110.5346 	EXP 	responsefixationCrossDisplay: autoDraw = False
110.5515 	EXP 	responsefixationCrossDisplay: autoDraw = False
110.5679 	EXP 	responsefixationCrossDisplay: autoDraw = True
110.5679 	EXP 	responsefixationCrossDisplay: autoDraw = False
110.5847 	EXP 	responsefixationCrossDisplay: autoDraw = False
110.6013 	EXP 	responsefixationCrossDisplay: autoDraw = True
110.6013 	EXP 	responsefixationCrossDisplay: autoDraw = False
110.6183 	EXP 	responsefixationCrossDisplay: autoDraw = False
110.6349 	EXP 	responsefixationCrossDisplay: autoDraw = True
110.6349 	EXP 	responsefixationCrossDisplay: autoDraw = False
110.6517 	EXP 	responsefixationCrossDisplay: autoDraw = False
110.6702 	EXP 	responsefixationCrossDisplay: autoDraw = True
110.6702 	EXP 	responsefixationCrossDisplay: autoDraw = False
110.6849 	EXP 	responsefixationCrossDisplay: autoDraw = False
110.7014 	EXP 	responsefixationCrossDisplay: autoDraw = True
110.7014 	EXP 	responsefixationCrossDisplay: autoDraw = False
110.7180 	EXP 	responsefixationCrossDisplay: autoDraw = False
110.7347 	EXP 	responsefixationCrossDisplay: autoDraw = True
110.7347 	EXP 	responsefixationCrossDisplay: autoDraw = False
110.7514 	EXP 	responsefixationCrossDisplay: autoDraw = False
110.7680 	EXP 	responsefixationCrossDisplay: autoDraw = True
110.7680 	EXP 	responsefixationCrossDisplay: autoDraw = False
110.7847 	EXP 	responsefixationCrossDisplay: autoDraw = False
110.8014 	EXP 	responsefixationCrossDisplay: autoDraw = True
110.8014 	EXP 	responsefixationCrossDisplay: autoDraw = False
110.8180 	EXP 	responsefixationCrossDisplay: autoDraw = False
110.8347 	EXP 	responsefixationCrossDisplay: autoDraw = True
110.8347 	EXP 	responsefixationCrossDisplay: autoDraw = False
110.8513 	EXP 	responsefixationCrossDisplay: autoDraw = False
110.8680 	EXP 	responsefixationCrossDisplay: autoDraw = True
110.8680 	EXP 	responsefixationCrossDisplay: autoDraw = False
110.8847 	EXP 	responsefixationCrossDisplay: autoDraw = False
110.9014 	EXP 	responsefixationCrossDisplay: autoDraw = True
110.9014 	EXP 	responsefixationCrossDisplay: autoDraw = False
110.9181 	EXP 	responsefixationCrossDisplay: autoDraw = False
110.9347 	EXP 	responsefixationCrossDisplay: autoDraw = True
110.9347 	EXP 	responsefixationCrossDisplay: autoDraw = False
110.9513 	EXP 	responsefixationCrossDisplay: autoDraw = False
110.9681 	EXP 	responsefixationCrossDisplay: autoDraw = True
110.9681 	EXP 	responsefixationCrossDisplay: autoDraw = False
110.9846 	EXP 	responsefixationCrossDisplay: autoDraw = False
111.0014 	EXP 	responsefixationCrossDisplay: autoDraw = True
111.0014 	EXP 	responsefixationCrossDisplay: autoDraw = False
111.0179 	EXP 	responsefixationCrossDisplay: autoDraw = False
111.0347 	EXP 	responsefixationCrossDisplay: autoDraw = True
111.0347 	EXP 	responsefixationCrossDisplay: autoDraw = False
111.0512 	EXP 	responsefixationCrossDisplay: autoDraw = False
111.0679 	EXP 	responsefixationCrossDisplay: autoDraw = True
111.0679 	EXP 	responsefixationCrossDisplay: autoDraw = False
111.0847 	EXP 	responsefixationCrossDisplay: autoDraw = False
111.1015 	EXP 	responsefixationCrossDisplay: autoDraw = True
111.1015 	EXP 	responsefixationCrossDisplay: autoDraw = False
111.1180 	EXP 	responsefixationCrossDisplay: autoDraw = False
111.1347 	EXP 	responsefixationCrossDisplay: autoDraw = True
111.1347 	EXP 	responsefixationCrossDisplay: autoDraw = False
111.1513 	EXP 	responsefixationCrossDisplay: autoDraw = False
111.1680 	EXP 	responsefixationCrossDisplay: autoDraw = True
111.1680 	EXP 	responsefixationCrossDisplay: autoDraw = False
111.1846 	EXP 	responsefixationCrossDisplay: autoDraw = False
111.2013 	EXP 	responsefixationCrossDisplay: autoDraw = True
111.2013 	EXP 	responsefixationCrossDisplay: autoDraw = False
111.2179 	EXP 	responsefixationCrossDisplay: autoDraw = False
111.2346 	EXP 	responsefixationCrossDisplay: autoDraw = True
111.2346 	EXP 	responsefixationCrossDisplay: autoDraw = False
111.2514 	EXP 	responsefixationCrossDisplay: autoDraw = False
111.2680 	EXP 	responsefixationCrossDisplay: autoDraw = True
111.2680 	EXP 	responsefixationCrossDisplay: autoDraw = False
111.2847 	EXP 	responsefixationCrossDisplay: autoDraw = False
111.2884 	DATA 	Mouse: Right button down, pos=(231,215)
111.3013 	EXP 	responsefixationCrossDisplay: autoDraw = True
111.3013 	EXP 	responsefixationCrossDisplay: autoDraw = False
111.3180 	EXP 	responsefixationCrossDisplay: autoDraw = False
111.3180 	EXP 	StimuliText: autoDraw = False
111.3180 	EXP 	responsefixationCrossDisplay: autoDraw = True
111.3180 	EXP 	responsefixationCrossDisplay: foreColor = <psychopy.colors.Color: purple, alpha=1.0>
111.4560 	DATA 	Mouse:  Right button up, pos=(231,215)
113.8871 	EXP 	New trial (rep=0, index=7): <Trial 7 (7 in rep 0) data={'Block': 1, 'Stimuli_Type': 'LiterallyTrue', 'Stimuli': "The panther's approach was a creep.", 'One_subsubj_two_subObj': 'no_change', 'correct_answer': True, 'thisN': 7, 'thisTrialN': 7, 'thisRepN': 0}>
113.9009 	EXP 	StimuliText: autoDraw = False
113.9009 	EXP 	LeftResponseInstruction: autoDraw = False
113.9009 	EXP 	rightResponseInstruction: autoDraw = False
113.9009 	EXP 	responsefixationCrossDisplay: autoDraw = False
113.9009 	EXP 	responsefixationCrossDisplay: foreColor = <psychopy.colors.Color: black, alpha=1.0>
113.9009 	EXP 	StimuliText: height = np.float64(0.05)
113.9009 	EXP 	StimuliText: height = np.float64(0.05)
113.9009 	EXP 	StimuliText: height = np.float64(0.05)
113.9009 	EXP 	StimuliText: text = "The panther's approach was a creep."
113.9009 	EXP 	StimuliText: autoDraw = True
113.9009 	EXP 	LeftResponseInstruction: autoDraw = True
113.9009 	EXP 	rightResponseInstruction: autoDraw = True
113.9009 	EXP 	responsefixationCrossDisplay: autoDraw = True
113.9009 	EXP 	responsefixationCrossDisplay: autoDraw = False
113.9175 	EXP 	responsefixationCrossDisplay: autoDraw = False
113.9342 	EXP 	responsefixationCrossDisplay: autoDraw = True
113.9342 	EXP 	responsefixationCrossDisplay: autoDraw = False
113.9508 	EXP 	responsefixationCrossDisplay: autoDraw = False
113.9675 	EXP 	responsefixationCrossDisplay: autoDraw = True
113.9675 	EXP 	responsefixationCrossDisplay: autoDraw = False
113.9842 	EXP 	responsefixationCrossDisplay: autoDraw = False
114.0007 	EXP 	responsefixationCrossDisplay: autoDraw = True
114.0007 	EXP 	responsefixationCrossDisplay: autoDraw = False
114.0174 	EXP 	responsefixationCrossDisplay: autoDraw = False
114.0340 	EXP 	responsefixationCrossDisplay: autoDraw = True
114.0340 	EXP 	responsefixationCrossDisplay: autoDraw = False
114.0507 	EXP 	responsefixationCrossDisplay: autoDraw = False
114.0674 	EXP 	responsefixationCrossDisplay: autoDraw = True
114.0674 	EXP 	responsefixationCrossDisplay: autoDraw = False
114.0841 	EXP 	responsefixationCrossDisplay: autoDraw = False
114.1009 	EXP 	responsefixationCrossDisplay: autoDraw = True
114.1009 	EXP 	responsefixationCrossDisplay: autoDraw = False
114.1175 	EXP 	responsefixationCrossDisplay: autoDraw = False
114.1343 	EXP 	responsefixationCrossDisplay: autoDraw = True
114.1343 	EXP 	responsefixationCrossDisplay: autoDraw = False
114.1507 	EXP 	responsefixationCrossDisplay: autoDraw = False
114.1674 	EXP 	responsefixationCrossDisplay: autoDraw = True
114.1674 	EXP 	responsefixationCrossDisplay: autoDraw = False
114.1840 	EXP 	responsefixationCrossDisplay: autoDraw = False
114.2007 	EXP 	responsefixationCrossDisplay: autoDraw = True
114.2007 	EXP 	responsefixationCrossDisplay: autoDraw = False
114.2174 	EXP 	responsefixationCrossDisplay: autoDraw = False
114.2340 	EXP 	responsefixationCrossDisplay: autoDraw = True
114.2340 	EXP 	responsefixationCrossDisplay: autoDraw = False
114.2507 	EXP 	responsefixationCrossDisplay: autoDraw = False
114.2674 	EXP 	responsefixationCrossDisplay: autoDraw = True
114.2674 	EXP 	responsefixationCrossDisplay: autoDraw = False
114.2840 	EXP 	responsefixationCrossDisplay: autoDraw = False
114.3007 	EXP 	responsefixationCrossDisplay: autoDraw = True
114.3007 	EXP 	responsefixationCrossDisplay: autoDraw = False
114.3174 	EXP 	responsefixationCrossDisplay: autoDraw = False
114.3341 	EXP 	responsefixationCrossDisplay: autoDraw = True
114.3341 	EXP 	responsefixationCrossDisplay: autoDraw = False
114.3507 	EXP 	responsefixationCrossDisplay: autoDraw = False
114.3675 	EXP 	responsefixationCrossDisplay: autoDraw = True
114.3675 	EXP 	responsefixationCrossDisplay: autoDraw = False
114.3841 	EXP 	responsefixationCrossDisplay: autoDraw = False
114.4006 	EXP 	responsefixationCrossDisplay: autoDraw = True
114.4006 	EXP 	responsefixationCrossDisplay: autoDraw = False
114.4174 	EXP 	responsefixationCrossDisplay: autoDraw = False
114.4340 	EXP 	responsefixationCrossDisplay: autoDraw = True
114.4340 	EXP 	responsefixationCrossDisplay: autoDraw = False
114.4506 	EXP 	responsefixationCrossDisplay: autoDraw = False
114.4673 	EXP 	responsefixationCrossDisplay: autoDraw = True
114.4673 	EXP 	responsefixationCrossDisplay: autoDraw = False
114.4845 	EXP 	responsefixationCrossDisplay: autoDraw = False
114.5006 	EXP 	responsefixationCrossDisplay: autoDraw = True
114.5006 	EXP 	responsefixationCrossDisplay: autoDraw = False
114.5173 	EXP 	responsefixationCrossDisplay: autoDraw = False
114.5340 	EXP 	responsefixationCrossDisplay: autoDraw = True
114.5340 	EXP 	responsefixationCrossDisplay: autoDraw = False
114.5507 	EXP 	responsefixationCrossDisplay: autoDraw = False
114.5673 	EXP 	responsefixationCrossDisplay: autoDraw = True
114.5673 	EXP 	responsefixationCrossDisplay: autoDraw = False
114.5840 	EXP 	responsefixationCrossDisplay: autoDraw = False
114.6007 	EXP 	responsefixationCrossDisplay: autoDraw = True
114.6007 	EXP 	responsefixationCrossDisplay: autoDraw = False
114.6174 	EXP 	responsefixationCrossDisplay: autoDraw = False
114.6341 	EXP 	responsefixationCrossDisplay: autoDraw = True
114.6341 	EXP 	responsefixationCrossDisplay: autoDraw = False
114.6507 	EXP 	responsefixationCrossDisplay: autoDraw = False
114.6675 	EXP 	responsefixationCrossDisplay: autoDraw = True
114.6675 	EXP 	responsefixationCrossDisplay: autoDraw = False
114.6841 	EXP 	responsefixationCrossDisplay: autoDraw = False
114.7028 	EXP 	responsefixationCrossDisplay: autoDraw = True
114.7028 	EXP 	responsefixationCrossDisplay: autoDraw = False
114.7177 	EXP 	responsefixationCrossDisplay: autoDraw = False
114.7340 	EXP 	responsefixationCrossDisplay: autoDraw = True
114.7340 	EXP 	responsefixationCrossDisplay: autoDraw = False
114.7517 	EXP 	responsefixationCrossDisplay: autoDraw = False
114.7673 	EXP 	responsefixationCrossDisplay: autoDraw = True
114.7673 	EXP 	responsefixationCrossDisplay: autoDraw = False
114.7841 	EXP 	responsefixationCrossDisplay: autoDraw = False
114.8007 	EXP 	responsefixationCrossDisplay: autoDraw = True
114.8007 	EXP 	responsefixationCrossDisplay: autoDraw = False
114.8173 	EXP 	responsefixationCrossDisplay: autoDraw = False
114.8340 	EXP 	responsefixationCrossDisplay: autoDraw = True
114.8340 	EXP 	responsefixationCrossDisplay: autoDraw = False
114.8506 	EXP 	responsefixationCrossDisplay: autoDraw = False
114.8673 	EXP 	responsefixationCrossDisplay: autoDraw = True
114.8673 	EXP 	responsefixationCrossDisplay: autoDraw = False
114.8840 	EXP 	responsefixationCrossDisplay: autoDraw = False
114.9006 	EXP 	responsefixationCrossDisplay: autoDraw = True
114.9006 	EXP 	responsefixationCrossDisplay: autoDraw = False
114.9173 	EXP 	responsefixationCrossDisplay: autoDraw = False
114.9339 	EXP 	responsefixationCrossDisplay: autoDraw = True
114.9339 	EXP 	responsefixationCrossDisplay: autoDraw = False
114.9506 	EXP 	responsefixationCrossDisplay: autoDraw = False
114.9672 	EXP 	responsefixationCrossDisplay: autoDraw = True
114.9672 	EXP 	responsefixationCrossDisplay: autoDraw = False
114.9839 	EXP 	responsefixationCrossDisplay: autoDraw = False
115.0007 	EXP 	responsefixationCrossDisplay: autoDraw = True
115.0007 	EXP 	responsefixationCrossDisplay: autoDraw = False
115.0174 	EXP 	responsefixationCrossDisplay: autoDraw = False
115.0339 	EXP 	responsefixationCrossDisplay: autoDraw = True
115.0339 	EXP 	responsefixationCrossDisplay: autoDraw = False
115.0506 	EXP 	responsefixationCrossDisplay: autoDraw = False
115.0673 	EXP 	responsefixationCrossDisplay: autoDraw = True
115.0673 	EXP 	responsefixationCrossDisplay: autoDraw = False
115.0839 	EXP 	responsefixationCrossDisplay: autoDraw = False
115.1006 	EXP 	responsefixationCrossDisplay: autoDraw = True
115.1006 	EXP 	responsefixationCrossDisplay: autoDraw = False
115.1173 	EXP 	responsefixationCrossDisplay: autoDraw = False
115.1339 	EXP 	responsefixationCrossDisplay: autoDraw = True
115.1339 	EXP 	responsefixationCrossDisplay: autoDraw = False
115.1506 	EXP 	responsefixationCrossDisplay: autoDraw = False
115.1672 	EXP 	responsefixationCrossDisplay: autoDraw = True
115.1672 	EXP 	responsefixationCrossDisplay: autoDraw = False
115.1839 	EXP 	responsefixationCrossDisplay: autoDraw = False
115.2006 	EXP 	responsefixationCrossDisplay: autoDraw = True
115.2006 	EXP 	responsefixationCrossDisplay: autoDraw = False
115.2172 	EXP 	responsefixationCrossDisplay: autoDraw = False
115.2339 	EXP 	responsefixationCrossDisplay: autoDraw = True
115.2339 	EXP 	responsefixationCrossDisplay: autoDraw = False
115.2506 	EXP 	responsefixationCrossDisplay: autoDraw = False
115.2673 	EXP 	responsefixationCrossDisplay: autoDraw = True
115.2673 	EXP 	responsefixationCrossDisplay: autoDraw = False
115.2839 	EXP 	responsefixationCrossDisplay: autoDraw = False
115.3006 	EXP 	responsefixationCrossDisplay: autoDraw = True
115.3006 	EXP 	responsefixationCrossDisplay: autoDraw = False
115.3174 	EXP 	responsefixationCrossDisplay: autoDraw = False
115.3339 	EXP 	responsefixationCrossDisplay: autoDraw = True
115.3339 	EXP 	responsefixationCrossDisplay: autoDraw = False
115.3506 	EXP 	responsefixationCrossDisplay: autoDraw = False
115.3672 	EXP 	responsefixationCrossDisplay: autoDraw = True
115.3672 	EXP 	responsefixationCrossDisplay: autoDraw = False
115.3838 	EXP 	responsefixationCrossDisplay: autoDraw = False
115.4006 	EXP 	responsefixationCrossDisplay: autoDraw = True
115.4006 	EXP 	responsefixationCrossDisplay: autoDraw = False
115.4173 	EXP 	responsefixationCrossDisplay: autoDraw = False
115.4339 	EXP 	responsefixationCrossDisplay: autoDraw = True
115.4339 	EXP 	responsefixationCrossDisplay: autoDraw = False
115.4508 	EXP 	responsefixationCrossDisplay: autoDraw = False
115.4672 	EXP 	responsefixationCrossDisplay: autoDraw = True
115.4672 	EXP 	responsefixationCrossDisplay: autoDraw = False
115.4839 	EXP 	responsefixationCrossDisplay: autoDraw = False
115.5009 	EXP 	responsefixationCrossDisplay: autoDraw = True
115.5009 	EXP 	responsefixationCrossDisplay: autoDraw = False
115.5172 	EXP 	responsefixationCrossDisplay: autoDraw = False
115.5339 	EXP 	responsefixationCrossDisplay: autoDraw = True
115.5339 	EXP 	responsefixationCrossDisplay: autoDraw = False
115.5505 	EXP 	responsefixationCrossDisplay: autoDraw = False
115.5673 	EXP 	responsefixationCrossDisplay: autoDraw = True
115.5673 	EXP 	responsefixationCrossDisplay: autoDraw = False
115.5842 	EXP 	responsefixationCrossDisplay: autoDraw = False
115.6007 	EXP 	responsefixationCrossDisplay: autoDraw = True
115.6007 	EXP 	responsefixationCrossDisplay: autoDraw = False
115.6172 	EXP 	responsefixationCrossDisplay: autoDraw = False
115.6339 	EXP 	responsefixationCrossDisplay: autoDraw = True
115.6339 	EXP 	responsefixationCrossDisplay: autoDraw = False
115.6509 	EXP 	responsefixationCrossDisplay: autoDraw = False
115.6539 	DATA 	Mouse: Left button down, pos=(231,215)
115.6672 	EXP 	responsefixationCrossDisplay: autoDraw = True
115.6672 	EXP 	responsefixationCrossDisplay: autoDraw = False
115.6672 	EXP 	StimuliText: autoDraw = False
115.6672 	EXP 	responsefixationCrossDisplay: autoDraw = True
115.6672 	EXP 	responsefixationCrossDisplay: foreColor = <psychopy.colors.Color: purple, alpha=1.0>
115.7383 	DATA 	Mouse:  Left button up, pos=(231,215)
118.3867 	EXP 	New trial (rep=0, index=8): <Trial 8 (8 in rep 0) data={'Block': 1, 'Stimuli_Type': 'Metaphors', 'Stimuli': 'The summer vacation was a whirlwind.', 'One_subsubj_two_subObj': 'no_change', 'correct_answer': False, 'thisN': 8, 'thisTrialN': 8, 'thisRepN': 0}>
118.4001 	EXP 	StimuliText: autoDraw = False
118.4001 	EXP 	LeftResponseInstruction: autoDraw = False
118.4001 	EXP 	rightResponseInstruction: autoDraw = False
118.4001 	EXP 	responsefixationCrossDisplay: autoDraw = False
118.4001 	EXP 	responsefixationCrossDisplay: foreColor = <psychopy.colors.Color: black, alpha=1.0>
118.4001 	EXP 	StimuliText: height = np.float64(0.05)
118.4001 	EXP 	StimuliText: height = np.float64(0.05)
118.4001 	EXP 	StimuliText: height = np.float64(0.05)
118.4001 	EXP 	StimuliText: text = 'The summer vacation was a whirlwind.'
118.4001 	EXP 	StimuliText: autoDraw = True
118.4001 	EXP 	LeftResponseInstruction: autoDraw = True
118.4001 	EXP 	rightResponseInstruction: autoDraw = True
118.4001 	EXP 	responsefixationCrossDisplay: autoDraw = True
118.4001 	EXP 	responsefixationCrossDisplay: autoDraw = False
118.4170 	EXP 	responsefixationCrossDisplay: autoDraw = False
118.4336 	EXP 	responsefixationCrossDisplay: autoDraw = True
118.4336 	EXP 	responsefixationCrossDisplay: autoDraw = False
118.4501 	EXP 	responsefixationCrossDisplay: autoDraw = False
118.4667 	EXP 	responsefixationCrossDisplay: autoDraw = True
118.4667 	EXP 	responsefixationCrossDisplay: autoDraw = False
118.4834 	EXP 	responsefixationCrossDisplay: autoDraw = False
118.5000 	EXP 	responsefixationCrossDisplay: autoDraw = True
118.5000 	EXP 	responsefixationCrossDisplay: autoDraw = False
118.5167 	EXP 	responsefixationCrossDisplay: autoDraw = False
118.5334 	EXP 	responsefixationCrossDisplay: autoDraw = True
118.5334 	EXP 	responsefixationCrossDisplay: autoDraw = False
118.5500 	EXP 	responsefixationCrossDisplay: autoDraw = False
118.5667 	EXP 	responsefixationCrossDisplay: autoDraw = True
118.5667 	EXP 	responsefixationCrossDisplay: autoDraw = False
118.5834 	EXP 	responsefixationCrossDisplay: autoDraw = False
118.6001 	EXP 	responsefixationCrossDisplay: autoDraw = True
118.6001 	EXP 	responsefixationCrossDisplay: autoDraw = False
118.6167 	EXP 	responsefixationCrossDisplay: autoDraw = False
118.6335 	EXP 	responsefixationCrossDisplay: autoDraw = True
118.6335 	EXP 	responsefixationCrossDisplay: autoDraw = False
118.6502 	EXP 	responsefixationCrossDisplay: autoDraw = False
118.6668 	EXP 	responsefixationCrossDisplay: autoDraw = True
118.6668 	EXP 	responsefixationCrossDisplay: autoDraw = False
118.6834 	EXP 	responsefixationCrossDisplay: autoDraw = False
118.7002 	EXP 	responsefixationCrossDisplay: autoDraw = True
118.7002 	EXP 	responsefixationCrossDisplay: autoDraw = False
118.7167 	EXP 	responsefixationCrossDisplay: autoDraw = False
118.7335 	EXP 	responsefixationCrossDisplay: autoDraw = True
118.7335 	EXP 	responsefixationCrossDisplay: autoDraw = False
118.7502 	EXP 	responsefixationCrossDisplay: autoDraw = False
118.7668 	EXP 	responsefixationCrossDisplay: autoDraw = True
118.7668 	EXP 	responsefixationCrossDisplay: autoDraw = False
118.7834 	EXP 	responsefixationCrossDisplay: autoDraw = False
118.8001 	EXP 	responsefixationCrossDisplay: autoDraw = True
118.8001 	EXP 	responsefixationCrossDisplay: autoDraw = False
118.8168 	EXP 	responsefixationCrossDisplay: autoDraw = False
118.8334 	EXP 	responsefixationCrossDisplay: autoDraw = True
118.8334 	EXP 	responsefixationCrossDisplay: autoDraw = False
118.8501 	EXP 	responsefixationCrossDisplay: autoDraw = False
118.8527 	DATA 	Keypress: escape
118.8529 	EXP 	Device response: <KeyPress from None: t=118.84038229985163, value=escape, duration=None>
118.8668 	EXP 	responsefixationCrossDisplay: autoDraw = True
118.8668 	EXP 	responsefixationCrossDisplay: autoDraw = False
118.8834 	EXP 	responsefixationCrossDisplay: autoDraw = False
118.9001 	EXP 	responsefixationCrossDisplay: autoDraw = True
118.9001 	EXP 	responsefixationCrossDisplay: autoDraw = False
118.9167 	EXP 	responsefixationCrossDisplay: autoDraw = False
118.9334 	EXP 	responsefixationCrossDisplay: autoDraw = True
118.9334 	EXP 	responsefixationCrossDisplay: autoDraw = False
118.9501 	EXP 	responsefixationCrossDisplay: autoDraw = False
118.9667 	EXP 	responsefixationCrossDisplay: autoDraw = True
118.9667 	EXP 	responsefixationCrossDisplay: autoDraw = False
118.9834 	EXP 	responsefixationCrossDisplay: autoDraw = False
118.9999 	EXP 	responsefixationCrossDisplay: autoDraw = True
118.9999 	EXP 	responsefixationCrossDisplay: autoDraw = False
119.0167 	EXP 	responsefixationCrossDisplay: autoDraw = False
119.0333 	EXP 	responsefixationCrossDisplay: autoDraw = True
119.0333 	EXP 	responsefixationCrossDisplay: autoDraw = False
119.0500 	EXP 	responsefixationCrossDisplay: autoDraw = False
119.0668 	EXP 	responsefixationCrossDisplay: autoDraw = True
119.0668 	EXP 	responsefixationCrossDisplay: autoDraw = False
119.0697 	EXP 	Device response: <KeyPress from None: t=118.84038229985163, value=escape, duration=0.22518560010939837>
119.0697 	EXP 	SentenceDecisionTaskWhole: status = STOPPED
119.0833 	EXP 	responsefixationCrossDisplay: autoDraw = False
119.0833 	EXP 	StimuliText: autoDraw = False
119.0833 	EXP 	LeftResponseInstruction: autoDraw = False
119.0833 	EXP 	rightResponseInstruction: autoDraw = False
119.0859 	EXP 	SentenceDecisionTaskWhole: status = STOPPED
119.1791 	INFO 	saved data to C:\Users\Frances\Desktop\lab\sdtWhole\data\818425_SentenceDecisionTaskWhole_TrueFalse_2026-02-09_16h06.38.877.psydat
119.4096 	DEBUG 	Saving data for SentenceDecisionTaskWhole ExperimentHandler
119.4175 	WARNING 	Stopping key buffers but this could be dangerous ifother keyboards rely on the same.
119.4707 	WARNING 	Stopping key buffers but this could be dangerous ifother keyboards rely on the same.
119.4707 	WARNING 	Stopping key buffers but this could be dangerous ifother keyboards rely on the same.
119.4708 	WARNING 	Stopping key buffers but this could be dangerous ifother keyboards rely on the same.
